Copyright 1986-2021 Xilinx, Inc. All Rights Reserved.
-----------------------------------------------------------------------------------------------------------------------------------------------------------------------------------------------------
| Tool Version : Vivado v.2021.1 (win64) Build 3247384 Thu Jun 10 19:36:33 MDT 2021
| Date         : Fri Feb 27 13:56:17 2026
| Host         : DESKTOP-PQ1PAHT running 64-bit major release  (build 9200)
| Command      : report_timing_summary -max_paths 10 -file top_buzzer_timing_summary_routed.rpt -pb top_buzzer_timing_summary_routed.pb -rpx top_buzzer_timing_summary_routed.rpx -warn_on_violation
| Design       : top_buzzer
| Device       : 7a35t-cpg236
| Speed File   : -1  PRODUCTION 1.23 2018-06-13
-----------------------------------------------------------------------------------------------------------------------------------------------------------------------------------------------------

Timing Summary Report

------------------------------------------------------------------------------------------------
| Timer Settings
| --------------
------------------------------------------------------------------------------------------------

  Enable Multi Corner Analysis               :  Yes
  Enable Pessimism Removal                   :  Yes
  Pessimism Removal Resolution               :  Nearest Common Node
  Enable Input Delay Default Clock           :  No
  Enable Preset / Clear Arcs                 :  No
  Disable Flight Delays                      :  No
  Ignore I/O Paths                           :  No
  Timing Early Launch at Borrowing Latches   :  No
  Borrow Time for Max Delay Exceptions       :  Yes
  Merge Timing Exceptions                    :  Yes

  Corner  Analyze    Analyze    
  Name    Max Paths  Min Paths  
  ------  ---------  ---------  
  Slow    Yes        Yes        
  Fast    Yes        Yes        


------------------------------------------------------------------------------------------------
| Report Methodology
| ------------------
------------------------------------------------------------------------------------------------

Rule       Severity  Description                    Violations  
---------  --------  -----------------------------  ----------  
TIMING-18  Warning   Missing input or output delay  7           

Note: This report is based on the most recent report_methodology run and may not be up-to-date. Run report_methodology on the current design for the latest report.



check_timing report

Table of Contents
-----------------
1. checking no_clock (0)
2. checking constant_clock (0)
3. checking pulse_width_clock (0)
4. checking unconstrained_internal_endpoints (0)
5. checking no_input_delay (6)
6. checking no_output_delay (1)
7. checking multiple_clock (0)
8. checking generated_clocks (0)
9. checking loops (0)
10. checking partial_input_delay (0)
11. checking partial_output_delay (0)
12. checking latch_loops (0)

1. checking no_clock (0)
------------------------
 There are 0 register/latch pins with no clock.


2. checking constant_clock (0)
------------------------------
 There are 0 register/latch pins with constant_clock.


3. checking pulse_width_clock (0)
---------------------------------
 There are 0 register/latch pins which need pulse_width check


4. checking unconstrained_internal_endpoints (0)
------------------------------------------------
 There are 0 pins that are not constrained for maximum delay.

 There are 0 pins that are not constrained for maximum delay due to constant clock.


5. checking no_input_delay (6)
------------------------------
 There are 6 input ports with no input delay specified. (HIGH)

 There are 0 input ports with no input delay but user has a false path constraint.


6. checking no_output_delay (1)
-------------------------------
 There is 1 port with no output delay specified. (HIGH)

 There are 0 ports with no output delay but user has a false path constraint

 There are 0 ports with no output delay but with a timing clock defined on it or propagating through it


7. checking multiple_clock (0)
------------------------------
 There are 0 register/latch pins with multiple clocks.


8. checking generated_clocks (0)
--------------------------------
 There are 0 generated clocks that are not connected to a clock source.


9. checking loops (0)
---------------------
 There are 0 combinational loops in the design.


10. checking partial_input_delay (0)
------------------------------------
 There are 0 input ports with partial input delay specified.


11. checking partial_output_delay (0)
-------------------------------------
 There are 0 ports with partial output delay specified.


12. checking latch_loops (0)
----------------------------
 There are 0 combinational latch loops in the design through latch input



------------------------------------------------------------------------------------------------
| Design Timing Summary
| ---------------------
------------------------------------------------------------------------------------------------

    WNS(ns)      TNS(ns)  TNS Failing Endpoints  TNS Total Endpoints      WHS(ns)      THS(ns)  THS Failing Endpoints  THS Total Endpoints     WPWS(ns)     TPWS(ns)  TPWS Failing Endpoints  TPWS Total Endpoints  
    -------      -------  ---------------------  -------------------      -------      -------  ---------------------  -------------------     --------     --------  ----------------------  --------------------  
      5.919        0.000                      0                  220        0.197        0.000                      0                  220        4.500        0.000                       0                   221  


All user specified timing constraints are met.


------------------------------------------------------------------------------------------------
| Clock Summary
| -------------
------------------------------------------------------------------------------------------------

Clock        Waveform(ns)       Period(ns)      Frequency(MHz)
-----        ------------       ----------      --------------
sys_clk_pin  {0.000 5.000}      10.000          100.000         


------------------------------------------------------------------------------------------------
| Intra Clock Table
| -----------------
------------------------------------------------------------------------------------------------

Clock             WNS(ns)      TNS(ns)  TNS Failing Endpoints  TNS Total Endpoints      WHS(ns)      THS(ns)  THS Failing Endpoints  THS Total Endpoints     WPWS(ns)     TPWS(ns)  TPWS Failing Endpoints  TPWS Total Endpoints  
-----             -------      -------  ---------------------  -------------------      -------      -------  ---------------------  -------------------     --------     --------  ----------------------  --------------------  
sys_clk_pin         5.919        0.000                      0                  220        0.197        0.000                      0                  220        4.500        0.000                       0                   221  


------------------------------------------------------------------------------------------------
| Inter Clock Table
| -----------------
------------------------------------------------------------------------------------------------

From Clock    To Clock          WNS(ns)      TNS(ns)  TNS Failing Endpoints  TNS Total Endpoints      WHS(ns)      THS(ns)  THS Failing Endpoints  THS Total Endpoints  
----------    --------          -------      -------  ---------------------  -------------------      -------      -------  ---------------------  -------------------  


------------------------------------------------------------------------------------------------
| Other Path Groups Table
| -----------------------
------------------------------------------------------------------------------------------------

Path Group    From Clock    To Clock          WNS(ns)      TNS(ns)  TNS Failing Endpoints  TNS Total Endpoints      WHS(ns)      THS(ns)  THS Failing Endpoints  THS Total Endpoints  
----------    ----------    --------          -------      -------  ---------------------  -------------------      -------      -------  ---------------------  -------------------  


------------------------------------------------------------------------------------------------
| Timing Details
| --------------
------------------------------------------------------------------------------------------------


---------------------------------------------------------------------------------------------------
From Clock:  sys_clk_pin
  To Clock:  sys_clk_pin

Setup :            0  Failing Endpoints,  Worst Slack        5.919ns,  Total Violation        0.000ns
Hold  :            0  Failing Endpoints,  Worst Slack        0.197ns,  Total Violation        0.000ns
PW    :            0  Failing Endpoints,  Worst Slack        4.500ns,  Total Violation        0.000ns
---------------------------------------------------------------------------------------------------


Max Delay Paths
--------------------------------------------------------------------------------------
Slack (MET) :             5.919ns  (required time - arrival time)
  Source:                 u_btnR_debouncer/count_reg[11]/C
                            (rising edge-triggered cell FDCE clocked by sys_clk_pin  {rise@0.000ns fall@5.000ns period=10.000ns})
  Destination:            u_btnR_debouncer/count_reg[19]/D
                            (rising edge-triggered cell FDCE clocked by sys_clk_pin  {rise@0.000ns fall@5.000ns period=10.000ns})
  Path Group:             sys_clk_pin
  Path Type:              Setup (Max at Slow Process Corner)
  Requirement:            10.000ns  (sys_clk_pin rise@10.000ns - sys_clk_pin rise@0.000ns)
  Data Path Delay:        4.051ns  (logic 0.828ns (20.439%)  route 3.223ns (79.561%))
  Logic Levels:           3  (LUT5=1 LUT6=2)
  Clock Path Skew:        -0.026ns (DCD - SCD + CPR)
    Destination Clock Delay (DCD):    4.850ns = ( 14.850 - 10.000 ) 
    Source Clock Delay      (SCD):    5.148ns
    Clock Pessimism Removal (CPR):    0.272ns
  Clock Uncertainty:      0.035ns  ((TSJ^2 + TIJ^2)^1/2 + DJ) / 2 + PE
    Total System Jitter     (TSJ):    0.071ns
    Total Input Jitter      (TIJ):    0.000ns
    Discrete Jitter          (DJ):    0.000ns
    Phase Error              (PE):    0.000ns

    Location             Delay type                Incr(ns)  Path(ns)    Netlist Resource(s)
  -------------------------------------------------------------------    -------------------
                         (clock sys_clk_pin rise edge)
                                                      0.000     0.000 r  
    W5                                                0.000     0.000 r  clk (IN)
                         net (fo=0)                   0.000     0.000    clk
    W5                   IBUF (Prop_ibuf_I_O)         1.458     1.458 r  clk_IBUF_inst/O
                         net (fo=1, routed)           1.967     3.425    clk_IBUF
    BUFGCTRL_X0Y0        BUFG (Prop_bufg_I_O)         0.096     3.521 r  clk_IBUF_BUFG_inst/O
                         net (fo=220, routed)         1.627     5.148    u_btnR_debouncer/CLK
    SLICE_X0Y51          FDCE                                         r  u_btnR_debouncer/count_reg[11]/C
  -------------------------------------------------------------------    -------------------
    SLICE_X0Y51          FDCE (Prop_fdce_C_Q)         0.456     5.604 f  u_btnR_debouncer/count_reg[11]/Q
                         net (fo=2, routed)           1.347     6.951    u_btnR_debouncer/count_reg_n_0_[11]
    SLICE_X0Y51          LUT5 (Prop_lut5_I1_O)        0.124     7.075 r  u_btnR_debouncer/btn_state_i_5__2/O
                         net (fo=2, routed)           0.516     7.591    u_btnR_debouncer/btn_state_i_5__2_n_0
    SLICE_X2Y52          LUT6 (Prop_lut6_I0_O)        0.124     7.715 r  u_btnR_debouncer/btn_state_i_3__2/O
                         net (fo=21, routed)          1.360     9.075    u_btnR_debouncer/btn_state_i_3__2_n_0
    SLICE_X0Y53          LUT6 (Prop_lut6_I1_O)        0.124     9.199 r  u_btnR_debouncer/count[19]_i_1__2/O
                         net (fo=1, routed)           0.000     9.199    u_btnR_debouncer/count[19]_i_1__2_n_0
    SLICE_X0Y53          FDCE                                         r  u_btnR_debouncer/count_reg[19]/D
  -------------------------------------------------------------------    -------------------

                         (clock sys_clk_pin rise edge)
                                                     10.000    10.000 r  
    W5                                                0.000    10.000 r  clk (IN)
                         net (fo=0)                   0.000    10.000    clk
    W5                   IBUF (Prop_ibuf_I_O)         1.388    11.388 r  clk_IBUF_inst/O
                         net (fo=1, routed)           1.862    13.250    clk_IBUF
    BUFGCTRL_X0Y0        BUFG (Prop_bufg_I_O)         0.091    13.341 r  clk_IBUF_BUFG_inst/O
                         net (fo=220, routed)         1.509    14.850    u_btnR_debouncer/CLK
    SLICE_X0Y53          FDCE                                         r  u_btnR_debouncer/count_reg[19]/C
                         clock pessimism              0.272    15.122    
                         clock uncertainty           -0.035    15.087    
    SLICE_X0Y53          FDCE (Setup_fdce_C_D)        0.031    15.118    u_btnR_debouncer/count_reg[19]
  -------------------------------------------------------------------
                         required time                         15.118    
                         arrival time                          -9.199    
  -------------------------------------------------------------------
                         slack                                  5.919    

Slack (MET) :             5.955ns  (required time - arrival time)
  Source:                 u_btnL_debouncer/count_reg[0]/C
                            (rising edge-triggered cell FDCE clocked by sys_clk_pin  {rise@0.000ns fall@5.000ns period=10.000ns})
  Destination:            u_btnL_debouncer/count_reg[15]/D
                            (rising edge-triggered cell FDCE clocked by sys_clk_pin  {rise@0.000ns fall@5.000ns period=10.000ns})
  Path Group:             sys_clk_pin
  Path Type:              Setup (Max at Slow Process Corner)
  Requirement:            10.000ns  (sys_clk_pin rise@10.000ns - sys_clk_pin rise@0.000ns)
  Data Path Delay:        4.015ns  (logic 1.825ns (45.450%)  route 2.190ns (54.550%))
  Logic Levels:           5  (CARRY4=4 LUT6=1)
  Clock Path Skew:        -0.025ns (DCD - SCD + CPR)
    Destination Clock Delay (DCD):    4.859ns = ( 14.859 - 10.000 ) 
    Source Clock Delay      (SCD):    5.157ns
    Clock Pessimism Removal (CPR):    0.273ns
  Clock Uncertainty:      0.035ns  ((TSJ^2 + TIJ^2)^1/2 + DJ) / 2 + PE
    Total System Jitter     (TSJ):    0.071ns
    Total Input Jitter      (TIJ):    0.000ns
    Discrete Jitter          (DJ):    0.000ns
    Phase Error              (PE):    0.000ns

    Location             Delay type                Incr(ns)  Path(ns)    Netlist Resource(s)
  -------------------------------------------------------------------    -------------------
                         (clock sys_clk_pin rise edge)
                                                      0.000     0.000 r  
    W5                                                0.000     0.000 r  clk (IN)
                         net (fo=0)                   0.000     0.000    clk
    W5                   IBUF (Prop_ibuf_I_O)         1.458     1.458 r  clk_IBUF_inst/O
                         net (fo=1, routed)           1.967     3.425    clk_IBUF
    BUFGCTRL_X0Y0        BUFG (Prop_bufg_I_O)         0.096     3.521 r  clk_IBUF_BUFG_inst/O
                         net (fo=220, routed)         1.636     5.157    u_btnL_debouncer/CLK
    SLICE_X5Y47          FDCE                                         r  u_btnL_debouncer/count_reg[0]/C
  -------------------------------------------------------------------    -------------------
    SLICE_X5Y47          FDCE (Prop_fdce_C_Q)         0.456     5.613 r  u_btnL_debouncer/count_reg[0]/Q
                         net (fo=3, routed)           1.063     6.676    u_btnL_debouncer/count_reg_n_0_[0]
    SLICE_X6Y43          CARRY4 (Prop_carry4_CYINIT_CO[3])
                                                      0.595     7.271 r  u_btnL_debouncer/count0_carry/CO[3]
                         net (fo=1, routed)           0.000     7.271    u_btnL_debouncer/count0_carry_n_0
    SLICE_X6Y44          CARRY4 (Prop_carry4_CI_CO[3])
                                                      0.117     7.388 r  u_btnL_debouncer/count0_carry__0/CO[3]
                         net (fo=1, routed)           0.000     7.388    u_btnL_debouncer/count0_carry__0_n_0
    SLICE_X6Y45          CARRY4 (Prop_carry4_CI_CO[3])
                                                      0.117     7.505 r  u_btnL_debouncer/count0_carry__1/CO[3]
                         net (fo=1, routed)           0.000     7.505    u_btnL_debouncer/count0_carry__1_n_0
    SLICE_X6Y46          CARRY4 (Prop_carry4_CI_O[2])
                                                      0.239     7.744 r  u_btnL_debouncer/count0_carry__2/O[2]
                         net (fo=1, routed)           1.128     8.872    u_btnL_debouncer/count0_carry__2_n_5
    SLICE_X7Y47          LUT6 (Prop_lut6_I5_O)        0.301     9.173 r  u_btnL_debouncer/count[15]_i_1__0/O
                         net (fo=1, routed)           0.000     9.173    u_btnL_debouncer/count[15]_i_1__0_n_0
    SLICE_X7Y47          FDCE                                         r  u_btnL_debouncer/count_reg[15]/D
  -------------------------------------------------------------------    -------------------

                         (clock sys_clk_pin rise edge)
                                                     10.000    10.000 r  
    W5                                                0.000    10.000 r  clk (IN)
                         net (fo=0)                   0.000    10.000    clk
    W5                   IBUF (Prop_ibuf_I_O)         1.388    11.388 r  clk_IBUF_inst/O
                         net (fo=1, routed)           1.862    13.250    clk_IBUF
    BUFGCTRL_X0Y0        BUFG (Prop_bufg_I_O)         0.091    13.341 r  clk_IBUF_BUFG_inst/O
                         net (fo=220, routed)         1.518    14.859    u_btnL_debouncer/CLK
    SLICE_X7Y47          FDCE                                         r  u_btnL_debouncer/count_reg[15]/C
                         clock pessimism              0.273    15.132    
                         clock uncertainty           -0.035    15.097    
    SLICE_X7Y47          FDCE (Setup_fdce_C_D)        0.031    15.128    u_btnL_debouncer/count_reg[15]
  -------------------------------------------------------------------
                         required time                         15.128    
                         arrival time                          -9.173    
  -------------------------------------------------------------------
                         slack                                  5.955    

Slack (MET) :             5.956ns  (required time - arrival time)
  Source:                 u_btnR_debouncer/count_reg[11]/C
                            (rising edge-triggered cell FDCE clocked by sys_clk_pin  {rise@0.000ns fall@5.000ns period=10.000ns})
  Destination:            u_btnR_debouncer/btn_state_reg/CE
                            (rising edge-triggered cell FDCE clocked by sys_clk_pin  {rise@0.000ns fall@5.000ns period=10.000ns})
  Path Group:             sys_clk_pin
  Path Type:              Setup (Max at Slow Process Corner)
  Requirement:            10.000ns  (sys_clk_pin rise@10.000ns - sys_clk_pin rise@0.000ns)
  Data Path Delay:        3.697ns  (logic 0.828ns (22.398%)  route 2.869ns (77.602%))
  Logic Levels:           3  (LUT5=1 LUT6=2)
  Clock Path Skew:        -0.107ns (DCD - SCD + CPR)
    Destination Clock Delay (DCD):    4.861ns = ( 14.861 - 10.000 ) 
    Source Clock Delay      (SCD):    5.148ns
    Clock Pessimism Removal (CPR):    0.180ns
  Clock Uncertainty:      0.035ns  ((TSJ^2 + TIJ^2)^1/2 + DJ) / 2 + PE
    Total System Jitter     (TSJ):    0.071ns
    Total Input Jitter      (TIJ):    0.000ns
    Discrete Jitter          (DJ):    0.000ns
    Phase Error              (PE):    0.000ns

    Location             Delay type                Incr(ns)  Path(ns)    Netlist Resource(s)
  -------------------------------------------------------------------    -------------------
                         (clock sys_clk_pin rise edge)
                                                      0.000     0.000 r  
    W5                                                0.000     0.000 r  clk (IN)
                         net (fo=0)                   0.000     0.000    clk
    W5                   IBUF (Prop_ibuf_I_O)         1.458     1.458 r  clk_IBUF_inst/O
                         net (fo=1, routed)           1.967     3.425    clk_IBUF
    BUFGCTRL_X0Y0        BUFG (Prop_bufg_I_O)         0.096     3.521 r  clk_IBUF_BUFG_inst/O
                         net (fo=220, routed)         1.627     5.148    u_btnR_debouncer/CLK
    SLICE_X0Y51          FDCE                                         r  u_btnR_debouncer/count_reg[11]/C
  -------------------------------------------------------------------    -------------------
    SLICE_X0Y51          FDCE (Prop_fdce_C_Q)         0.456     5.604 r  u_btnR_debouncer/count_reg[11]/Q
                         net (fo=2, routed)           1.347     6.951    u_btnR_debouncer/count_reg_n_0_[11]
    SLICE_X0Y51          LUT5 (Prop_lut5_I1_O)        0.124     7.075 f  u_btnR_debouncer/btn_state_i_5__2/O
                         net (fo=2, routed)           0.516     7.591    u_btnR_debouncer/btn_state_i_5__2_n_0
    SLICE_X2Y52          LUT6 (Prop_lut6_I0_O)        0.124     7.715 f  u_btnR_debouncer/btn_state_i_3__2/O
                         net (fo=21, routed)          0.816     8.531    u_btnR_debouncer/btn_state_i_3__2_n_0
    SLICE_X2Y49          LUT6 (Prop_lut6_I5_O)        0.124     8.655 r  u_btnR_debouncer/btn_state_i_1__2/O
                         net (fo=1, routed)           0.190     8.845    u_btnR_debouncer/btn_state
    SLICE_X3Y49          FDCE                                         r  u_btnR_debouncer/btn_state_reg/CE
  -------------------------------------------------------------------    -------------------

                         (clock sys_clk_pin rise edge)
                                                     10.000    10.000 r  
    W5                                                0.000    10.000 r  clk (IN)
                         net (fo=0)                   0.000    10.000    clk
    W5                   IBUF (Prop_ibuf_I_O)         1.388    11.388 r  clk_IBUF_inst/O
                         net (fo=1, routed)           1.862    13.250    clk_IBUF
    BUFGCTRL_X0Y0        BUFG (Prop_bufg_I_O)         0.091    13.341 r  clk_IBUF_BUFG_inst/O
                         net (fo=220, routed)         1.520    14.861    u_btnR_debouncer/CLK
    SLICE_X3Y49          FDCE                                         r  u_btnR_debouncer/btn_state_reg/C
                         clock pessimism              0.180    15.041    
                         clock uncertainty           -0.035    15.006    
    SLICE_X3Y49          FDCE (Setup_fdce_C_CE)      -0.205    14.801    u_btnR_debouncer/btn_state_reg
  -------------------------------------------------------------------
                         required time                         14.801    
                         arrival time                          -8.845    
  -------------------------------------------------------------------
                         slack                                  5.956    

Slack (MET) :             6.010ns  (required time - arrival time)
  Source:                 u_play_melody/r_clk_cnt_reg[0][14]/C
                            (rising edge-triggered cell FDCE clocked by sys_clk_pin  {rise@0.000ns fall@5.000ns period=10.000ns})
  Destination:            u_play_melody/r_clk_cnt_reg[0][17]/D
                            (rising edge-triggered cell FDCE clocked by sys_clk_pin  {rise@0.000ns fall@5.000ns period=10.000ns})
  Path Group:             sys_clk_pin
  Path Type:              Setup (Max at Slow Process Corner)
  Requirement:            10.000ns  (sys_clk_pin rise@10.000ns - sys_clk_pin rise@0.000ns)
  Data Path Delay:        3.960ns  (logic 0.890ns (22.475%)  route 3.070ns (77.525%))
  Logic Levels:           3  (LUT5=2 LUT6=1)
  Clock Path Skew:        -0.024ns (DCD - SCD + CPR)
    Destination Clock Delay (DCD):    4.858ns = ( 14.858 - 10.000 ) 
    Source Clock Delay      (SCD):    5.156ns
    Clock Pessimism Removal (CPR):    0.274ns
  Clock Uncertainty:      0.035ns  ((TSJ^2 + TIJ^2)^1/2 + DJ) / 2 + PE
    Total System Jitter     (TSJ):    0.071ns
    Total Input Jitter      (TIJ):    0.000ns
    Discrete Jitter          (DJ):    0.000ns
    Phase Error              (PE):    0.000ns

    Location             Delay type                Incr(ns)  Path(ns)    Netlist Resource(s)
  -------------------------------------------------------------------    -------------------
                         (clock sys_clk_pin rise edge)
                                                      0.000     0.000 r  
    W5                                                0.000     0.000 r  clk (IN)
                         net (fo=0)                   0.000     0.000    clk
    W5                   IBUF (Prop_ibuf_I_O)         1.458     1.458 r  clk_IBUF_inst/O
                         net (fo=1, routed)           1.967     3.425    clk_IBUF
    BUFGCTRL_X0Y0        BUFG (Prop_bufg_I_O)         0.096     3.521 r  clk_IBUF_BUFG_inst/O
                         net (fo=220, routed)         1.635     5.156    u_play_melody/CLK
    SLICE_X2Y38          FDCE                                         r  u_play_melody/r_clk_cnt_reg[0][14]/C
  -------------------------------------------------------------------    -------------------
    SLICE_X2Y38          FDCE (Prop_fdce_C_Q)         0.518     5.674 f  u_play_melody/r_clk_cnt_reg[0][14]/Q
                         net (fo=3, routed)           0.828     6.502    u_play_melody/r_clk_cnt_reg[0][14]
    SLICE_X2Y39          LUT5 (Prop_lut5_I3_O)        0.124     6.626 f  u_play_melody/r_clk_cnt[0][21]_i_4/O
                         net (fo=1, routed)           1.086     7.712    u_play_melody/r_clk_cnt[0][21]_i_4_n_0
    SLICE_X2Y36          LUT6 (Prop_lut6_I0_O)        0.124     7.836 f  u_play_melody/r_clk_cnt[0][21]_i_2/O
                         net (fo=23, routed)          1.156     8.992    u_play_melody/r_clk_cnt[0][21]_i_2_n_0
    SLICE_X1Y39          LUT5 (Prop_lut5_I3_O)        0.124     9.116 r  u_play_melody/r_clk_cnt[0][17]_i_1/O
                         net (fo=1, routed)           0.000     9.116    u_play_melody/r_clk_cnt[0][17]_i_1_n_0
    SLICE_X1Y39          FDCE                                         r  u_play_melody/r_clk_cnt_reg[0][17]/D
  -------------------------------------------------------------------    -------------------

                         (clock sys_clk_pin rise edge)
                                                     10.000    10.000 r  
    W5                                                0.000    10.000 r  clk (IN)
                         net (fo=0)                   0.000    10.000    clk
    W5                   IBUF (Prop_ibuf_I_O)         1.388    11.388 r  clk_IBUF_inst/O
                         net (fo=1, routed)           1.862    13.250    clk_IBUF
    BUFGCTRL_X0Y0        BUFG (Prop_bufg_I_O)         0.091    13.341 r  clk_IBUF_BUFG_inst/O
                         net (fo=220, routed)         1.517    14.858    u_play_melody/CLK
    SLICE_X1Y39          FDCE                                         r  u_play_melody/r_clk_cnt_reg[0][17]/C
                         clock pessimism              0.274    15.132    
                         clock uncertainty           -0.035    15.097    
    SLICE_X1Y39          FDCE (Setup_fdce_C_D)        0.029    15.126    u_play_melody/r_clk_cnt_reg[0][17]
  -------------------------------------------------------------------
                         required time                         15.126    
                         arrival time                          -9.116    
  -------------------------------------------------------------------
                         slack                                  6.010    

Slack (MET) :             6.014ns  (required time - arrival time)
  Source:                 u_play_melody/r_clk_cnt_reg[0][14]/C
                            (rising edge-triggered cell FDCE clocked by sys_clk_pin  {rise@0.000ns fall@5.000ns period=10.000ns})
  Destination:            u_play_melody/r_clk_cnt_reg[0][18]/D
                            (rising edge-triggered cell FDCE clocked by sys_clk_pin  {rise@0.000ns fall@5.000ns period=10.000ns})
  Path Group:             sys_clk_pin
  Path Type:              Setup (Max at Slow Process Corner)
  Requirement:            10.000ns  (sys_clk_pin rise@10.000ns - sys_clk_pin rise@0.000ns)
  Data Path Delay:        3.958ns  (logic 0.890ns (22.487%)  route 3.068ns (77.513%))
  Logic Levels:           3  (LUT5=2 LUT6=1)
  Clock Path Skew:        -0.024ns (DCD - SCD + CPR)
    Destination Clock Delay (DCD):    4.858ns = ( 14.858 - 10.000 ) 
    Source Clock Delay      (SCD):    5.156ns
    Clock Pessimism Removal (CPR):    0.274ns
  Clock Uncertainty:      0.035ns  ((TSJ^2 + TIJ^2)^1/2 + DJ) / 2 + PE
    Total System Jitter     (TSJ):    0.071ns
    Total Input Jitter      (TIJ):    0.000ns
    Discrete Jitter          (DJ):    0.000ns
    Phase Error              (PE):    0.000ns

    Location             Delay type                Incr(ns)  Path(ns)    Netlist Resource(s)
  -------------------------------------------------------------------    -------------------
                         (clock sys_clk_pin rise edge)
                                                      0.000     0.000 r  
    W5                                                0.000     0.000 r  clk (IN)
                         net (fo=0)                   0.000     0.000    clk
    W5                   IBUF (Prop_ibuf_I_O)         1.458     1.458 r  clk_IBUF_inst/O
                         net (fo=1, routed)           1.967     3.425    clk_IBUF
    BUFGCTRL_X0Y0        BUFG (Prop_bufg_I_O)         0.096     3.521 r  clk_IBUF_BUFG_inst/O
                         net (fo=220, routed)         1.635     5.156    u_play_melody/CLK
    SLICE_X2Y38          FDCE                                         r  u_play_melody/r_clk_cnt_reg[0][14]/C
  -------------------------------------------------------------------    -------------------
    SLICE_X2Y38          FDCE (Prop_fdce_C_Q)         0.518     5.674 f  u_play_melody/r_clk_cnt_reg[0][14]/Q
                         net (fo=3, routed)           0.828     6.502    u_play_melody/r_clk_cnt_reg[0][14]
    SLICE_X2Y39          LUT5 (Prop_lut5_I3_O)        0.124     6.626 f  u_play_melody/r_clk_cnt[0][21]_i_4/O
                         net (fo=1, routed)           1.086     7.712    u_play_melody/r_clk_cnt[0][21]_i_4_n_0
    SLICE_X2Y36          LUT6 (Prop_lut6_I0_O)        0.124     7.836 f  u_play_melody/r_clk_cnt[0][21]_i_2/O
                         net (fo=23, routed)          1.154     8.990    u_play_melody/r_clk_cnt[0][21]_i_2_n_0
    SLICE_X1Y39          LUT5 (Prop_lut5_I3_O)        0.124     9.114 r  u_play_melody/r_clk_cnt[0][18]_i_1/O
                         net (fo=1, routed)           0.000     9.114    u_play_melody/r_clk_cnt[0][18]_i_1_n_0
    SLICE_X1Y39          FDCE                                         r  u_play_melody/r_clk_cnt_reg[0][18]/D
  -------------------------------------------------------------------    -------------------

                         (clock sys_clk_pin rise edge)
                                                     10.000    10.000 r  
    W5                                                0.000    10.000 r  clk (IN)
                         net (fo=0)                   0.000    10.000    clk
    W5                   IBUF (Prop_ibuf_I_O)         1.388    11.388 r  clk_IBUF_inst/O
                         net (fo=1, routed)           1.862    13.250    clk_IBUF
    BUFGCTRL_X0Y0        BUFG (Prop_bufg_I_O)         0.091    13.341 r  clk_IBUF_BUFG_inst/O
                         net (fo=220, routed)         1.517    14.858    u_play_melody/CLK
    SLICE_X1Y39          FDCE                                         r  u_play_melody/r_clk_cnt_reg[0][18]/C
                         clock pessimism              0.274    15.132    
                         clock uncertainty           -0.035    15.097    
    SLICE_X1Y39          FDCE (Setup_fdce_C_D)        0.031    15.128    u_play_melody/r_clk_cnt_reg[0][18]
  -------------------------------------------------------------------
                         required time                         15.128    
                         arrival time                          -9.114    
  -------------------------------------------------------------------
                         slack                                  6.014    

Slack (MET) :             6.018ns  (required time - arrival time)
  Source:                 u_play_melody/r_clk_cnt_reg[3][20]/C
                            (rising edge-triggered cell FDCE clocked by sys_clk_pin  {rise@0.000ns fall@5.000ns period=10.000ns})
  Destination:            u_play_melody/r_clk_cnt_reg[3][1]/D
                            (rising edge-triggered cell FDCE clocked by sys_clk_pin  {rise@0.000ns fall@5.000ns period=10.000ns})
  Path Group:             sys_clk_pin
  Path Type:              Setup (Max at Slow Process Corner)
  Requirement:            10.000ns  (sys_clk_pin rise@10.000ns - sys_clk_pin rise@0.000ns)
  Data Path Delay:        3.936ns  (logic 1.029ns (26.144%)  route 2.907ns (73.856%))
  Logic Levels:           2  (LUT3=1 LUT6=1)
  Clock Path Skew:        -0.042ns (DCD - SCD + CPR)
    Destination Clock Delay (DCD):    4.858ns = ( 14.858 - 10.000 ) 
    Source Clock Delay      (SCD):    5.160ns
    Clock Pessimism Removal (CPR):    0.260ns
  Clock Uncertainty:      0.035ns  ((TSJ^2 + TIJ^2)^1/2 + DJ) / 2 + PE
    Total System Jitter     (TSJ):    0.071ns
    Total Input Jitter      (TIJ):    0.000ns
    Discrete Jitter          (DJ):    0.000ns
    Phase Error              (PE):    0.000ns

    Location             Delay type                Incr(ns)  Path(ns)    Netlist Resource(s)
  -------------------------------------------------------------------    -------------------
                         (clock sys_clk_pin rise edge)
                                                      0.000     0.000 r  
    W5                                                0.000     0.000 r  clk (IN)
                         net (fo=0)                   0.000     0.000    clk
    W5                   IBUF (Prop_ibuf_I_O)         1.458     1.458 r  clk_IBUF_inst/O
                         net (fo=1, routed)           1.967     3.425    clk_IBUF
    BUFGCTRL_X0Y0        BUFG (Prop_bufg_I_O)         0.096     3.521 r  clk_IBUF_BUFG_inst/O
                         net (fo=220, routed)         1.639     5.160    u_play_melody/CLK
    SLICE_X2Y48          FDCE                                         r  u_play_melody/r_clk_cnt_reg[3][20]/C
  -------------------------------------------------------------------    -------------------
    SLICE_X2Y48          FDCE (Prop_fdce_C_Q)         0.518     5.678 f  u_play_melody/r_clk_cnt_reg[3][20]/Q
                         net (fo=2, routed)           0.889     6.568    u_play_melody/r_clk_cnt_reg[3][20]
    SLICE_X2Y48          LUT3 (Prop_lut3_I0_O)        0.156     6.724 f  u_play_melody/r_clk_cnt[3][21]_i_2/O
                         net (fo=23, routed)          2.017     8.741    u_play_melody/r_clk_cnt[3][21]_i_2_n_0
    SLICE_X4Y44          LUT6 (Prop_lut6_I1_O)        0.355     9.096 r  u_play_melody/r_clk_cnt[3][1]_i_1/O
                         net (fo=1, routed)           0.000     9.096    u_play_melody/r_clk_cnt[3][1]_i_1_n_0
    SLICE_X4Y44          FDCE                                         r  u_play_melody/r_clk_cnt_reg[3][1]/D
  -------------------------------------------------------------------    -------------------

                         (clock sys_clk_pin rise edge)
                                                     10.000    10.000 r  
    W5                                                0.000    10.000 r  clk (IN)
                         net (fo=0)                   0.000    10.000    clk
    W5                   IBUF (Prop_ibuf_I_O)         1.388    11.388 r  clk_IBUF_inst/O
                         net (fo=1, routed)           1.862    13.250    clk_IBUF
    BUFGCTRL_X0Y0        BUFG (Prop_bufg_I_O)         0.091    13.341 r  clk_IBUF_BUFG_inst/O
                         net (fo=220, routed)         1.517    14.858    u_play_melody/CLK
    SLICE_X4Y44          FDCE                                         r  u_play_melody/r_clk_cnt_reg[3][1]/C
                         clock pessimism              0.260    15.118    
                         clock uncertainty           -0.035    15.083    
    SLICE_X4Y44          FDCE (Setup_fdce_C_D)        0.031    15.114    u_play_melody/r_clk_cnt_reg[3][1]
  -------------------------------------------------------------------
                         required time                         15.114    
                         arrival time                          -9.096    
  -------------------------------------------------------------------
                         slack                                  6.018    

Slack (MET) :             6.018ns  (required time - arrival time)
  Source:                 u_play_melody/r_clk_cnt_reg[3][20]/C
                            (rising edge-triggered cell FDCE clocked by sys_clk_pin  {rise@0.000ns fall@5.000ns period=10.000ns})
  Destination:            u_play_melody/r_clk_cnt_reg[3][0]/D
                            (rising edge-triggered cell FDCE clocked by sys_clk_pin  {rise@0.000ns fall@5.000ns period=10.000ns})
  Path Group:             sys_clk_pin
  Path Type:              Setup (Max at Slow Process Corner)
  Requirement:            10.000ns  (sys_clk_pin rise@10.000ns - sys_clk_pin rise@0.000ns)
  Data Path Delay:        3.933ns  (logic 1.029ns (26.162%)  route 2.904ns (73.838%))
  Logic Levels:           2  (LUT3=1 LUT6=1)
  Clock Path Skew:        -0.042ns (DCD - SCD + CPR)
    Destination Clock Delay (DCD):    4.858ns = ( 14.858 - 10.000 ) 
    Source Clock Delay      (SCD):    5.160ns
    Clock Pessimism Removal (CPR):    0.260ns
  Clock Uncertainty:      0.035ns  ((TSJ^2 + TIJ^2)^1/2 + DJ) / 2 + PE
    Total System Jitter     (TSJ):    0.071ns
    Total Input Jitter      (TIJ):    0.000ns
    Discrete Jitter          (DJ):    0.000ns
    Phase Error              (PE):    0.000ns

    Location             Delay type                Incr(ns)  Path(ns)    Netlist Resource(s)
  -------------------------------------------------------------------    -------------------
                         (clock sys_clk_pin rise edge)
                                                      0.000     0.000 r  
    W5                                                0.000     0.000 r  clk (IN)
                         net (fo=0)                   0.000     0.000    clk
    W5                   IBUF (Prop_ibuf_I_O)         1.458     1.458 r  clk_IBUF_inst/O
                         net (fo=1, routed)           1.967     3.425    clk_IBUF
    BUFGCTRL_X0Y0        BUFG (Prop_bufg_I_O)         0.096     3.521 r  clk_IBUF_BUFG_inst/O
                         net (fo=220, routed)         1.639     5.160    u_play_melody/CLK
    SLICE_X2Y48          FDCE                                         r  u_play_melody/r_clk_cnt_reg[3][20]/C
  -------------------------------------------------------------------    -------------------
    SLICE_X2Y48          FDCE (Prop_fdce_C_Q)         0.518     5.678 f  u_play_melody/r_clk_cnt_reg[3][20]/Q
                         net (fo=2, routed)           0.889     6.568    u_play_melody/r_clk_cnt_reg[3][20]
    SLICE_X2Y48          LUT3 (Prop_lut3_I0_O)        0.156     6.724 f  u_play_melody/r_clk_cnt[3][21]_i_2/O
                         net (fo=23, routed)          2.015     8.738    u_play_melody/r_clk_cnt[3][21]_i_2_n_0
    SLICE_X4Y44          LUT6 (Prop_lut6_I0_O)        0.355     9.093 r  u_play_melody/r_clk_cnt[3][0]_i_1/O
                         net (fo=1, routed)           0.000     9.093    u_play_melody/r_clk_cnt[3][0]_i_1_n_0
    SLICE_X4Y44          FDCE                                         r  u_play_melody/r_clk_cnt_reg[3][0]/D
  -------------------------------------------------------------------    -------------------

                         (clock sys_clk_pin rise edge)
                                                     10.000    10.000 r  
    W5                                                0.000    10.000 r  clk (IN)
                         net (fo=0)                   0.000    10.000    clk
    W5                   IBUF (Prop_ibuf_I_O)         1.388    11.388 r  clk_IBUF_inst/O
                         net (fo=1, routed)           1.862    13.250    clk_IBUF
    BUFGCTRL_X0Y0        BUFG (Prop_bufg_I_O)         0.091    13.341 r  clk_IBUF_BUFG_inst/O
                         net (fo=220, routed)         1.517    14.858    u_play_melody/CLK
    SLICE_X4Y44          FDCE                                         r  u_play_melody/r_clk_cnt_reg[3][0]/C
                         clock pessimism              0.260    15.118    
                         clock uncertainty           -0.035    15.083    
    SLICE_X4Y44          FDCE (Setup_fdce_C_D)        0.029    15.112    u_play_melody/r_clk_cnt_reg[3][0]
  -------------------------------------------------------------------
                         required time                         15.112    
                         arrival time                          -9.093    
  -------------------------------------------------------------------
                         slack                                  6.018    

Slack (MET) :             6.078ns  (required time - arrival time)
  Source:                 u_btnR_debouncer/count_reg[11]/C
                            (rising edge-triggered cell FDCE clocked by sys_clk_pin  {rise@0.000ns fall@5.000ns period=10.000ns})
  Destination:            u_btnR_debouncer/count_reg[16]/D
                            (rising edge-triggered cell FDCE clocked by sys_clk_pin  {rise@0.000ns fall@5.000ns period=10.000ns})
  Path Group:             sys_clk_pin
  Path Type:              Setup (Max at Slow Process Corner)
  Requirement:            10.000ns  (sys_clk_pin rise@10.000ns - sys_clk_pin rise@0.000ns)
  Data Path Delay:        3.893ns  (logic 0.828ns (21.268%)  route 3.065ns (78.732%))
  Logic Levels:           3  (LUT5=1 LUT6=2)
  Clock Path Skew:        -0.025ns (DCD - SCD + CPR)
    Destination Clock Delay (DCD):    4.851ns = ( 14.851 - 10.000 ) 
    Source Clock Delay      (SCD):    5.148ns
    Clock Pessimism Removal (CPR):    0.272ns
  Clock Uncertainty:      0.035ns  ((TSJ^2 + TIJ^2)^1/2 + DJ) / 2 + PE
    Total System Jitter     (TSJ):    0.071ns
    Total Input Jitter      (TIJ):    0.000ns
    Discrete Jitter          (DJ):    0.000ns
    Phase Error              (PE):    0.000ns

    Location             Delay type                Incr(ns)  Path(ns)    Netlist Resource(s)
  -------------------------------------------------------------------    -------------------
                         (clock sys_clk_pin rise edge)
                                                      0.000     0.000 r  
    W5                                                0.000     0.000 r  clk (IN)
                         net (fo=0)                   0.000     0.000    clk
    W5                   IBUF (Prop_ibuf_I_O)         1.458     1.458 r  clk_IBUF_inst/O
                         net (fo=1, routed)           1.967     3.425    clk_IBUF
    BUFGCTRL_X0Y0        BUFG (Prop_bufg_I_O)         0.096     3.521 r  clk_IBUF_BUFG_inst/O
                         net (fo=220, routed)         1.627     5.148    u_btnR_debouncer/CLK
    SLICE_X0Y51          FDCE                                         r  u_btnR_debouncer/count_reg[11]/C
  -------------------------------------------------------------------    -------------------
    SLICE_X0Y51          FDCE (Prop_fdce_C_Q)         0.456     5.604 f  u_btnR_debouncer/count_reg[11]/Q
                         net (fo=2, routed)           1.347     6.951    u_btnR_debouncer/count_reg_n_0_[11]
    SLICE_X0Y51          LUT5 (Prop_lut5_I1_O)        0.124     7.075 r  u_btnR_debouncer/btn_state_i_5__2/O
                         net (fo=2, routed)           0.516     7.591    u_btnR_debouncer/btn_state_i_5__2_n_0
    SLICE_X2Y52          LUT6 (Prop_lut6_I0_O)        0.124     7.715 r  u_btnR_debouncer/btn_state_i_3__2/O
                         net (fo=21, routed)          1.202     8.917    u_btnR_debouncer/btn_state_i_3__2_n_0
    SLICE_X0Y52          LUT6 (Prop_lut6_I1_O)        0.124     9.041 r  u_btnR_debouncer/count[16]_i_1__2/O
                         net (fo=1, routed)           0.000     9.041    u_btnR_debouncer/count[16]_i_1__2_n_0
    SLICE_X0Y52          FDCE                                         r  u_btnR_debouncer/count_reg[16]/D
  -------------------------------------------------------------------    -------------------

                         (clock sys_clk_pin rise edge)
                                                     10.000    10.000 r  
    W5                                                0.000    10.000 r  clk (IN)
                         net (fo=0)                   0.000    10.000    clk
    W5                   IBUF (Prop_ibuf_I_O)         1.388    11.388 r  clk_IBUF_inst/O
                         net (fo=1, routed)           1.862    13.250    clk_IBUF
    BUFGCTRL_X0Y0        BUFG (Prop_bufg_I_O)         0.091    13.341 r  clk_IBUF_BUFG_inst/O
                         net (fo=220, routed)         1.510    14.851    u_btnR_debouncer/CLK
    SLICE_X0Y52          FDCE                                         r  u_btnR_debouncer/count_reg[16]/C
                         clock pessimism              0.272    15.123    
                         clock uncertainty           -0.035    15.088    
    SLICE_X0Y52          FDCE (Setup_fdce_C_D)        0.032    15.120    u_btnR_debouncer/count_reg[16]
  -------------------------------------------------------------------
                         required time                         15.120    
                         arrival time                          -9.041    
  -------------------------------------------------------------------
                         slack                                  6.078    

Slack (MET) :             6.079ns  (required time - arrival time)
  Source:                 u_btnR_debouncer/count_reg[11]/C
                            (rising edge-triggered cell FDCE clocked by sys_clk_pin  {rise@0.000ns fall@5.000ns period=10.000ns})
  Destination:            u_btnR_debouncer/count_reg[15]/D
                            (rising edge-triggered cell FDCE clocked by sys_clk_pin  {rise@0.000ns fall@5.000ns period=10.000ns})
  Path Group:             sys_clk_pin
  Path Type:              Setup (Max at Slow Process Corner)
  Requirement:            10.000ns  (sys_clk_pin rise@10.000ns - sys_clk_pin rise@0.000ns)
  Data Path Delay:        3.892ns  (logic 0.828ns (21.275%)  route 3.064ns (78.725%))
  Logic Levels:           3  (LUT5=1 LUT6=2)
  Clock Path Skew:        -0.025ns (DCD - SCD + CPR)
    Destination Clock Delay (DCD):    4.851ns = ( 14.851 - 10.000 ) 
    Source Clock Delay      (SCD):    5.148ns
    Clock Pessimism Removal (CPR):    0.272ns
  Clock Uncertainty:      0.035ns  ((TSJ^2 + TIJ^2)^1/2 + DJ) / 2 + PE
    Total System Jitter     (TSJ):    0.071ns
    Total Input Jitter      (TIJ):    0.000ns
    Discrete Jitter          (DJ):    0.000ns
    Phase Error              (PE):    0.000ns

    Location             Delay type                Incr(ns)  Path(ns)    Netlist Resource(s)
  -------------------------------------------------------------------    -------------------
                         (clock sys_clk_pin rise edge)
                                                      0.000     0.000 r  
    W5                                                0.000     0.000 r  clk (IN)
                         net (fo=0)                   0.000     0.000    clk
    W5                   IBUF (Prop_ibuf_I_O)         1.458     1.458 r  clk_IBUF_inst/O
                         net (fo=1, routed)           1.967     3.425    clk_IBUF
    BUFGCTRL_X0Y0        BUFG (Prop_bufg_I_O)         0.096     3.521 r  clk_IBUF_BUFG_inst/O
                         net (fo=220, routed)         1.627     5.148    u_btnR_debouncer/CLK
    SLICE_X0Y51          FDCE                                         r  u_btnR_debouncer/count_reg[11]/C
  -------------------------------------------------------------------    -------------------
    SLICE_X0Y51          FDCE (Prop_fdce_C_Q)         0.456     5.604 f  u_btnR_debouncer/count_reg[11]/Q
                         net (fo=2, routed)           1.347     6.951    u_btnR_debouncer/count_reg_n_0_[11]
    SLICE_X0Y51          LUT5 (Prop_lut5_I1_O)        0.124     7.075 r  u_btnR_debouncer/btn_state_i_5__2/O
                         net (fo=2, routed)           0.516     7.591    u_btnR_debouncer/btn_state_i_5__2_n_0
    SLICE_X2Y52          LUT6 (Prop_lut6_I0_O)        0.124     7.715 r  u_btnR_debouncer/btn_state_i_3__2/O
                         net (fo=21, routed)          1.201     8.916    u_btnR_debouncer/btn_state_i_3__2_n_0
    SLICE_X0Y52          LUT6 (Prop_lut6_I1_O)        0.124     9.040 r  u_btnR_debouncer/count[15]_i_1__2/O
                         net (fo=1, routed)           0.000     9.040    u_btnR_debouncer/count[15]_i_1__2_n_0
    SLICE_X0Y52          FDCE                                         r  u_btnR_debouncer/count_reg[15]/D
  -------------------------------------------------------------------    -------------------

                         (clock sys_clk_pin rise edge)
                                                     10.000    10.000 r  
    W5                                                0.000    10.000 r  clk (IN)
                         net (fo=0)                   0.000    10.000    clk
    W5                   IBUF (Prop_ibuf_I_O)         1.388    11.388 r  clk_IBUF_inst/O
                         net (fo=1, routed)           1.862    13.250    clk_IBUF
    BUFGCTRL_X0Y0        BUFG (Prop_bufg_I_O)         0.091    13.341 r  clk_IBUF_BUFG_inst/O
                         net (fo=220, routed)         1.510    14.851    u_btnR_debouncer/CLK
    SLICE_X0Y52          FDCE                                         r  u_btnR_debouncer/count_reg[15]/C
                         clock pessimism              0.272    15.123    
                         clock uncertainty           -0.035    15.088    
    SLICE_X0Y52          FDCE (Setup_fdce_C_D)        0.031    15.119    u_btnR_debouncer/count_reg[15]
  -------------------------------------------------------------------
                         required time                         15.119    
                         arrival time                          -9.040    
  -------------------------------------------------------------------
                         slack                                  6.079    

Slack (MET) :             6.080ns  (required time - arrival time)
  Source:                 u_btnR_debouncer/count_reg[11]/C
                            (rising edge-triggered cell FDCE clocked by sys_clk_pin  {rise@0.000ns fall@5.000ns period=10.000ns})
  Destination:            u_btnR_debouncer/count_reg[17]/D
                            (rising edge-triggered cell FDCE clocked by sys_clk_pin  {rise@0.000ns fall@5.000ns period=10.000ns})
  Path Group:             sys_clk_pin
  Path Type:              Setup (Max at Slow Process Corner)
  Requirement:            10.000ns  (sys_clk_pin rise@10.000ns - sys_clk_pin rise@0.000ns)
  Data Path Delay:        3.887ns  (logic 0.828ns (21.300%)  route 3.059ns (78.700%))
  Logic Levels:           3  (LUT5=1 LUT6=2)
  Clock Path Skew:        -0.026ns (DCD - SCD + CPR)
    Destination Clock Delay (DCD):    4.850ns = ( 14.850 - 10.000 ) 
    Source Clock Delay      (SCD):    5.148ns
    Clock Pessimism Removal (CPR):    0.272ns
  Clock Uncertainty:      0.035ns  ((TSJ^2 + TIJ^2)^1/2 + DJ) / 2 + PE
    Total System Jitter     (TSJ):    0.071ns
    Total Input Jitter      (TIJ):    0.000ns
    Discrete Jitter          (DJ):    0.000ns
    Phase Error              (PE):    0.000ns

    Location             Delay type                Incr(ns)  Path(ns)    Netlist Resource(s)
  -------------------------------------------------------------------    -------------------
                         (clock sys_clk_pin rise edge)
                                                      0.000     0.000 r  
    W5                                                0.000     0.000 r  clk (IN)
                         net (fo=0)                   0.000     0.000    clk
    W5                   IBUF (Prop_ibuf_I_O)         1.458     1.458 r  clk_IBUF_inst/O
                         net (fo=1, routed)           1.967     3.425    clk_IBUF
    BUFGCTRL_X0Y0        BUFG (Prop_bufg_I_O)         0.096     3.521 r  clk_IBUF_BUFG_inst/O
                         net (fo=220, routed)         1.627     5.148    u_btnR_debouncer/CLK
    SLICE_X0Y51          FDCE                                         r  u_btnR_debouncer/count_reg[11]/C
  -------------------------------------------------------------------    -------------------
    SLICE_X0Y51          FDCE (Prop_fdce_C_Q)         0.456     5.604 f  u_btnR_debouncer/count_reg[11]/Q
                         net (fo=2, routed)           1.347     6.951    u_btnR_debouncer/count_reg_n_0_[11]
    SLICE_X0Y51          LUT5 (Prop_lut5_I1_O)        0.124     7.075 r  u_btnR_debouncer/btn_state_i_5__2/O
                         net (fo=2, routed)           0.516     7.591    u_btnR_debouncer/btn_state_i_5__2_n_0
    SLICE_X2Y52          LUT6 (Prop_lut6_I0_O)        0.124     7.715 r  u_btnR_debouncer/btn_state_i_3__2/O
                         net (fo=21, routed)          1.196     8.911    u_btnR_debouncer/btn_state_i_3__2_n_0
    SLICE_X0Y53          LUT6 (Prop_lut6_I1_O)        0.124     9.035 r  u_btnR_debouncer/count[17]_i_1__2/O
                         net (fo=1, routed)           0.000     9.035    u_btnR_debouncer/count[17]_i_1__2_n_0
    SLICE_X0Y53          FDCE                                         r  u_btnR_debouncer/count_reg[17]/D
  -------------------------------------------------------------------    -------------------

                         (clock sys_clk_pin rise edge)
                                                     10.000    10.000 r  
    W5                                                0.000    10.000 r  clk (IN)
                         net (fo=0)                   0.000    10.000    clk
    W5                   IBUF (Prop_ibuf_I_O)         1.388    11.388 r  clk_IBUF_inst/O
                         net (fo=1, routed)           1.862    13.250    clk_IBUF
    BUFGCTRL_X0Y0        BUFG (Prop_bufg_I_O)         0.091    13.341 r  clk_IBUF_BUFG_inst/O
                         net (fo=220, routed)         1.509    14.850    u_btnR_debouncer/CLK
    SLICE_X0Y53          FDCE                                         r  u_btnR_debouncer/count_reg[17]/C
                         clock pessimism              0.272    15.122    
                         clock uncertainty           -0.035    15.087    
    SLICE_X0Y53          FDCE (Setup_fdce_C_D)        0.029    15.116    u_btnR_debouncer/count_reg[17]
  -------------------------------------------------------------------
                         required time                         15.116    
                         arrival time                          -9.035    
  -------------------------------------------------------------------
                         slack                                  6.080    





Min Delay Paths
--------------------------------------------------------------------------------------
Slack (MET) :             0.197ns  (arrival time - required time)
  Source:                 u_btnD_debouncer/count_reg[19]/C
                            (rising edge-triggered cell FDCE clocked by sys_clk_pin  {rise@0.000ns fall@5.000ns period=10.000ns})
  Destination:            u_btnD_debouncer/count_reg[5]/D
                            (rising edge-triggered cell FDCE clocked by sys_clk_pin  {rise@0.000ns fall@5.000ns period=10.000ns})
  Path Group:             sys_clk_pin
  Path Type:              Hold (Min at Fast Process Corner)
  Requirement:            0.000ns  (sys_clk_pin rise@0.000ns - sys_clk_pin rise@0.000ns)
  Data Path Delay:        0.590ns  (logic 0.209ns (35.452%)  route 0.381ns (64.548%))
  Logic Levels:           1  (LUT6=1)
  Clock Path Skew:        0.272ns (DCD - SCD - CPR)
    Destination Clock Delay (DCD):    1.964ns
    Source Clock Delay      (SCD):    1.448ns
    Clock Pessimism Removal (CPR):    0.244ns

    Location             Delay type                Incr(ns)  Path(ns)    Netlist Resource(s)
  -------------------------------------------------------------------    -------------------
                         (clock sys_clk_pin rise edge)
                                                      0.000     0.000 r  
    W5                                                0.000     0.000 r  clk (IN)
                         net (fo=0)                   0.000     0.000    clk
    W5                   IBUF (Prop_ibuf_I_O)         0.226     0.226 r  clk_IBUF_inst/O
                         net (fo=1, routed)           0.631     0.858    clk_IBUF
    BUFGCTRL_X0Y0        BUFG (Prop_bufg_I_O)         0.026     0.884 r  clk_IBUF_BUFG_inst/O
                         net (fo=220, routed)         0.565     1.448    u_btnD_debouncer/CLK
    SLICE_X14Y50         FDCE                                         r  u_btnD_debouncer/count_reg[19]/C
  -------------------------------------------------------------------    -------------------
    SLICE_X14Y50         FDCE (Prop_fdce_C_Q)         0.164     1.612 f  u_btnD_debouncer/count_reg[19]/Q
                         net (fo=22, routed)          0.381     1.993    u_btnD_debouncer/count_reg_n_0_[19]
    SLICE_X12Y48         LUT6 (Prop_lut6_I4_O)        0.045     2.038 r  u_btnD_debouncer/count[5]_i_1__3/O
                         net (fo=1, routed)           0.000     2.038    u_btnD_debouncer/count[5]_i_1__3_n_0
    SLICE_X12Y48         FDCE                                         r  u_btnD_debouncer/count_reg[5]/D
  -------------------------------------------------------------------    -------------------

                         (clock sys_clk_pin rise edge)
                                                      0.000     0.000 r  
    W5                                                0.000     0.000 r  clk (IN)
                         net (fo=0)                   0.000     0.000    clk
    W5                   IBUF (Prop_ibuf_I_O)         0.414     0.414 r  clk_IBUF_inst/O
                         net (fo=1, routed)           0.685     1.099    clk_IBUF
    BUFGCTRL_X0Y0        BUFG (Prop_bufg_I_O)         0.029     1.128 r  clk_IBUF_BUFG_inst/O
                         net (fo=220, routed)         0.837     1.964    u_btnD_debouncer/CLK
    SLICE_X12Y48         FDCE                                         r  u_btnD_debouncer/count_reg[5]/C
                         clock pessimism             -0.244     1.720    
    SLICE_X12Y48         FDCE (Hold_fdce_C_D)         0.121     1.841    u_btnD_debouncer/count_reg[5]
  -------------------------------------------------------------------
                         required time                         -1.841    
                         arrival time                           2.038    
  -------------------------------------------------------------------
                         slack                                  0.197    

Slack (MET) :             0.198ns  (arrival time - required time)
  Source:                 u_btnD_debouncer/count_reg[19]/C
                            (rising edge-triggered cell FDCE clocked by sys_clk_pin  {rise@0.000ns fall@5.000ns period=10.000ns})
  Destination:            u_btnD_debouncer/count_reg[4]/D
                            (rising edge-triggered cell FDCE clocked by sys_clk_pin  {rise@0.000ns fall@5.000ns period=10.000ns})
  Path Group:             sys_clk_pin
  Path Type:              Hold (Min at Fast Process Corner)
  Requirement:            0.000ns  (sys_clk_pin rise@0.000ns - sys_clk_pin rise@0.000ns)
  Data Path Delay:        0.590ns  (logic 0.209ns (35.452%)  route 0.381ns (64.548%))
  Logic Levels:           1  (LUT6=1)
  Clock Path Skew:        0.272ns (DCD - SCD - CPR)
    Destination Clock Delay (DCD):    1.964ns
    Source Clock Delay      (SCD):    1.448ns
    Clock Pessimism Removal (CPR):    0.244ns

    Location             Delay type                Incr(ns)  Path(ns)    Netlist Resource(s)
  -------------------------------------------------------------------    -------------------
                         (clock sys_clk_pin rise edge)
                                                      0.000     0.000 r  
    W5                                                0.000     0.000 r  clk (IN)
                         net (fo=0)                   0.000     0.000    clk
    W5                   IBUF (Prop_ibuf_I_O)         0.226     0.226 r  clk_IBUF_inst/O
                         net (fo=1, routed)           0.631     0.858    clk_IBUF
    BUFGCTRL_X0Y0        BUFG (Prop_bufg_I_O)         0.026     0.884 r  clk_IBUF_BUFG_inst/O
                         net (fo=220, routed)         0.565     1.448    u_btnD_debouncer/CLK
    SLICE_X14Y50         FDCE                                         r  u_btnD_debouncer/count_reg[19]/C
  -------------------------------------------------------------------    -------------------
    SLICE_X14Y50         FDCE (Prop_fdce_C_Q)         0.164     1.612 f  u_btnD_debouncer/count_reg[19]/Q
                         net (fo=22, routed)          0.381     1.993    u_btnD_debouncer/count_reg_n_0_[19]
    SLICE_X12Y48         LUT6 (Prop_lut6_I4_O)        0.045     2.038 r  u_btnD_debouncer/count[4]_i_1__3/O
                         net (fo=1, routed)           0.000     2.038    u_btnD_debouncer/count[4]_i_1__3_n_0
    SLICE_X12Y48         FDCE                                         r  u_btnD_debouncer/count_reg[4]/D
  -------------------------------------------------------------------    -------------------

                         (clock sys_clk_pin rise edge)
                                                      0.000     0.000 r  
    W5                                                0.000     0.000 r  clk (IN)
                         net (fo=0)                   0.000     0.000    clk
    W5                   IBUF (Prop_ibuf_I_O)         0.414     0.414 r  clk_IBUF_inst/O
                         net (fo=1, routed)           0.685     1.099    clk_IBUF
    BUFGCTRL_X0Y0        BUFG (Prop_bufg_I_O)         0.029     1.128 r  clk_IBUF_BUFG_inst/O
                         net (fo=220, routed)         0.837     1.964    u_btnD_debouncer/CLK
    SLICE_X12Y48         FDCE                                         r  u_btnD_debouncer/count_reg[4]/C
                         clock pessimism             -0.244     1.720    
    SLICE_X12Y48         FDCE (Hold_fdce_C_D)         0.120     1.840    u_btnD_debouncer/count_reg[4]
  -------------------------------------------------------------------
                         required time                         -1.840    
                         arrival time                           2.038    
  -------------------------------------------------------------------
                         slack                                  0.198    

Slack (MET) :             0.199ns  (arrival time - required time)
  Source:                 u_btnD_debouncer/count_reg[18]/C
                            (rising edge-triggered cell FDCE clocked by sys_clk_pin  {rise@0.000ns fall@5.000ns period=10.000ns})
  Destination:            u_btnD_debouncer/count_reg[2]/D
                            (rising edge-triggered cell FDCE clocked by sys_clk_pin  {rise@0.000ns fall@5.000ns period=10.000ns})
  Path Group:             sys_clk_pin
  Path Type:              Hold (Min at Fast Process Corner)
  Requirement:            0.000ns  (sys_clk_pin rise@0.000ns - sys_clk_pin rise@0.000ns)
  Data Path Delay:        0.592ns  (logic 0.209ns (35.297%)  route 0.383ns (64.703%))
  Logic Levels:           1  (LUT6=1)
  Clock Path Skew:        0.272ns (DCD - SCD - CPR)
    Destination Clock Delay (DCD):    1.964ns
    Source Clock Delay      (SCD):    1.448ns
    Clock Pessimism Removal (CPR):    0.244ns

    Location             Delay type                Incr(ns)  Path(ns)    Netlist Resource(s)
  -------------------------------------------------------------------    -------------------
                         (clock sys_clk_pin rise edge)
                                                      0.000     0.000 r  
    W5                                                0.000     0.000 r  clk (IN)
                         net (fo=0)                   0.000     0.000    clk
    W5                   IBUF (Prop_ibuf_I_O)         0.226     0.226 r  clk_IBUF_inst/O
                         net (fo=1, routed)           0.631     0.858    clk_IBUF
    BUFGCTRL_X0Y0        BUFG (Prop_bufg_I_O)         0.026     0.884 r  clk_IBUF_BUFG_inst/O
                         net (fo=220, routed)         0.565     1.448    u_btnD_debouncer/CLK
    SLICE_X14Y50         FDCE                                         r  u_btnD_debouncer/count_reg[18]/C
  -------------------------------------------------------------------    -------------------
    SLICE_X14Y50         FDCE (Prop_fdce_C_Q)         0.164     1.612 f  u_btnD_debouncer/count_reg[18]/Q
                         net (fo=22, routed)          0.383     1.995    u_btnD_debouncer/count_reg_n_0_[18]
    SLICE_X12Y47         LUT6 (Prop_lut6_I3_O)        0.045     2.040 r  u_btnD_debouncer/count[2]_i_1__3/O
                         net (fo=1, routed)           0.000     2.040    u_btnD_debouncer/count[2]_i_1__3_n_0
    SLICE_X12Y47         FDCE                                         r  u_btnD_debouncer/count_reg[2]/D
  -------------------------------------------------------------------    -------------------

                         (clock sys_clk_pin rise edge)
                                                      0.000     0.000 r  
    W5                                                0.000     0.000 r  clk (IN)
                         net (fo=0)                   0.000     0.000    clk
    W5                   IBUF (Prop_ibuf_I_O)         0.414     0.414 r  clk_IBUF_inst/O
                         net (fo=1, routed)           0.685     1.099    clk_IBUF
    BUFGCTRL_X0Y0        BUFG (Prop_bufg_I_O)         0.029     1.128 r  clk_IBUF_BUFG_inst/O
                         net (fo=220, routed)         0.837     1.964    u_btnD_debouncer/CLK
    SLICE_X12Y47         FDCE                                         r  u_btnD_debouncer/count_reg[2]/C
                         clock pessimism             -0.244     1.720    
    SLICE_X12Y47         FDCE (Hold_fdce_C_D)         0.121     1.841    u_btnD_debouncer/count_reg[2]
  -------------------------------------------------------------------
                         required time                         -1.841    
                         arrival time                           2.040    
  -------------------------------------------------------------------
                         slack                                  0.199    

Slack (MET) :             0.202ns  (arrival time - required time)
  Source:                 u_btnD_debouncer/count_reg[18]/C
                            (rising edge-triggered cell FDCE clocked by sys_clk_pin  {rise@0.000ns fall@5.000ns period=10.000ns})
  Destination:            u_btnD_debouncer/count_reg[1]/D
                            (rising edge-triggered cell FDCE clocked by sys_clk_pin  {rise@0.000ns fall@5.000ns period=10.000ns})
  Path Group:             sys_clk_pin
  Path Type:              Hold (Min at Fast Process Corner)
  Requirement:            0.000ns  (sys_clk_pin rise@0.000ns - sys_clk_pin rise@0.000ns)
  Data Path Delay:        0.594ns  (logic 0.209ns (35.178%)  route 0.385ns (64.822%))
  Logic Levels:           1  (LUT6=1)
  Clock Path Skew:        0.272ns (DCD - SCD - CPR)
    Destination Clock Delay (DCD):    1.964ns
    Source Clock Delay      (SCD):    1.448ns
    Clock Pessimism Removal (CPR):    0.244ns

    Location             Delay type                Incr(ns)  Path(ns)    Netlist Resource(s)
  -------------------------------------------------------------------    -------------------
                         (clock sys_clk_pin rise edge)
                                                      0.000     0.000 r  
    W5                                                0.000     0.000 r  clk (IN)
                         net (fo=0)                   0.000     0.000    clk
    W5                   IBUF (Prop_ibuf_I_O)         0.226     0.226 r  clk_IBUF_inst/O
                         net (fo=1, routed)           0.631     0.858    clk_IBUF
    BUFGCTRL_X0Y0        BUFG (Prop_bufg_I_O)         0.026     0.884 r  clk_IBUF_BUFG_inst/O
                         net (fo=220, routed)         0.565     1.448    u_btnD_debouncer/CLK
    SLICE_X14Y50         FDCE                                         r  u_btnD_debouncer/count_reg[18]/C
  -------------------------------------------------------------------    -------------------
    SLICE_X14Y50         FDCE (Prop_fdce_C_Q)         0.164     1.612 f  u_btnD_debouncer/count_reg[18]/Q
                         net (fo=22, routed)          0.385     1.997    u_btnD_debouncer/count_reg_n_0_[18]
    SLICE_X12Y47         LUT6 (Prop_lut6_I3_O)        0.045     2.042 r  u_btnD_debouncer/count[1]_i_1__3/O
                         net (fo=1, routed)           0.000     2.042    u_btnD_debouncer/count[1]_i_1__3_n_0
    SLICE_X12Y47         FDCE                                         r  u_btnD_debouncer/count_reg[1]/D
  -------------------------------------------------------------------    -------------------

                         (clock sys_clk_pin rise edge)
                                                      0.000     0.000 r  
    W5                                                0.000     0.000 r  clk (IN)
                         net (fo=0)                   0.000     0.000    clk
    W5                   IBUF (Prop_ibuf_I_O)         0.414     0.414 r  clk_IBUF_inst/O
                         net (fo=1, routed)           0.685     1.099    clk_IBUF
    BUFGCTRL_X0Y0        BUFG (Prop_bufg_I_O)         0.029     1.128 r  clk_IBUF_BUFG_inst/O
                         net (fo=220, routed)         0.837     1.964    u_btnD_debouncer/CLK
    SLICE_X12Y47         FDCE                                         r  u_btnD_debouncer/count_reg[1]/C
                         clock pessimism             -0.244     1.720    
    SLICE_X12Y47         FDCE (Hold_fdce_C_D)         0.120     1.840    u_btnD_debouncer/count_reg[1]
  -------------------------------------------------------------------
                         required time                         -1.840    
                         arrival time                           2.042    
  -------------------------------------------------------------------
                         slack                                  0.202    

Slack (MET) :             0.204ns  (arrival time - required time)
  Source:                 u_play_melody/r_clk_cnt_reg[2][20]/C
                            (rising edge-triggered cell FDCE clocked by sys_clk_pin  {rise@0.000ns fall@5.000ns period=10.000ns})
  Destination:            u_play_melody/r_clk_cnt_reg[2][21]/D
                            (rising edge-triggered cell FDCE clocked by sys_clk_pin  {rise@0.000ns fall@5.000ns period=10.000ns})
  Path Group:             sys_clk_pin
  Path Type:              Hold (Min at Fast Process Corner)
  Requirement:            0.000ns  (sys_clk_pin rise@0.000ns - sys_clk_pin rise@0.000ns)
  Data Path Delay:        0.361ns  (logic 0.186ns (51.512%)  route 0.175ns (48.488%))
  Logic Levels:           1  (LUT5=1)
  Clock Path Skew:        0.036ns (DCD - SCD - CPR)
    Destination Clock Delay (DCD):    1.963ns
    Source Clock Delay      (SCD):    1.449ns
    Clock Pessimism Removal (CPR):    0.478ns

    Location             Delay type                Incr(ns)  Path(ns)    Netlist Resource(s)
  -------------------------------------------------------------------    -------------------
                         (clock sys_clk_pin rise edge)
                                                      0.000     0.000 r  
    W5                                                0.000     0.000 r  clk (IN)
                         net (fo=0)                   0.000     0.000    clk
    W5                   IBUF (Prop_ibuf_I_O)         0.226     0.226 r  clk_IBUF_inst/O
                         net (fo=1, routed)           0.631     0.858    clk_IBUF
    BUFGCTRL_X0Y0        BUFG (Prop_bufg_I_O)         0.026     0.884 r  clk_IBUF_BUFG_inst/O
                         net (fo=220, routed)         0.566     1.449    u_play_melody/CLK
    SLICE_X9Y43          FDCE                                         r  u_play_melody/r_clk_cnt_reg[2][20]/C
  -------------------------------------------------------------------    -------------------
    SLICE_X9Y43          FDCE (Prop_fdce_C_Q)         0.141     1.590 f  u_play_melody/r_clk_cnt_reg[2][20]/Q
                         net (fo=24, routed)          0.175     1.765    u_play_melody/r_clk_cnt_reg[2][20]
    SLICE_X10Y43         LUT5 (Prop_lut5_I1_O)        0.045     1.810 r  u_play_melody/r_clk_cnt[2][21]_i_1/O
                         net (fo=1, routed)           0.000     1.810    u_play_melody/r_clk_cnt[2][21]_i_1_n_0
    SLICE_X10Y43         FDCE                                         r  u_play_melody/r_clk_cnt_reg[2][21]/D
  -------------------------------------------------------------------    -------------------

                         (clock sys_clk_pin rise edge)
                                                      0.000     0.000 r  
    W5                                                0.000     0.000 r  clk (IN)
                         net (fo=0)                   0.000     0.000    clk
    W5                   IBUF (Prop_ibuf_I_O)         0.414     0.414 r  clk_IBUF_inst/O
                         net (fo=1, routed)           0.685     1.099    clk_IBUF
    BUFGCTRL_X0Y0        BUFG (Prop_bufg_I_O)         0.029     1.128 r  clk_IBUF_BUFG_inst/O
                         net (fo=220, routed)         0.836     1.963    u_play_melody/CLK
    SLICE_X10Y43         FDCE                                         r  u_play_melody/r_clk_cnt_reg[2][21]/C
                         clock pessimism             -0.478     1.485    
    SLICE_X10Y43         FDCE (Hold_fdce_C_D)         0.121     1.606    u_play_melody/r_clk_cnt_reg[2][21]
  -------------------------------------------------------------------
                         required time                         -1.606    
                         arrival time                           1.810    
  -------------------------------------------------------------------
                         slack                                  0.204    

Slack (MET) :             0.204ns  (arrival time - required time)
  Source:                 u_play_melody/r_clk_cnt_reg[3][18]/C
                            (rising edge-triggered cell FDCE clocked by sys_clk_pin  {rise@0.000ns fall@5.000ns period=10.000ns})
  Destination:            u_play_melody/r_clk_cnt_reg[3][19]/D
                            (rising edge-triggered cell FDCE clocked by sys_clk_pin  {rise@0.000ns fall@5.000ns period=10.000ns})
  Path Group:             sys_clk_pin
  Path Type:              Hold (Min at Fast Process Corner)
  Requirement:            0.000ns  (sys_clk_pin rise@0.000ns - sys_clk_pin rise@0.000ns)
  Data Path Delay:        0.340ns  (logic 0.186ns (54.682%)  route 0.154ns (45.318%))
  Logic Levels:           1  (LUT6=1)
  Clock Path Skew:        0.016ns (DCD - SCD - CPR)
    Destination Clock Delay (DCD):    1.994ns
    Source Clock Delay      (SCD):    1.479ns
    Clock Pessimism Removal (CPR):    0.499ns

    Location             Delay type                Incr(ns)  Path(ns)    Netlist Resource(s)
  -------------------------------------------------------------------    -------------------
                         (clock sys_clk_pin rise edge)
                                                      0.000     0.000 r  
    W5                                                0.000     0.000 r  clk (IN)
                         net (fo=0)                   0.000     0.000    clk
    W5                   IBUF (Prop_ibuf_I_O)         0.226     0.226 r  clk_IBUF_inst/O
                         net (fo=1, routed)           0.631     0.858    clk_IBUF
    BUFGCTRL_X0Y0        BUFG (Prop_bufg_I_O)         0.026     0.884 r  clk_IBUF_BUFG_inst/O
                         net (fo=220, routed)         0.596     1.479    u_play_melody/CLK
    SLICE_X1Y48          FDCE                                         r  u_play_melody/r_clk_cnt_reg[3][18]/C
  -------------------------------------------------------------------    -------------------
    SLICE_X1Y48          FDCE (Prop_fdce_C_Q)         0.141     1.620 f  u_play_melody/r_clk_cnt_reg[3][18]/Q
                         net (fo=24, routed)          0.154     1.774    u_play_melody/r_clk_cnt_reg[3][18]
    SLICE_X2Y48          LUT6 (Prop_lut6_I3_O)        0.045     1.819 r  u_play_melody/r_clk_cnt[3][19]_i_1/O
                         net (fo=1, routed)           0.000     1.819    u_play_melody/r_clk_cnt[3][19]_i_1_n_0
    SLICE_X2Y48          FDCE                                         r  u_play_melody/r_clk_cnt_reg[3][19]/D
  -------------------------------------------------------------------    -------------------

                         (clock sys_clk_pin rise edge)
                                                      0.000     0.000 r  
    W5                                                0.000     0.000 r  clk (IN)
                         net (fo=0)                   0.000     0.000    clk
    W5                   IBUF (Prop_ibuf_I_O)         0.414     0.414 r  clk_IBUF_inst/O
                         net (fo=1, routed)           0.685     1.099    clk_IBUF
    BUFGCTRL_X0Y0        BUFG (Prop_bufg_I_O)         0.029     1.128 r  clk_IBUF_BUFG_inst/O
                         net (fo=220, routed)         0.867     1.994    u_play_melody/CLK
    SLICE_X2Y48          FDCE                                         r  u_play_melody/r_clk_cnt_reg[3][19]/C
                         clock pessimism             -0.499     1.495    
    SLICE_X2Y48          FDCE (Hold_fdce_C_D)         0.120     1.615    u_play_melody/r_clk_cnt_reg[3][19]
  -------------------------------------------------------------------
                         required time                         -1.615    
                         arrival time                           1.819    
  -------------------------------------------------------------------
                         slack                                  0.204    

Slack (MET) :             0.206ns  (arrival time - required time)
  Source:                 u_play_melody/r_clk_cnt_reg[0][20]/C
                            (rising edge-triggered cell FDCE clocked by sys_clk_pin  {rise@0.000ns fall@5.000ns period=10.000ns})
  Destination:            u_play_melody/r_clk_cnt_reg[0][16]/D
                            (rising edge-triggered cell FDCE clocked by sys_clk_pin  {rise@0.000ns fall@5.000ns period=10.000ns})
  Path Group:             sys_clk_pin
  Path Type:              Hold (Min at Fast Process Corner)
  Requirement:            0.000ns  (sys_clk_pin rise@0.000ns - sys_clk_pin rise@0.000ns)
  Data Path Delay:        0.343ns  (logic 0.186ns (54.248%)  route 0.157ns (45.752%))
  Logic Levels:           1  (LUT5=1)
  Clock Path Skew:        0.016ns (DCD - SCD - CPR)
    Destination Clock Delay (DCD):    1.991ns
    Source Clock Delay      (SCD):    1.476ns
    Clock Pessimism Removal (CPR):    0.499ns

    Location             Delay type                Incr(ns)  Path(ns)    Netlist Resource(s)
  -------------------------------------------------------------------    -------------------
                         (clock sys_clk_pin rise edge)
                                                      0.000     0.000 r  
    W5                                                0.000     0.000 r  clk (IN)
                         net (fo=0)                   0.000     0.000    clk
    W5                   IBUF (Prop_ibuf_I_O)         0.226     0.226 r  clk_IBUF_inst/O
                         net (fo=1, routed)           0.631     0.858    clk_IBUF
    BUFGCTRL_X0Y0        BUFG (Prop_bufg_I_O)         0.026     0.884 r  clk_IBUF_BUFG_inst/O
                         net (fo=220, routed)         0.593     1.476    u_play_melody/CLK
    SLICE_X1Y39          FDCE                                         r  u_play_melody/r_clk_cnt_reg[0][20]/C
  -------------------------------------------------------------------    -------------------
    SLICE_X1Y39          FDCE (Prop_fdce_C_Q)         0.141     1.617 f  u_play_melody/r_clk_cnt_reg[0][20]/Q
                         net (fo=24, routed)          0.157     1.774    u_play_melody/r_clk_cnt_reg[0][20]
    SLICE_X2Y38          LUT5 (Prop_lut5_I1_O)        0.045     1.819 r  u_play_melody/r_clk_cnt[0][16]_i_1/O
                         net (fo=1, routed)           0.000     1.819    u_play_melody/r_clk_cnt[0][16]_i_1_n_0
    SLICE_X2Y38          FDCE                                         r  u_play_melody/r_clk_cnt_reg[0][16]/D
  -------------------------------------------------------------------    -------------------

                         (clock sys_clk_pin rise edge)
                                                      0.000     0.000 r  
    W5                                                0.000     0.000 r  clk (IN)
                         net (fo=0)                   0.000     0.000    clk
    W5                   IBUF (Prop_ibuf_I_O)         0.414     0.414 r  clk_IBUF_inst/O
                         net (fo=1, routed)           0.685     1.099    clk_IBUF
    BUFGCTRL_X0Y0        BUFG (Prop_bufg_I_O)         0.029     1.128 r  clk_IBUF_BUFG_inst/O
                         net (fo=220, routed)         0.864     1.991    u_play_melody/CLK
    SLICE_X2Y38          FDCE                                         r  u_play_melody/r_clk_cnt_reg[0][16]/C
                         clock pessimism             -0.499     1.492    
    SLICE_X2Y38          FDCE (Hold_fdce_C_D)         0.121     1.613    u_play_melody/r_clk_cnt_reg[0][16]
  -------------------------------------------------------------------
                         required time                         -1.613    
                         arrival time                           1.819    
  -------------------------------------------------------------------
                         slack                                  0.206    

Slack (MET) :             0.206ns  (arrival time - required time)
  Source:                 u_play_melody/r_clk_cnt_reg[2][20]/C
                            (rising edge-triggered cell FDCE clocked by sys_clk_pin  {rise@0.000ns fall@5.000ns period=10.000ns})
  Destination:            u_play_melody/r_clk_cnt_reg[2][18]/D
                            (rising edge-triggered cell FDCE clocked by sys_clk_pin  {rise@0.000ns fall@5.000ns period=10.000ns})
  Path Group:             sys_clk_pin
  Path Type:              Hold (Min at Fast Process Corner)
  Requirement:            0.000ns  (sys_clk_pin rise@0.000ns - sys_clk_pin rise@0.000ns)
  Data Path Delay:        0.363ns  (logic 0.186ns (51.228%)  route 0.177ns (48.772%))
  Logic Levels:           1  (LUT5=1)
  Clock Path Skew:        0.036ns (DCD - SCD - CPR)
    Destination Clock Delay (DCD):    1.963ns
    Source Clock Delay      (SCD):    1.449ns
    Clock Pessimism Removal (CPR):    0.478ns

    Location             Delay type                Incr(ns)  Path(ns)    Netlist Resource(s)
  -------------------------------------------------------------------    -------------------
                         (clock sys_clk_pin rise edge)
                                                      0.000     0.000 r  
    W5                                                0.000     0.000 r  clk (IN)
                         net (fo=0)                   0.000     0.000    clk
    W5                   IBUF (Prop_ibuf_I_O)         0.226     0.226 r  clk_IBUF_inst/O
                         net (fo=1, routed)           0.631     0.858    clk_IBUF
    BUFGCTRL_X0Y0        BUFG (Prop_bufg_I_O)         0.026     0.884 r  clk_IBUF_BUFG_inst/O
                         net (fo=220, routed)         0.566     1.449    u_play_melody/CLK
    SLICE_X9Y43          FDCE                                         r  u_play_melody/r_clk_cnt_reg[2][20]/C
  -------------------------------------------------------------------    -------------------
    SLICE_X9Y43          FDCE (Prop_fdce_C_Q)         0.141     1.590 f  u_play_melody/r_clk_cnt_reg[2][20]/Q
                         net (fo=24, routed)          0.177     1.767    u_play_melody/r_clk_cnt_reg[2][20]
    SLICE_X10Y43         LUT5 (Prop_lut5_I1_O)        0.045     1.812 r  u_play_melody/r_clk_cnt[2][18]_i_1/O
                         net (fo=1, routed)           0.000     1.812    u_play_melody/r_clk_cnt[2][18]_i_1_n_0
    SLICE_X10Y43         FDCE                                         r  u_play_melody/r_clk_cnt_reg[2][18]/D
  -------------------------------------------------------------------    -------------------

                         (clock sys_clk_pin rise edge)
                                                      0.000     0.000 r  
    W5                                                0.000     0.000 r  clk (IN)
                         net (fo=0)                   0.000     0.000    clk
    W5                   IBUF (Prop_ibuf_I_O)         0.414     0.414 r  clk_IBUF_inst/O
                         net (fo=1, routed)           0.685     1.099    clk_IBUF
    BUFGCTRL_X0Y0        BUFG (Prop_bufg_I_O)         0.029     1.128 r  clk_IBUF_BUFG_inst/O
                         net (fo=220, routed)         0.836     1.963    u_play_melody/CLK
    SLICE_X10Y43         FDCE                                         r  u_play_melody/r_clk_cnt_reg[2][18]/C
                         clock pessimism             -0.478     1.485    
    SLICE_X10Y43         FDCE (Hold_fdce_C_D)         0.121     1.606    u_play_melody/r_clk_cnt_reg[2][18]
  -------------------------------------------------------------------
                         required time                         -1.606    
                         arrival time                           1.812    
  -------------------------------------------------------------------
                         slack                                  0.206    

Slack (MET) :             0.206ns  (arrival time - required time)
  Source:                 u_play_melody/r_clk_cnt_reg[2][20]/C
                            (rising edge-triggered cell FDCE clocked by sys_clk_pin  {rise@0.000ns fall@5.000ns period=10.000ns})
  Destination:            u_play_melody/r_clk_cnt_reg[2][19]/D
                            (rising edge-triggered cell FDCE clocked by sys_clk_pin  {rise@0.000ns fall@5.000ns period=10.000ns})
  Path Group:             sys_clk_pin
  Path Type:              Hold (Min at Fast Process Corner)
  Requirement:            0.000ns  (sys_clk_pin rise@0.000ns - sys_clk_pin rise@0.000ns)
  Data Path Delay:        0.363ns  (logic 0.186ns (51.228%)  route 0.177ns (48.772%))
  Logic Levels:           1  (LUT5=1)
  Clock Path Skew:        0.036ns (DCD - SCD - CPR)
    Destination Clock Delay (DCD):    1.963ns
    Source Clock Delay      (SCD):    1.449ns
    Clock Pessimism Removal (CPR):    0.478ns

    Location             Delay type                Incr(ns)  Path(ns)    Netlist Resource(s)
  -------------------------------------------------------------------    -------------------
                         (clock sys_clk_pin rise edge)
                                                      0.000     0.000 r  
    W5                                                0.000     0.000 r  clk (IN)
                         net (fo=0)                   0.000     0.000    clk
    W5                   IBUF (Prop_ibuf_I_O)         0.226     0.226 r  clk_IBUF_inst/O
                         net (fo=1, routed)           0.631     0.858    clk_IBUF
    BUFGCTRL_X0Y0        BUFG (Prop_bufg_I_O)         0.026     0.884 r  clk_IBUF_BUFG_inst/O
                         net (fo=220, routed)         0.566     1.449    u_play_melody/CLK
    SLICE_X9Y43          FDCE                                         r  u_play_melody/r_clk_cnt_reg[2][20]/C
  -------------------------------------------------------------------    -------------------
    SLICE_X9Y43          FDCE (Prop_fdce_C_Q)         0.141     1.590 f  u_play_melody/r_clk_cnt_reg[2][20]/Q
                         net (fo=24, routed)          0.177     1.767    u_play_melody/r_clk_cnt_reg[2][20]
    SLICE_X10Y43         LUT5 (Prop_lut5_I1_O)        0.045     1.812 r  u_play_melody/r_clk_cnt[2][19]_i_1/O
                         net (fo=1, routed)           0.000     1.812    u_play_melody/r_clk_cnt[2][19]_i_1_n_0
    SLICE_X10Y43         FDCE                                         r  u_play_melody/r_clk_cnt_reg[2][19]/D
  -------------------------------------------------------------------    -------------------

                         (clock sys_clk_pin rise edge)
                                                      0.000     0.000 r  
    W5                                                0.000     0.000 r  clk (IN)
                         net (fo=0)                   0.000     0.000    clk
    W5                   IBUF (Prop_ibuf_I_O)         0.414     0.414 r  clk_IBUF_inst/O
                         net (fo=1, routed)           0.685     1.099    clk_IBUF
    BUFGCTRL_X0Y0        BUFG (Prop_bufg_I_O)         0.029     1.128 r  clk_IBUF_BUFG_inst/O
                         net (fo=220, routed)         0.836     1.963    u_play_melody/CLK
    SLICE_X10Y43         FDCE                                         r  u_play_melody/r_clk_cnt_reg[2][19]/C
                         clock pessimism             -0.478     1.485    
    SLICE_X10Y43         FDCE (Hold_fdce_C_D)         0.121     1.606    u_play_melody/r_clk_cnt_reg[2][19]
  -------------------------------------------------------------------
                         required time                         -1.606    
                         arrival time                           1.812    
  -------------------------------------------------------------------
                         slack                                  0.206    

Slack (MET) :             0.209ns  (arrival time - required time)
  Source:                 u_play_melody/r_clk_cnt_reg[2][20]/C
                            (rising edge-triggered cell FDCE clocked by sys_clk_pin  {rise@0.000ns fall@5.000ns period=10.000ns})
  Destination:            u_play_melody/r_clk_cnt_reg[2][17]/D
                            (rising edge-triggered cell FDCE clocked by sys_clk_pin  {rise@0.000ns fall@5.000ns period=10.000ns})
  Path Group:             sys_clk_pin
  Path Type:              Hold (Min at Fast Process Corner)
  Requirement:            0.000ns  (sys_clk_pin rise@0.000ns - sys_clk_pin rise@0.000ns)
  Data Path Delay:        0.365ns  (logic 0.186ns (50.948%)  route 0.179ns (49.052%))
  Logic Levels:           1  (LUT5=1)
  Clock Path Skew:        0.036ns (DCD - SCD - CPR)
    Destination Clock Delay (DCD):    1.963ns
    Source Clock Delay      (SCD):    1.449ns
    Clock Pessimism Removal (CPR):    0.478ns

    Location             Delay type                Incr(ns)  Path(ns)    Netlist Resource(s)
  -------------------------------------------------------------------    -------------------
                         (clock sys_clk_pin rise edge)
                                                      0.000     0.000 r  
    W5                                                0.000     0.000 r  clk (IN)
                         net (fo=0)                   0.000     0.000    clk
    W5                   IBUF (Prop_ibuf_I_O)         0.226     0.226 r  clk_IBUF_inst/O
                         net (fo=1, routed)           0.631     0.858    clk_IBUF
    BUFGCTRL_X0Y0        BUFG (Prop_bufg_I_O)         0.026     0.884 r  clk_IBUF_BUFG_inst/O
                         net (fo=220, routed)         0.566     1.449    u_play_melody/CLK
    SLICE_X9Y43          FDCE                                         r  u_play_melody/r_clk_cnt_reg[2][20]/C
  -------------------------------------------------------------------    -------------------
    SLICE_X9Y43          FDCE (Prop_fdce_C_Q)         0.141     1.590 f  u_play_melody/r_clk_cnt_reg[2][20]/Q
                         net (fo=24, routed)          0.179     1.769    u_play_melody/r_clk_cnt_reg[2][20]
    SLICE_X10Y43         LUT5 (Prop_lut5_I1_O)        0.045     1.814 r  u_play_melody/r_clk_cnt[2][17]_i_1/O
                         net (fo=1, routed)           0.000     1.814    u_play_melody/r_clk_cnt[2][17]_i_1_n_0
    SLICE_X10Y43         FDCE                                         r  u_play_melody/r_clk_cnt_reg[2][17]/D
  -------------------------------------------------------------------    -------------------

                         (clock sys_clk_pin rise edge)
                                                      0.000     0.000 r  
    W5                                                0.000     0.000 r  clk (IN)
                         net (fo=0)                   0.000     0.000    clk
    W5                   IBUF (Prop_ibuf_I_O)         0.414     0.414 r  clk_IBUF_inst/O
                         net (fo=1, routed)           0.685     1.099    clk_IBUF
    BUFGCTRL_X0Y0        BUFG (Prop_bufg_I_O)         0.029     1.128 r  clk_IBUF_BUFG_inst/O
                         net (fo=220, routed)         0.836     1.963    u_play_melody/CLK
    SLICE_X10Y43         FDCE                                         r  u_play_melody/r_clk_cnt_reg[2][17]/C
                         clock pessimism             -0.478     1.485    
    SLICE_X10Y43         FDCE (Hold_fdce_C_D)         0.120     1.605    u_play_melody/r_clk_cnt_reg[2][17]
  -------------------------------------------------------------------
                         required time                         -1.605    
                         arrival time                           1.814    
  -------------------------------------------------------------------
                         slack                                  0.209    





Pulse Width Checks
--------------------------------------------------------------------------------------
Clock Name:         sys_clk_pin
Waveform(ns):       { 0.000 5.000 }
Period(ns):         10.000
Sources:            { clk }

Check Type        Corner  Lib Pin  Reference Pin  Required(ns)  Actual(ns)  Slack(ns)  Location       Pin
Min Period        n/a     BUFG/I   n/a            2.155         10.000      7.845      BUFGCTRL_X0Y0  clk_IBUF_BUFG_inst/I
Min Period        n/a     FDCE/C   n/a            1.000         10.000      9.000      SLICE_X8Y45    u_btnC_debouncer/btn_state_reg/C
Min Period        n/a     FDCE/C   n/a            1.000         10.000      9.000      SLICE_X10Y45   u_btnC_debouncer/count_reg[0]/C
Min Period        n/a     FDCE/C   n/a            1.000         10.000      9.000      SLICE_X9Y47    u_btnC_debouncer/count_reg[10]/C
Min Period        n/a     FDCE/C   n/a            1.000         10.000      9.000      SLICE_X9Y47    u_btnC_debouncer/count_reg[11]/C
Min Period        n/a     FDCE/C   n/a            1.000         10.000      9.000      SLICE_X10Y47   u_btnC_debouncer/count_reg[12]/C
Min Period        n/a     FDCE/C   n/a            1.000         10.000      9.000      SLICE_X9Y49    u_btnC_debouncer/count_reg[13]/C
Min Period        n/a     FDCE/C   n/a            1.000         10.000      9.000      SLICE_X9Y48    u_btnC_debouncer/count_reg[14]/C
Min Period        n/a     FDCE/C   n/a            1.000         10.000      9.000      SLICE_X9Y48    u_btnC_debouncer/count_reg[15]/C
Min Period        n/a     FDCE/C   n/a            1.000         10.000      9.000      SLICE_X9Y48    u_btnC_debouncer/count_reg[16]/C
Low Pulse Width   Slow    FDCE/C   n/a            0.500         5.000       4.500      SLICE_X8Y45    u_btnC_debouncer/btn_state_reg/C
Low Pulse Width   Fast    FDCE/C   n/a            0.500         5.000       4.500      SLICE_X8Y45    u_btnC_debouncer/btn_state_reg/C
Low Pulse Width   Slow    FDCE/C   n/a            0.500         5.000       4.500      SLICE_X10Y45   u_btnC_debouncer/count_reg[0]/C
Low Pulse Width   Fast    FDCE/C   n/a            0.500         5.000       4.500      SLICE_X10Y45   u_btnC_debouncer/count_reg[0]/C
Low Pulse Width   Slow    FDCE/C   n/a            0.500         5.000       4.500      SLICE_X9Y47    u_btnC_debouncer/count_reg[10]/C
Low Pulse Width   Fast    FDCE/C   n/a            0.500         5.000       4.500      SLICE_X9Y47    u_btnC_debouncer/count_reg[10]/C
Low Pulse Width   Slow    FDCE/C   n/a            0.500         5.000       4.500      SLICE_X9Y47    u_btnC_debouncer/count_reg[11]/C
Low Pulse Width   Fast    FDCE/C   n/a            0.500         5.000       4.500      SLICE_X9Y47    u_btnC_debouncer/count_reg[11]/C
Low Pulse Width   Slow    FDCE/C   n/a            0.500         5.000       4.500      SLICE_X10Y47   u_btnC_debouncer/count_reg[12]/C
Low Pulse Width   Fast    FDCE/C   n/a            0.500         5.000       4.500      SLICE_X10Y47   u_btnC_debouncer/count_reg[12]/C
High Pulse Width  Slow    FDCE/C   n/a            0.500         5.000       4.500      SLICE_X8Y45    u_btnC_debouncer/btn_state_reg/C
High Pulse Width  Fast    FDCE/C   n/a            0.500         5.000       4.500      SLICE_X8Y45    u_btnC_debouncer/btn_state_reg/C
High Pulse Width  Slow    FDCE/C   n/a            0.500         5.000       4.500      SLICE_X10Y45   u_btnC_debouncer/count_reg[0]/C
High Pulse Width  Fast    FDCE/C   n/a            0.500         5.000       4.500      SLICE_X10Y45   u_btnC_debouncer/count_reg[0]/C
High Pulse Width  Slow    FDCE/C   n/a            0.500         5.000       4.500      SLICE_X9Y47    u_btnC_debouncer/count_reg[10]/C
High Pulse Width  Fast    FDCE/C   n/a            0.500         5.000       4.500      SLICE_X9Y47    u_btnC_debouncer/count_reg[10]/C
High Pulse Width  Slow    FDCE/C   n/a            0.500         5.000       4.500      SLICE_X9Y47    u_btnC_debouncer/count_reg[11]/C
High Pulse Width  Fast    FDCE/C   n/a            0.500         5.000       4.500      SLICE_X9Y47    u_btnC_debouncer/count_reg[11]/C
High Pulse Width  Slow    FDCE/C   n/a            0.500         5.000       4.500      SLICE_X10Y47   u_btnC_debouncer/count_reg[12]/C
High Pulse Width  Fast    FDCE/C   n/a            0.500         5.000       4.500      SLICE_X10Y47   u_btnC_debouncer/count_reg[12]/C



