Copyright 1986-2021 Xilinx, Inc. All Rights Reserved.
--------------------------------------------------------------------------------------------------------------------------------------------------------------------------------
| Tool Version : Vivado v.2021.1 (win64) Build 3247384 Thu Jun 10 19:36:33 MDT 2021
| Date         : Thu Feb 19 16:23:42 2026
| Host         : DESKTOP-PQ1PAHT running 64-bit major release  (build 9200)
| Command      : report_timing_summary -max_paths 10 -file top_timing_summary_routed.rpt -pb top_timing_summary_routed.pb -rpx top_timing_summary_routed.rpx -warn_on_violation
| Design       : top
| Device       : 7a35t-cpg236
| Speed File   : -1  PRODUCTION 1.23 2018-06-13
--------------------------------------------------------------------------------------------------------------------------------------------------------------------------------

Timing Summary Report

------------------------------------------------------------------------------------------------
| Timer Settings
| --------------
------------------------------------------------------------------------------------------------

  Enable Multi Corner Analysis               :  Yes
  Enable Pessimism Removal                   :  Yes
  Pessimism Removal Resolution               :  Nearest Common Node
  Enable Input Delay Default Clock           :  No
  Enable Preset / Clear Arcs                 :  No
  Disable Flight Delays                      :  No
  Ignore I/O Paths                           :  No
  Timing Early Launch at Borrowing Latches   :  No
  Borrow Time for Max Delay Exceptions       :  Yes
  Merge Timing Exceptions                    :  Yes

  Corner  Analyze    Analyze    
  Name    Max Paths  Min Paths  
  ------  ---------  ---------  
  Slow    Yes        Yes        
  Fast    Yes        Yes        


------------------------------------------------------------------------------------------------
| Report Methodology
| ------------------
------------------------------------------------------------------------------------------------

Rule       Severity          Description                    Violations  
---------  ----------------  -----------------------------  ----------  
TIMING-17  Critical Warning  Non-clocked sequential cell    2           
TIMING-18  Warning           Missing input or output delay  13          

Note: This report is based on the most recent report_methodology run and may not be up-to-date. Run report_methodology on the current design for the latest report.



check_timing report

Table of Contents
-----------------
1. checking no_clock (2)
2. checking constant_clock (0)
3. checking pulse_width_clock (0)
4. checking unconstrained_internal_endpoints (4)
5. checking no_input_delay (2)
6. checking no_output_delay (12)
7. checking multiple_clock (0)
8. checking generated_clocks (0)
9. checking loops (0)
10. checking partial_input_delay (0)
11. checking partial_output_delay (0)
12. checking latch_loops (0)

1. checking no_clock (2)
------------------------
 There are 2 register/latch pins with no clock driven by root clock pin: u_tick_generator/tick_reg/Q (HIGH)


2. checking constant_clock (0)
------------------------------
 There are 0 register/latch pins with constant_clock.


3. checking pulse_width_clock (0)
---------------------------------
 There are 0 register/latch pins which need pulse_width check


4. checking unconstrained_internal_endpoints (4)
------------------------------------------------
 There are 4 pins that are not constrained for maximum delay. (HIGH)

 There are 0 pins that are not constrained for maximum delay due to constant clock.


5. checking no_input_delay (2)
------------------------------
 There are 2 input ports with no input delay specified. (HIGH)

 There are 0 input ports with no input delay but user has a false path constraint.


6. checking no_output_delay (12)
--------------------------------
 There are 12 ports with no output delay specified. (HIGH)

 There are 0 ports with no output delay but user has a false path constraint

 There are 0 ports with no output delay but with a timing clock defined on it or propagating through it


7. checking multiple_clock (0)
------------------------------
 There are 0 register/latch pins with multiple clocks.


8. checking generated_clocks (0)
--------------------------------
 There are 0 generated clocks that are not connected to a clock source.


9. checking loops (0)
---------------------
 There are 0 combinational loops in the design.


10. checking partial_input_delay (0)
------------------------------------
 There are 0 input ports with partial input delay specified.


11. checking partial_output_delay (0)
-------------------------------------
 There are 0 ports with partial output delay specified.


12. checking latch_loops (0)
----------------------------
 There are 0 combinational latch loops in the design through latch input



------------------------------------------------------------------------------------------------
| Design Timing Summary
| ---------------------
------------------------------------------------------------------------------------------------

    WNS(ns)      TNS(ns)  TNS Failing Endpoints  TNS Total Endpoints      WHS(ns)      THS(ns)  THS Failing Endpoints  THS Total Endpoints     WPWS(ns)     TPWS(ns)  TPWS Failing Endpoints  TPWS Total Endpoints  
    -------      -------  ---------------------  -------------------      -------      -------  ---------------------  -------------------     --------     --------  ----------------------  --------------------  
      4.499        0.000                      0                  118        0.226        0.000                      0                  118        4.500        0.000                       0                   105  


All user specified timing constraints are met.


------------------------------------------------------------------------------------------------
| Clock Summary
| -------------
------------------------------------------------------------------------------------------------

Clock        Waveform(ns)       Period(ns)      Frequency(MHz)
-----        ------------       ----------      --------------
sys_clk_pin  {0.000 5.000}      10.000          100.000         


------------------------------------------------------------------------------------------------
| Intra Clock Table
| -----------------
------------------------------------------------------------------------------------------------

Clock             WNS(ns)      TNS(ns)  TNS Failing Endpoints  TNS Total Endpoints      WHS(ns)      THS(ns)  THS Failing Endpoints  THS Total Endpoints     WPWS(ns)     TPWS(ns)  TPWS Failing Endpoints  TPWS Total Endpoints  
-----             -------      -------  ---------------------  -------------------      -------      -------  ---------------------  -------------------     --------     --------  ----------------------  --------------------  
sys_clk_pin         4.499        0.000                      0                  118        0.226        0.000                      0                  118        4.500        0.000                       0                   105  


------------------------------------------------------------------------------------------------
| Inter Clock Table
| -----------------
------------------------------------------------------------------------------------------------

From Clock    To Clock          WNS(ns)      TNS(ns)  TNS Failing Endpoints  TNS Total Endpoints      WHS(ns)      THS(ns)  THS Failing Endpoints  THS Total Endpoints  
----------    --------          -------      -------  ---------------------  -------------------      -------      -------  ---------------------  -------------------  


------------------------------------------------------------------------------------------------
| Other Path Groups Table
| -----------------------
------------------------------------------------------------------------------------------------

Path Group    From Clock    To Clock          WNS(ns)      TNS(ns)  TNS Failing Endpoints  TNS Total Endpoints      WHS(ns)      THS(ns)  THS Failing Endpoints  THS Total Endpoints  
----------    ----------    --------          -------      -------  ---------------------  -------------------      -------      -------  ---------------------  -------------------  


------------------------------------------------------------------------------------------------
| Timing Details
| --------------
------------------------------------------------------------------------------------------------


---------------------------------------------------------------------------------------------------
From Clock:  sys_clk_pin
  To Clock:  sys_clk_pin

Setup :            0  Failing Endpoints,  Worst Slack        4.499ns,  Total Violation        0.000ns
Hold  :            0  Failing Endpoints,  Worst Slack        0.226ns,  Total Violation        0.000ns
PW    :            0  Failing Endpoints,  Worst Slack        4.500ns,  Total Violation        0.000ns
---------------------------------------------------------------------------------------------------


Max Delay Paths
--------------------------------------------------------------------------------------
Slack (MET) :             4.499ns  (required time - arrival time)
  Source:                 u_tick_gen/r_500ms_counter_reg[25]/C
                            (rising edge-triggered cell FDCE clocked by sys_clk_pin  {rise@0.000ns fall@5.000ns period=10.000ns})
  Destination:            u_tick_gen/r_500ms_counter_reg[25]/D
                            (rising edge-triggered cell FDCE clocked by sys_clk_pin  {rise@0.000ns fall@5.000ns period=10.000ns})
  Path Group:             sys_clk_pin
  Path Type:              Setup (Max at Slow Process Corner)
  Requirement:            10.000ns  (sys_clk_pin rise@10.000ns - sys_clk_pin rise@0.000ns)
  Data Path Delay:        5.527ns  (logic 2.134ns (38.609%)  route 3.393ns (61.391%))
  Logic Levels:           9  (CARRY4=7 LUT6=2)
  Clock Path Skew:        0.000ns (DCD - SCD + CPR)
    Destination Clock Delay (DCD):    4.860ns = ( 14.860 - 10.000 ) 
    Source Clock Delay      (SCD):    5.159ns
    Clock Pessimism Removal (CPR):    0.299ns
  Clock Uncertainty:      0.035ns  ((TSJ^2 + TIJ^2)^1/2 + DJ) / 2 + PE
    Total System Jitter     (TSJ):    0.071ns
    Total Input Jitter      (TIJ):    0.000ns
    Discrete Jitter          (DJ):    0.000ns
    Phase Error              (PE):    0.000ns

    Location             Delay type                Incr(ns)  Path(ns)    Netlist Resource(s)
  -------------------------------------------------------------------    -------------------
                         (clock sys_clk_pin rise edge)
                                                      0.000     0.000 r  
    W5                                                0.000     0.000 r  clk (IN)
                         net (fo=0)                   0.000     0.000    clk
    W5                   IBUF (Prop_ibuf_I_O)         1.458     1.458 r  clk_IBUF_inst/O
                         net (fo=1, routed)           1.967     3.425    clk_IBUF
    BUFGCTRL_X0Y0        BUFG (Prop_bufg_I_O)         0.096     3.521 r  clk_IBUF_BUFG_inst/O
                         net (fo=104, routed)         1.638     5.159    u_tick_gen/CLK
    SLICE_X0Y6           FDCE                                         r  u_tick_gen/r_500ms_counter_reg[25]/C
  -------------------------------------------------------------------    -------------------
    SLICE_X0Y6           FDCE (Prop_fdce_C_Q)         0.456     5.615 f  u_tick_gen/r_500ms_counter_reg[25]/Q
                         net (fo=29, routed)          1.986     7.601    u_tick_gen/r_500ms_counter_reg[25]
    SLICE_X1Y5           LUT6 (Prop_lut6_I2_O)        0.124     7.725 f  u_tick_gen/led_i_3/O
                         net (fo=28, routed)          1.213     8.938    u_tick_gen/led_i_3_n_0
    SLICE_X1Y0           LUT6 (Prop_lut6_I4_O)        0.124     9.062 r  u_tick_gen/r_500ms_counter[0]_i_2/O
                         net (fo=1, routed)           0.195     9.257    u_tick_gen/r_500ms_counter[0]_i_2_n_0
    SLICE_X0Y0           CARRY4 (Prop_carry4_DI[0]_CO[3])
                                                      0.526     9.783 r  u_tick_gen/r_500ms_counter_reg[0]_i_1/CO[3]
                         net (fo=1, routed)           0.000     9.783    u_tick_gen/r_500ms_counter_reg[0]_i_1_n_0
    SLICE_X0Y1           CARRY4 (Prop_carry4_CI_CO[3])
                                                      0.114     9.897 r  u_tick_gen/r_500ms_counter_reg[4]_i_1/CO[3]
                         net (fo=1, routed)           0.000     9.897    u_tick_gen/r_500ms_counter_reg[4]_i_1_n_0
    SLICE_X0Y2           CARRY4 (Prop_carry4_CI_CO[3])
                                                      0.114    10.011 r  u_tick_gen/r_500ms_counter_reg[8]_i_1/CO[3]
                         net (fo=1, routed)           0.000    10.011    u_tick_gen/r_500ms_counter_reg[8]_i_1_n_0
    SLICE_X0Y3           CARRY4 (Prop_carry4_CI_CO[3])
                                                      0.114    10.125 r  u_tick_gen/r_500ms_counter_reg[12]_i_1/CO[3]
                         net (fo=1, routed)           0.000    10.125    u_tick_gen/r_500ms_counter_reg[12]_i_1_n_0
    SLICE_X0Y4           CARRY4 (Prop_carry4_CI_CO[3])
                                                      0.114    10.239 r  u_tick_gen/r_500ms_counter_reg[16]_i_1/CO[3]
                         net (fo=1, routed)           0.000    10.239    u_tick_gen/r_500ms_counter_reg[16]_i_1_n_0
    SLICE_X0Y5           CARRY4 (Prop_carry4_CI_CO[3])
                                                      0.114    10.353 r  u_tick_gen/r_500ms_counter_reg[20]_i_1/CO[3]
                         net (fo=1, routed)           0.000    10.353    u_tick_gen/r_500ms_counter_reg[20]_i_1_n_0
    SLICE_X0Y6           CARRY4 (Prop_carry4_CI_O[1])
                                                      0.334    10.687 r  u_tick_gen/r_500ms_counter_reg[24]_i_1/O[1]
                         net (fo=1, routed)           0.000    10.687    u_tick_gen/r_500ms_counter_reg[24]_i_1_n_6
    SLICE_X0Y6           FDCE                                         r  u_tick_gen/r_500ms_counter_reg[25]/D
  -------------------------------------------------------------------    -------------------

                         (clock sys_clk_pin rise edge)
                                                     10.000    10.000 r  
    W5                                                0.000    10.000 r  clk (IN)
                         net (fo=0)                   0.000    10.000    clk
    W5                   IBUF (Prop_ibuf_I_O)         1.388    11.388 r  clk_IBUF_inst/O
                         net (fo=1, routed)           1.862    13.250    clk_IBUF
    BUFGCTRL_X0Y0        BUFG (Prop_bufg_I_O)         0.091    13.341 r  clk_IBUF_BUFG_inst/O
                         net (fo=104, routed)         1.519    14.860    u_tick_gen/CLK
    SLICE_X0Y6           FDCE                                         r  u_tick_gen/r_500ms_counter_reg[25]/C
                         clock pessimism              0.299    15.159    
                         clock uncertainty           -0.035    15.124    
    SLICE_X0Y6           FDCE (Setup_fdce_C_D)        0.062    15.186    u_tick_gen/r_500ms_counter_reg[25]
  -------------------------------------------------------------------
                         required time                         15.186    
                         arrival time                         -10.687    
  -------------------------------------------------------------------
                         slack                                  4.499    

Slack (MET) :             4.588ns  (required time - arrival time)
  Source:                 u_tick_gen/r_500ms_counter_reg[25]/C
                            (rising edge-triggered cell FDCE clocked by sys_clk_pin  {rise@0.000ns fall@5.000ns period=10.000ns})
  Destination:            u_tick_gen/r_500ms_counter_reg[21]/D
                            (rising edge-triggered cell FDCE clocked by sys_clk_pin  {rise@0.000ns fall@5.000ns period=10.000ns})
  Path Group:             sys_clk_pin
  Path Type:              Setup (Max at Slow Process Corner)
  Requirement:            10.000ns  (sys_clk_pin rise@10.000ns - sys_clk_pin rise@0.000ns)
  Data Path Delay:        5.413ns  (logic 2.020ns (37.316%)  route 3.393ns (62.684%))
  Logic Levels:           8  (CARRY4=6 LUT6=2)
  Clock Path Skew:        -0.025ns (DCD - SCD + CPR)
    Destination Clock Delay (DCD):    4.860ns = ( 14.860 - 10.000 ) 
    Source Clock Delay      (SCD):    5.159ns
    Clock Pessimism Removal (CPR):    0.274ns
  Clock Uncertainty:      0.035ns  ((TSJ^2 + TIJ^2)^1/2 + DJ) / 2 + PE
    Total System Jitter     (TSJ):    0.071ns
    Total Input Jitter      (TIJ):    0.000ns
    Discrete Jitter          (DJ):    0.000ns
    Phase Error              (PE):    0.000ns

    Location             Delay type                Incr(ns)  Path(ns)    Netlist Resource(s)
  -------------------------------------------------------------------    -------------------
                         (clock sys_clk_pin rise edge)
                                                      0.000     0.000 r  
    W5                                                0.000     0.000 r  clk (IN)
                         net (fo=0)                   0.000     0.000    clk
    W5                   IBUF (Prop_ibuf_I_O)         1.458     1.458 r  clk_IBUF_inst/O
                         net (fo=1, routed)           1.967     3.425    clk_IBUF
    BUFGCTRL_X0Y0        BUFG (Prop_bufg_I_O)         0.096     3.521 r  clk_IBUF_BUFG_inst/O
                         net (fo=104, routed)         1.638     5.159    u_tick_gen/CLK
    SLICE_X0Y6           FDCE                                         r  u_tick_gen/r_500ms_counter_reg[25]/C
  -------------------------------------------------------------------    -------------------
    SLICE_X0Y6           FDCE (Prop_fdce_C_Q)         0.456     5.615 f  u_tick_gen/r_500ms_counter_reg[25]/Q
                         net (fo=29, routed)          1.986     7.601    u_tick_gen/r_500ms_counter_reg[25]
    SLICE_X1Y5           LUT6 (Prop_lut6_I2_O)        0.124     7.725 f  u_tick_gen/led_i_3/O
                         net (fo=28, routed)          1.213     8.938    u_tick_gen/led_i_3_n_0
    SLICE_X1Y0           LUT6 (Prop_lut6_I4_O)        0.124     9.062 r  u_tick_gen/r_500ms_counter[0]_i_2/O
                         net (fo=1, routed)           0.195     9.257    u_tick_gen/r_500ms_counter[0]_i_2_n_0
    SLICE_X0Y0           CARRY4 (Prop_carry4_DI[0]_CO[3])
                                                      0.526     9.783 r  u_tick_gen/r_500ms_counter_reg[0]_i_1/CO[3]
                         net (fo=1, routed)           0.000     9.783    u_tick_gen/r_500ms_counter_reg[0]_i_1_n_0
    SLICE_X0Y1           CARRY4 (Prop_carry4_CI_CO[3])
                                                      0.114     9.897 r  u_tick_gen/r_500ms_counter_reg[4]_i_1/CO[3]
                         net (fo=1, routed)           0.000     9.897    u_tick_gen/r_500ms_counter_reg[4]_i_1_n_0
    SLICE_X0Y2           CARRY4 (Prop_carry4_CI_CO[3])
                                                      0.114    10.011 r  u_tick_gen/r_500ms_counter_reg[8]_i_1/CO[3]
                         net (fo=1, routed)           0.000    10.011    u_tick_gen/r_500ms_counter_reg[8]_i_1_n_0
    SLICE_X0Y3           CARRY4 (Prop_carry4_CI_CO[3])
                                                      0.114    10.125 r  u_tick_gen/r_500ms_counter_reg[12]_i_1/CO[3]
                         net (fo=1, routed)           0.000    10.125    u_tick_gen/r_500ms_counter_reg[12]_i_1_n_0
    SLICE_X0Y4           CARRY4 (Prop_carry4_CI_CO[3])
                                                      0.114    10.239 r  u_tick_gen/r_500ms_counter_reg[16]_i_1/CO[3]
                         net (fo=1, routed)           0.000    10.239    u_tick_gen/r_500ms_counter_reg[16]_i_1_n_0
    SLICE_X0Y5           CARRY4 (Prop_carry4_CI_O[1])
                                                      0.334    10.573 r  u_tick_gen/r_500ms_counter_reg[20]_i_1/O[1]
                         net (fo=1, routed)           0.000    10.573    u_tick_gen/r_500ms_counter_reg[20]_i_1_n_6
    SLICE_X0Y5           FDCE                                         r  u_tick_gen/r_500ms_counter_reg[21]/D
  -------------------------------------------------------------------    -------------------

                         (clock sys_clk_pin rise edge)
                                                     10.000    10.000 r  
    W5                                                0.000    10.000 r  clk (IN)
                         net (fo=0)                   0.000    10.000    clk
    W5                   IBUF (Prop_ibuf_I_O)         1.388    11.388 r  clk_IBUF_inst/O
                         net (fo=1, routed)           1.862    13.250    clk_IBUF
    BUFGCTRL_X0Y0        BUFG (Prop_bufg_I_O)         0.091    13.341 r  clk_IBUF_BUFG_inst/O
                         net (fo=104, routed)         1.519    14.860    u_tick_gen/CLK
    SLICE_X0Y5           FDCE                                         r  u_tick_gen/r_500ms_counter_reg[21]/C
                         clock pessimism              0.274    15.134    
                         clock uncertainty           -0.035    15.099    
    SLICE_X0Y5           FDCE (Setup_fdce_C_D)        0.062    15.161    u_tick_gen/r_500ms_counter_reg[21]
  -------------------------------------------------------------------
                         required time                         15.161    
                         arrival time                         -10.573    
  -------------------------------------------------------------------
                         slack                                  4.588    

Slack (MET) :             4.594ns  (required time - arrival time)
  Source:                 u_tick_gen/r_500ms_counter_reg[25]/C
                            (rising edge-triggered cell FDCE clocked by sys_clk_pin  {rise@0.000ns fall@5.000ns period=10.000ns})
  Destination:            u_tick_gen/r_500ms_counter_reg[26]/D
                            (rising edge-triggered cell FDCE clocked by sys_clk_pin  {rise@0.000ns fall@5.000ns period=10.000ns})
  Path Group:             sys_clk_pin
  Path Type:              Setup (Max at Slow Process Corner)
  Requirement:            10.000ns  (sys_clk_pin rise@10.000ns - sys_clk_pin rise@0.000ns)
  Data Path Delay:        5.432ns  (logic 2.039ns (37.535%)  route 3.393ns (62.465%))
  Logic Levels:           9  (CARRY4=7 LUT6=2)
  Clock Path Skew:        0.000ns (DCD - SCD + CPR)
    Destination Clock Delay (DCD):    4.860ns = ( 14.860 - 10.000 ) 
    Source Clock Delay      (SCD):    5.159ns
    Clock Pessimism Removal (CPR):    0.299ns
  Clock Uncertainty:      0.035ns  ((TSJ^2 + TIJ^2)^1/2 + DJ) / 2 + PE
    Total System Jitter     (TSJ):    0.071ns
    Total Input Jitter      (TIJ):    0.000ns
    Discrete Jitter          (DJ):    0.000ns
    Phase Error              (PE):    0.000ns

    Location             Delay type                Incr(ns)  Path(ns)    Netlist Resource(s)
  -------------------------------------------------------------------    -------------------
                         (clock sys_clk_pin rise edge)
                                                      0.000     0.000 r  
    W5                                                0.000     0.000 r  clk (IN)
                         net (fo=0)                   0.000     0.000    clk
    W5                   IBUF (Prop_ibuf_I_O)         1.458     1.458 r  clk_IBUF_inst/O
                         net (fo=1, routed)           1.967     3.425    clk_IBUF
    BUFGCTRL_X0Y0        BUFG (Prop_bufg_I_O)         0.096     3.521 r  clk_IBUF_BUFG_inst/O
                         net (fo=104, routed)         1.638     5.159    u_tick_gen/CLK
    SLICE_X0Y6           FDCE                                         r  u_tick_gen/r_500ms_counter_reg[25]/C
  -------------------------------------------------------------------    -------------------
    SLICE_X0Y6           FDCE (Prop_fdce_C_Q)         0.456     5.615 f  u_tick_gen/r_500ms_counter_reg[25]/Q
                         net (fo=29, routed)          1.986     7.601    u_tick_gen/r_500ms_counter_reg[25]
    SLICE_X1Y5           LUT6 (Prop_lut6_I2_O)        0.124     7.725 f  u_tick_gen/led_i_3/O
                         net (fo=28, routed)          1.213     8.938    u_tick_gen/led_i_3_n_0
    SLICE_X1Y0           LUT6 (Prop_lut6_I4_O)        0.124     9.062 r  u_tick_gen/r_500ms_counter[0]_i_2/O
                         net (fo=1, routed)           0.195     9.257    u_tick_gen/r_500ms_counter[0]_i_2_n_0
    SLICE_X0Y0           CARRY4 (Prop_carry4_DI[0]_CO[3])
                                                      0.526     9.783 r  u_tick_gen/r_500ms_counter_reg[0]_i_1/CO[3]
                         net (fo=1, routed)           0.000     9.783    u_tick_gen/r_500ms_counter_reg[0]_i_1_n_0
    SLICE_X0Y1           CARRY4 (Prop_carry4_CI_CO[3])
                                                      0.114     9.897 r  u_tick_gen/r_500ms_counter_reg[4]_i_1/CO[3]
                         net (fo=1, routed)           0.000     9.897    u_tick_gen/r_500ms_counter_reg[4]_i_1_n_0
    SLICE_X0Y2           CARRY4 (Prop_carry4_CI_CO[3])
                                                      0.114    10.011 r  u_tick_gen/r_500ms_counter_reg[8]_i_1/CO[3]
                         net (fo=1, routed)           0.000    10.011    u_tick_gen/r_500ms_counter_reg[8]_i_1_n_0
    SLICE_X0Y3           CARRY4 (Prop_carry4_CI_CO[3])
                                                      0.114    10.125 r  u_tick_gen/r_500ms_counter_reg[12]_i_1/CO[3]
                         net (fo=1, routed)           0.000    10.125    u_tick_gen/r_500ms_counter_reg[12]_i_1_n_0
    SLICE_X0Y4           CARRY4 (Prop_carry4_CI_CO[3])
                                                      0.114    10.239 r  u_tick_gen/r_500ms_counter_reg[16]_i_1/CO[3]
                         net (fo=1, routed)           0.000    10.239    u_tick_gen/r_500ms_counter_reg[16]_i_1_n_0
    SLICE_X0Y5           CARRY4 (Prop_carry4_CI_CO[3])
                                                      0.114    10.353 r  u_tick_gen/r_500ms_counter_reg[20]_i_1/CO[3]
                         net (fo=1, routed)           0.000    10.353    u_tick_gen/r_500ms_counter_reg[20]_i_1_n_0
    SLICE_X0Y6           CARRY4 (Prop_carry4_CI_O[2])
                                                      0.239    10.592 r  u_tick_gen/r_500ms_counter_reg[24]_i_1/O[2]
                         net (fo=1, routed)           0.000    10.592    u_tick_gen/r_500ms_counter_reg[24]_i_1_n_5
    SLICE_X0Y6           FDCE                                         r  u_tick_gen/r_500ms_counter_reg[26]/D
  -------------------------------------------------------------------    -------------------

                         (clock sys_clk_pin rise edge)
                                                     10.000    10.000 r  
    W5                                                0.000    10.000 r  clk (IN)
                         net (fo=0)                   0.000    10.000    clk
    W5                   IBUF (Prop_ibuf_I_O)         1.388    11.388 r  clk_IBUF_inst/O
                         net (fo=1, routed)           1.862    13.250    clk_IBUF
    BUFGCTRL_X0Y0        BUFG (Prop_bufg_I_O)         0.091    13.341 r  clk_IBUF_BUFG_inst/O
                         net (fo=104, routed)         1.519    14.860    u_tick_gen/CLK
    SLICE_X0Y6           FDCE                                         r  u_tick_gen/r_500ms_counter_reg[26]/C
                         clock pessimism              0.299    15.159    
                         clock uncertainty           -0.035    15.124    
    SLICE_X0Y6           FDCE (Setup_fdce_C_D)        0.062    15.186    u_tick_gen/r_500ms_counter_reg[26]
  -------------------------------------------------------------------
                         required time                         15.186    
                         arrival time                         -10.592    
  -------------------------------------------------------------------
                         slack                                  4.594    

Slack (MET) :             4.609ns  (required time - arrival time)
  Source:                 u_tick_gen/r_500ms_counter_reg[25]/C
                            (rising edge-triggered cell FDCE clocked by sys_clk_pin  {rise@0.000ns fall@5.000ns period=10.000ns})
  Destination:            u_tick_gen/r_500ms_counter_reg[23]/D
                            (rising edge-triggered cell FDCE clocked by sys_clk_pin  {rise@0.000ns fall@5.000ns period=10.000ns})
  Path Group:             sys_clk_pin
  Path Type:              Setup (Max at Slow Process Corner)
  Requirement:            10.000ns  (sys_clk_pin rise@10.000ns - sys_clk_pin rise@0.000ns)
  Data Path Delay:        5.392ns  (logic 1.999ns (37.072%)  route 3.393ns (62.928%))
  Logic Levels:           8  (CARRY4=6 LUT6=2)
  Clock Path Skew:        -0.025ns (DCD - SCD + CPR)
    Destination Clock Delay (DCD):    4.860ns = ( 14.860 - 10.000 ) 
    Source Clock Delay      (SCD):    5.159ns
    Clock Pessimism Removal (CPR):    0.274ns
  Clock Uncertainty:      0.035ns  ((TSJ^2 + TIJ^2)^1/2 + DJ) / 2 + PE
    Total System Jitter     (TSJ):    0.071ns
    Total Input Jitter      (TIJ):    0.000ns
    Discrete Jitter          (DJ):    0.000ns
    Phase Error              (PE):    0.000ns

    Location             Delay type                Incr(ns)  Path(ns)    Netlist Resource(s)
  -------------------------------------------------------------------    -------------------
                         (clock sys_clk_pin rise edge)
                                                      0.000     0.000 r  
    W5                                                0.000     0.000 r  clk (IN)
                         net (fo=0)                   0.000     0.000    clk
    W5                   IBUF (Prop_ibuf_I_O)         1.458     1.458 r  clk_IBUF_inst/O
                         net (fo=1, routed)           1.967     3.425    clk_IBUF
    BUFGCTRL_X0Y0        BUFG (Prop_bufg_I_O)         0.096     3.521 r  clk_IBUF_BUFG_inst/O
                         net (fo=104, routed)         1.638     5.159    u_tick_gen/CLK
    SLICE_X0Y6           FDCE                                         r  u_tick_gen/r_500ms_counter_reg[25]/C
  -------------------------------------------------------------------    -------------------
    SLICE_X0Y6           FDCE (Prop_fdce_C_Q)         0.456     5.615 f  u_tick_gen/r_500ms_counter_reg[25]/Q
                         net (fo=29, routed)          1.986     7.601    u_tick_gen/r_500ms_counter_reg[25]
    SLICE_X1Y5           LUT6 (Prop_lut6_I2_O)        0.124     7.725 f  u_tick_gen/led_i_3/O
                         net (fo=28, routed)          1.213     8.938    u_tick_gen/led_i_3_n_0
    SLICE_X1Y0           LUT6 (Prop_lut6_I4_O)        0.124     9.062 r  u_tick_gen/r_500ms_counter[0]_i_2/O
                         net (fo=1, routed)           0.195     9.257    u_tick_gen/r_500ms_counter[0]_i_2_n_0
    SLICE_X0Y0           CARRY4 (Prop_carry4_DI[0]_CO[3])
                                                      0.526     9.783 r  u_tick_gen/r_500ms_counter_reg[0]_i_1/CO[3]
                         net (fo=1, routed)           0.000     9.783    u_tick_gen/r_500ms_counter_reg[0]_i_1_n_0
    SLICE_X0Y1           CARRY4 (Prop_carry4_CI_CO[3])
                                                      0.114     9.897 r  u_tick_gen/r_500ms_counter_reg[4]_i_1/CO[3]
                         net (fo=1, routed)           0.000     9.897    u_tick_gen/r_500ms_counter_reg[4]_i_1_n_0
    SLICE_X0Y2           CARRY4 (Prop_carry4_CI_CO[3])
                                                      0.114    10.011 r  u_tick_gen/r_500ms_counter_reg[8]_i_1/CO[3]
                         net (fo=1, routed)           0.000    10.011    u_tick_gen/r_500ms_counter_reg[8]_i_1_n_0
    SLICE_X0Y3           CARRY4 (Prop_carry4_CI_CO[3])
                                                      0.114    10.125 r  u_tick_gen/r_500ms_counter_reg[12]_i_1/CO[3]
                         net (fo=1, routed)           0.000    10.125    u_tick_gen/r_500ms_counter_reg[12]_i_1_n_0
    SLICE_X0Y4           CARRY4 (Prop_carry4_CI_CO[3])
                                                      0.114    10.239 r  u_tick_gen/r_500ms_counter_reg[16]_i_1/CO[3]
                         net (fo=1, routed)           0.000    10.239    u_tick_gen/r_500ms_counter_reg[16]_i_1_n_0
    SLICE_X0Y5           CARRY4 (Prop_carry4_CI_O[3])
                                                      0.313    10.552 r  u_tick_gen/r_500ms_counter_reg[20]_i_1/O[3]
                         net (fo=1, routed)           0.000    10.552    u_tick_gen/r_500ms_counter_reg[20]_i_1_n_4
    SLICE_X0Y5           FDCE                                         r  u_tick_gen/r_500ms_counter_reg[23]/D
  -------------------------------------------------------------------    -------------------

                         (clock sys_clk_pin rise edge)
                                                     10.000    10.000 r  
    W5                                                0.000    10.000 r  clk (IN)
                         net (fo=0)                   0.000    10.000    clk
    W5                   IBUF (Prop_ibuf_I_O)         1.388    11.388 r  clk_IBUF_inst/O
                         net (fo=1, routed)           1.862    13.250    clk_IBUF
    BUFGCTRL_X0Y0        BUFG (Prop_bufg_I_O)         0.091    13.341 r  clk_IBUF_BUFG_inst/O
                         net (fo=104, routed)         1.519    14.860    u_tick_gen/CLK
    SLICE_X0Y5           FDCE                                         r  u_tick_gen/r_500ms_counter_reg[23]/C
                         clock pessimism              0.274    15.134    
                         clock uncertainty           -0.035    15.099    
    SLICE_X0Y5           FDCE (Setup_fdce_C_D)        0.062    15.161    u_tick_gen/r_500ms_counter_reg[23]
  -------------------------------------------------------------------
                         required time                         15.161    
                         arrival time                         -10.552    
  -------------------------------------------------------------------
                         slack                                  4.609    

Slack (MET) :             4.610ns  (required time - arrival time)
  Source:                 u_tick_gen/r_500ms_counter_reg[25]/C
                            (rising edge-triggered cell FDCE clocked by sys_clk_pin  {rise@0.000ns fall@5.000ns period=10.000ns})
  Destination:            u_tick_gen/r_500ms_counter_reg[24]/D
                            (rising edge-triggered cell FDCE clocked by sys_clk_pin  {rise@0.000ns fall@5.000ns period=10.000ns})
  Path Group:             sys_clk_pin
  Path Type:              Setup (Max at Slow Process Corner)
  Requirement:            10.000ns  (sys_clk_pin rise@10.000ns - sys_clk_pin rise@0.000ns)
  Data Path Delay:        5.416ns  (logic 2.023ns (37.351%)  route 3.393ns (62.649%))
  Logic Levels:           9  (CARRY4=7 LUT6=2)
  Clock Path Skew:        0.000ns (DCD - SCD + CPR)
    Destination Clock Delay (DCD):    4.860ns = ( 14.860 - 10.000 ) 
    Source Clock Delay      (SCD):    5.159ns
    Clock Pessimism Removal (CPR):    0.299ns
  Clock Uncertainty:      0.035ns  ((TSJ^2 + TIJ^2)^1/2 + DJ) / 2 + PE
    Total System Jitter     (TSJ):    0.071ns
    Total Input Jitter      (TIJ):    0.000ns
    Discrete Jitter          (DJ):    0.000ns
    Phase Error              (PE):    0.000ns

    Location             Delay type                Incr(ns)  Path(ns)    Netlist Resource(s)
  -------------------------------------------------------------------    -------------------
                         (clock sys_clk_pin rise edge)
                                                      0.000     0.000 r  
    W5                                                0.000     0.000 r  clk (IN)
                         net (fo=0)                   0.000     0.000    clk
    W5                   IBUF (Prop_ibuf_I_O)         1.458     1.458 r  clk_IBUF_inst/O
                         net (fo=1, routed)           1.967     3.425    clk_IBUF
    BUFGCTRL_X0Y0        BUFG (Prop_bufg_I_O)         0.096     3.521 r  clk_IBUF_BUFG_inst/O
                         net (fo=104, routed)         1.638     5.159    u_tick_gen/CLK
    SLICE_X0Y6           FDCE                                         r  u_tick_gen/r_500ms_counter_reg[25]/C
  -------------------------------------------------------------------    -------------------
    SLICE_X0Y6           FDCE (Prop_fdce_C_Q)         0.456     5.615 f  u_tick_gen/r_500ms_counter_reg[25]/Q
                         net (fo=29, routed)          1.986     7.601    u_tick_gen/r_500ms_counter_reg[25]
    SLICE_X1Y5           LUT6 (Prop_lut6_I2_O)        0.124     7.725 f  u_tick_gen/led_i_3/O
                         net (fo=28, routed)          1.213     8.938    u_tick_gen/led_i_3_n_0
    SLICE_X1Y0           LUT6 (Prop_lut6_I4_O)        0.124     9.062 r  u_tick_gen/r_500ms_counter[0]_i_2/O
                         net (fo=1, routed)           0.195     9.257    u_tick_gen/r_500ms_counter[0]_i_2_n_0
    SLICE_X0Y0           CARRY4 (Prop_carry4_DI[0]_CO[3])
                                                      0.526     9.783 r  u_tick_gen/r_500ms_counter_reg[0]_i_1/CO[3]
                         net (fo=1, routed)           0.000     9.783    u_tick_gen/r_500ms_counter_reg[0]_i_1_n_0
    SLICE_X0Y1           CARRY4 (Prop_carry4_CI_CO[3])
                                                      0.114     9.897 r  u_tick_gen/r_500ms_counter_reg[4]_i_1/CO[3]
                         net (fo=1, routed)           0.000     9.897    u_tick_gen/r_500ms_counter_reg[4]_i_1_n_0
    SLICE_X0Y2           CARRY4 (Prop_carry4_CI_CO[3])
                                                      0.114    10.011 r  u_tick_gen/r_500ms_counter_reg[8]_i_1/CO[3]
                         net (fo=1, routed)           0.000    10.011    u_tick_gen/r_500ms_counter_reg[8]_i_1_n_0
    SLICE_X0Y3           CARRY4 (Prop_carry4_CI_CO[3])
                                                      0.114    10.125 r  u_tick_gen/r_500ms_counter_reg[12]_i_1/CO[3]
                         net (fo=1, routed)           0.000    10.125    u_tick_gen/r_500ms_counter_reg[12]_i_1_n_0
    SLICE_X0Y4           CARRY4 (Prop_carry4_CI_CO[3])
                                                      0.114    10.239 r  u_tick_gen/r_500ms_counter_reg[16]_i_1/CO[3]
                         net (fo=1, routed)           0.000    10.239    u_tick_gen/r_500ms_counter_reg[16]_i_1_n_0
    SLICE_X0Y5           CARRY4 (Prop_carry4_CI_CO[3])
                                                      0.114    10.353 r  u_tick_gen/r_500ms_counter_reg[20]_i_1/CO[3]
                         net (fo=1, routed)           0.000    10.353    u_tick_gen/r_500ms_counter_reg[20]_i_1_n_0
    SLICE_X0Y6           CARRY4 (Prop_carry4_CI_O[0])
                                                      0.223    10.576 r  u_tick_gen/r_500ms_counter_reg[24]_i_1/O[0]
                         net (fo=1, routed)           0.000    10.576    u_tick_gen/r_500ms_counter_reg[24]_i_1_n_7
    SLICE_X0Y6           FDCE                                         r  u_tick_gen/r_500ms_counter_reg[24]/D
  -------------------------------------------------------------------    -------------------

                         (clock sys_clk_pin rise edge)
                                                     10.000    10.000 r  
    W5                                                0.000    10.000 r  clk (IN)
                         net (fo=0)                   0.000    10.000    clk
    W5                   IBUF (Prop_ibuf_I_O)         1.388    11.388 r  clk_IBUF_inst/O
                         net (fo=1, routed)           1.862    13.250    clk_IBUF
    BUFGCTRL_X0Y0        BUFG (Prop_bufg_I_O)         0.091    13.341 r  clk_IBUF_BUFG_inst/O
                         net (fo=104, routed)         1.519    14.860    u_tick_gen/CLK
    SLICE_X0Y6           FDCE                                         r  u_tick_gen/r_500ms_counter_reg[24]/C
                         clock pessimism              0.299    15.159    
                         clock uncertainty           -0.035    15.124    
    SLICE_X0Y6           FDCE (Setup_fdce_C_D)        0.062    15.186    u_tick_gen/r_500ms_counter_reg[24]
  -------------------------------------------------------------------
                         required time                         15.186    
                         arrival time                         -10.576    
  -------------------------------------------------------------------
                         slack                                  4.610    

Slack (MET) :             4.683ns  (required time - arrival time)
  Source:                 u_tick_gen/r_500ms_counter_reg[25]/C
                            (rising edge-triggered cell FDCE clocked by sys_clk_pin  {rise@0.000ns fall@5.000ns period=10.000ns})
  Destination:            u_tick_gen/r_500ms_counter_reg[22]/D
                            (rising edge-triggered cell FDCE clocked by sys_clk_pin  {rise@0.000ns fall@5.000ns period=10.000ns})
  Path Group:             sys_clk_pin
  Path Type:              Setup (Max at Slow Process Corner)
  Requirement:            10.000ns  (sys_clk_pin rise@10.000ns - sys_clk_pin rise@0.000ns)
  Data Path Delay:        5.318ns  (logic 1.925ns (36.196%)  route 3.393ns (63.804%))
  Logic Levels:           8  (CARRY4=6 LUT6=2)
  Clock Path Skew:        -0.025ns (DCD - SCD + CPR)
    Destination Clock Delay (DCD):    4.860ns = ( 14.860 - 10.000 ) 
    Source Clock Delay      (SCD):    5.159ns
    Clock Pessimism Removal (CPR):    0.274ns
  Clock Uncertainty:      0.035ns  ((TSJ^2 + TIJ^2)^1/2 + DJ) / 2 + PE
    Total System Jitter     (TSJ):    0.071ns
    Total Input Jitter      (TIJ):    0.000ns
    Discrete Jitter          (DJ):    0.000ns
    Phase Error              (PE):    0.000ns

    Location             Delay type                Incr(ns)  Path(ns)    Netlist Resource(s)
  -------------------------------------------------------------------    -------------------
                         (clock sys_clk_pin rise edge)
                                                      0.000     0.000 r  
    W5                                                0.000     0.000 r  clk (IN)
                         net (fo=0)                   0.000     0.000    clk
    W5                   IBUF (Prop_ibuf_I_O)         1.458     1.458 r  clk_IBUF_inst/O
                         net (fo=1, routed)           1.967     3.425    clk_IBUF
    BUFGCTRL_X0Y0        BUFG (Prop_bufg_I_O)         0.096     3.521 r  clk_IBUF_BUFG_inst/O
                         net (fo=104, routed)         1.638     5.159    u_tick_gen/CLK
    SLICE_X0Y6           FDCE                                         r  u_tick_gen/r_500ms_counter_reg[25]/C
  -------------------------------------------------------------------    -------------------
    SLICE_X0Y6           FDCE (Prop_fdce_C_Q)         0.456     5.615 f  u_tick_gen/r_500ms_counter_reg[25]/Q
                         net (fo=29, routed)          1.986     7.601    u_tick_gen/r_500ms_counter_reg[25]
    SLICE_X1Y5           LUT6 (Prop_lut6_I2_O)        0.124     7.725 f  u_tick_gen/led_i_3/O
                         net (fo=28, routed)          1.213     8.938    u_tick_gen/led_i_3_n_0
    SLICE_X1Y0           LUT6 (Prop_lut6_I4_O)        0.124     9.062 r  u_tick_gen/r_500ms_counter[0]_i_2/O
                         net (fo=1, routed)           0.195     9.257    u_tick_gen/r_500ms_counter[0]_i_2_n_0
    SLICE_X0Y0           CARRY4 (Prop_carry4_DI[0]_CO[3])
                                                      0.526     9.783 r  u_tick_gen/r_500ms_counter_reg[0]_i_1/CO[3]
                         net (fo=1, routed)           0.000     9.783    u_tick_gen/r_500ms_counter_reg[0]_i_1_n_0
    SLICE_X0Y1           CARRY4 (Prop_carry4_CI_CO[3])
                                                      0.114     9.897 r  u_tick_gen/r_500ms_counter_reg[4]_i_1/CO[3]
                         net (fo=1, routed)           0.000     9.897    u_tick_gen/r_500ms_counter_reg[4]_i_1_n_0
    SLICE_X0Y2           CARRY4 (Prop_carry4_CI_CO[3])
                                                      0.114    10.011 r  u_tick_gen/r_500ms_counter_reg[8]_i_1/CO[3]
                         net (fo=1, routed)           0.000    10.011    u_tick_gen/r_500ms_counter_reg[8]_i_1_n_0
    SLICE_X0Y3           CARRY4 (Prop_carry4_CI_CO[3])
                                                      0.114    10.125 r  u_tick_gen/r_500ms_counter_reg[12]_i_1/CO[3]
                         net (fo=1, routed)           0.000    10.125    u_tick_gen/r_500ms_counter_reg[12]_i_1_n_0
    SLICE_X0Y4           CARRY4 (Prop_carry4_CI_CO[3])
                                                      0.114    10.239 r  u_tick_gen/r_500ms_counter_reg[16]_i_1/CO[3]
                         net (fo=1, routed)           0.000    10.239    u_tick_gen/r_500ms_counter_reg[16]_i_1_n_0
    SLICE_X0Y5           CARRY4 (Prop_carry4_CI_O[2])
                                                      0.239    10.478 r  u_tick_gen/r_500ms_counter_reg[20]_i_1/O[2]
                         net (fo=1, routed)           0.000    10.478    u_tick_gen/r_500ms_counter_reg[20]_i_1_n_5
    SLICE_X0Y5           FDCE                                         r  u_tick_gen/r_500ms_counter_reg[22]/D
  -------------------------------------------------------------------    -------------------

                         (clock sys_clk_pin rise edge)
                                                     10.000    10.000 r  
    W5                                                0.000    10.000 r  clk (IN)
                         net (fo=0)                   0.000    10.000    clk
    W5                   IBUF (Prop_ibuf_I_O)         1.388    11.388 r  clk_IBUF_inst/O
                         net (fo=1, routed)           1.862    13.250    clk_IBUF
    BUFGCTRL_X0Y0        BUFG (Prop_bufg_I_O)         0.091    13.341 r  clk_IBUF_BUFG_inst/O
                         net (fo=104, routed)         1.519    14.860    u_tick_gen/CLK
    SLICE_X0Y5           FDCE                                         r  u_tick_gen/r_500ms_counter_reg[22]/C
                         clock pessimism              0.274    15.134    
                         clock uncertainty           -0.035    15.099    
    SLICE_X0Y5           FDCE (Setup_fdce_C_D)        0.062    15.161    u_tick_gen/r_500ms_counter_reg[22]
  -------------------------------------------------------------------
                         required time                         15.161    
                         arrival time                         -10.478    
  -------------------------------------------------------------------
                         slack                                  4.683    

Slack (MET) :             4.699ns  (required time - arrival time)
  Source:                 u_tick_gen/r_500ms_counter_reg[25]/C
                            (rising edge-triggered cell FDCE clocked by sys_clk_pin  {rise@0.000ns fall@5.000ns period=10.000ns})
  Destination:            u_tick_gen/r_500ms_counter_reg[20]/D
                            (rising edge-triggered cell FDCE clocked by sys_clk_pin  {rise@0.000ns fall@5.000ns period=10.000ns})
  Path Group:             sys_clk_pin
  Path Type:              Setup (Max at Slow Process Corner)
  Requirement:            10.000ns  (sys_clk_pin rise@10.000ns - sys_clk_pin rise@0.000ns)
  Data Path Delay:        5.302ns  (logic 1.909ns (36.004%)  route 3.393ns (63.996%))
  Logic Levels:           8  (CARRY4=6 LUT6=2)
  Clock Path Skew:        -0.025ns (DCD - SCD + CPR)
    Destination Clock Delay (DCD):    4.860ns = ( 14.860 - 10.000 ) 
    Source Clock Delay      (SCD):    5.159ns
    Clock Pessimism Removal (CPR):    0.274ns
  Clock Uncertainty:      0.035ns  ((TSJ^2 + TIJ^2)^1/2 + DJ) / 2 + PE
    Total System Jitter     (TSJ):    0.071ns
    Total Input Jitter      (TIJ):    0.000ns
    Discrete Jitter          (DJ):    0.000ns
    Phase Error              (PE):    0.000ns

    Location             Delay type                Incr(ns)  Path(ns)    Netlist Resource(s)
  -------------------------------------------------------------------    -------------------
                         (clock sys_clk_pin rise edge)
                                                      0.000     0.000 r  
    W5                                                0.000     0.000 r  clk (IN)
                         net (fo=0)                   0.000     0.000    clk
    W5                   IBUF (Prop_ibuf_I_O)         1.458     1.458 r  clk_IBUF_inst/O
                         net (fo=1, routed)           1.967     3.425    clk_IBUF
    BUFGCTRL_X0Y0        BUFG (Prop_bufg_I_O)         0.096     3.521 r  clk_IBUF_BUFG_inst/O
                         net (fo=104, routed)         1.638     5.159    u_tick_gen/CLK
    SLICE_X0Y6           FDCE                                         r  u_tick_gen/r_500ms_counter_reg[25]/C
  -------------------------------------------------------------------    -------------------
    SLICE_X0Y6           FDCE (Prop_fdce_C_Q)         0.456     5.615 f  u_tick_gen/r_500ms_counter_reg[25]/Q
                         net (fo=29, routed)          1.986     7.601    u_tick_gen/r_500ms_counter_reg[25]
    SLICE_X1Y5           LUT6 (Prop_lut6_I2_O)        0.124     7.725 f  u_tick_gen/led_i_3/O
                         net (fo=28, routed)          1.213     8.938    u_tick_gen/led_i_3_n_0
    SLICE_X1Y0           LUT6 (Prop_lut6_I4_O)        0.124     9.062 r  u_tick_gen/r_500ms_counter[0]_i_2/O
                         net (fo=1, routed)           0.195     9.257    u_tick_gen/r_500ms_counter[0]_i_2_n_0
    SLICE_X0Y0           CARRY4 (Prop_carry4_DI[0]_CO[3])
                                                      0.526     9.783 r  u_tick_gen/r_500ms_counter_reg[0]_i_1/CO[3]
                         net (fo=1, routed)           0.000     9.783    u_tick_gen/r_500ms_counter_reg[0]_i_1_n_0
    SLICE_X0Y1           CARRY4 (Prop_carry4_CI_CO[3])
                                                      0.114     9.897 r  u_tick_gen/r_500ms_counter_reg[4]_i_1/CO[3]
                         net (fo=1, routed)           0.000     9.897    u_tick_gen/r_500ms_counter_reg[4]_i_1_n_0
    SLICE_X0Y2           CARRY4 (Prop_carry4_CI_CO[3])
                                                      0.114    10.011 r  u_tick_gen/r_500ms_counter_reg[8]_i_1/CO[3]
                         net (fo=1, routed)           0.000    10.011    u_tick_gen/r_500ms_counter_reg[8]_i_1_n_0
    SLICE_X0Y3           CARRY4 (Prop_carry4_CI_CO[3])
                                                      0.114    10.125 r  u_tick_gen/r_500ms_counter_reg[12]_i_1/CO[3]
                         net (fo=1, routed)           0.000    10.125    u_tick_gen/r_500ms_counter_reg[12]_i_1_n_0
    SLICE_X0Y4           CARRY4 (Prop_carry4_CI_CO[3])
                                                      0.114    10.239 r  u_tick_gen/r_500ms_counter_reg[16]_i_1/CO[3]
                         net (fo=1, routed)           0.000    10.239    u_tick_gen/r_500ms_counter_reg[16]_i_1_n_0
    SLICE_X0Y5           CARRY4 (Prop_carry4_CI_O[0])
                                                      0.223    10.462 r  u_tick_gen/r_500ms_counter_reg[20]_i_1/O[0]
                         net (fo=1, routed)           0.000    10.462    u_tick_gen/r_500ms_counter_reg[20]_i_1_n_7
    SLICE_X0Y5           FDCE                                         r  u_tick_gen/r_500ms_counter_reg[20]/D
  -------------------------------------------------------------------    -------------------

                         (clock sys_clk_pin rise edge)
                                                     10.000    10.000 r  
    W5                                                0.000    10.000 r  clk (IN)
                         net (fo=0)                   0.000    10.000    clk
    W5                   IBUF (Prop_ibuf_I_O)         1.388    11.388 r  clk_IBUF_inst/O
                         net (fo=1, routed)           1.862    13.250    clk_IBUF
    BUFGCTRL_X0Y0        BUFG (Prop_bufg_I_O)         0.091    13.341 r  clk_IBUF_BUFG_inst/O
                         net (fo=104, routed)         1.519    14.860    u_tick_gen/CLK
    SLICE_X0Y5           FDCE                                         r  u_tick_gen/r_500ms_counter_reg[20]/C
                         clock pessimism              0.274    15.134    
                         clock uncertainty           -0.035    15.099    
    SLICE_X0Y5           FDCE (Setup_fdce_C_D)        0.062    15.161    u_tick_gen/r_500ms_counter_reg[20]
  -------------------------------------------------------------------
                         required time                         15.161    
                         arrival time                         -10.462    
  -------------------------------------------------------------------
                         slack                                  4.699    

Slack (MET) :             4.702ns  (required time - arrival time)
  Source:                 u_tick_gen/r_500ms_counter_reg[25]/C
                            (rising edge-triggered cell FDCE clocked by sys_clk_pin  {rise@0.000ns fall@5.000ns period=10.000ns})
  Destination:            u_tick_gen/r_500ms_counter_reg[17]/D
                            (rising edge-triggered cell FDCE clocked by sys_clk_pin  {rise@0.000ns fall@5.000ns period=10.000ns})
  Path Group:             sys_clk_pin
  Path Type:              Setup (Max at Slow Process Corner)
  Requirement:            10.000ns  (sys_clk_pin rise@10.000ns - sys_clk_pin rise@0.000ns)
  Data Path Delay:        5.299ns  (logic 1.906ns (35.967%)  route 3.393ns (64.033%))
  Logic Levels:           7  (CARRY4=5 LUT6=2)
  Clock Path Skew:        -0.025ns (DCD - SCD + CPR)
    Destination Clock Delay (DCD):    4.860ns = ( 14.860 - 10.000 ) 
    Source Clock Delay      (SCD):    5.159ns
    Clock Pessimism Removal (CPR):    0.274ns
  Clock Uncertainty:      0.035ns  ((TSJ^2 + TIJ^2)^1/2 + DJ) / 2 + PE
    Total System Jitter     (TSJ):    0.071ns
    Total Input Jitter      (TIJ):    0.000ns
    Discrete Jitter          (DJ):    0.000ns
    Phase Error              (PE):    0.000ns

    Location             Delay type                Incr(ns)  Path(ns)    Netlist Resource(s)
  -------------------------------------------------------------------    -------------------
                         (clock sys_clk_pin rise edge)
                                                      0.000     0.000 r  
    W5                                                0.000     0.000 r  clk (IN)
                         net (fo=0)                   0.000     0.000    clk
    W5                   IBUF (Prop_ibuf_I_O)         1.458     1.458 r  clk_IBUF_inst/O
                         net (fo=1, routed)           1.967     3.425    clk_IBUF
    BUFGCTRL_X0Y0        BUFG (Prop_bufg_I_O)         0.096     3.521 r  clk_IBUF_BUFG_inst/O
                         net (fo=104, routed)         1.638     5.159    u_tick_gen/CLK
    SLICE_X0Y6           FDCE                                         r  u_tick_gen/r_500ms_counter_reg[25]/C
  -------------------------------------------------------------------    -------------------
    SLICE_X0Y6           FDCE (Prop_fdce_C_Q)         0.456     5.615 f  u_tick_gen/r_500ms_counter_reg[25]/Q
                         net (fo=29, routed)          1.986     7.601    u_tick_gen/r_500ms_counter_reg[25]
    SLICE_X1Y5           LUT6 (Prop_lut6_I2_O)        0.124     7.725 f  u_tick_gen/led_i_3/O
                         net (fo=28, routed)          1.213     8.938    u_tick_gen/led_i_3_n_0
    SLICE_X1Y0           LUT6 (Prop_lut6_I4_O)        0.124     9.062 r  u_tick_gen/r_500ms_counter[0]_i_2/O
                         net (fo=1, routed)           0.195     9.257    u_tick_gen/r_500ms_counter[0]_i_2_n_0
    SLICE_X0Y0           CARRY4 (Prop_carry4_DI[0]_CO[3])
                                                      0.526     9.783 r  u_tick_gen/r_500ms_counter_reg[0]_i_1/CO[3]
                         net (fo=1, routed)           0.000     9.783    u_tick_gen/r_500ms_counter_reg[0]_i_1_n_0
    SLICE_X0Y1           CARRY4 (Prop_carry4_CI_CO[3])
                                                      0.114     9.897 r  u_tick_gen/r_500ms_counter_reg[4]_i_1/CO[3]
                         net (fo=1, routed)           0.000     9.897    u_tick_gen/r_500ms_counter_reg[4]_i_1_n_0
    SLICE_X0Y2           CARRY4 (Prop_carry4_CI_CO[3])
                                                      0.114    10.011 r  u_tick_gen/r_500ms_counter_reg[8]_i_1/CO[3]
                         net (fo=1, routed)           0.000    10.011    u_tick_gen/r_500ms_counter_reg[8]_i_1_n_0
    SLICE_X0Y3           CARRY4 (Prop_carry4_CI_CO[3])
                                                      0.114    10.125 r  u_tick_gen/r_500ms_counter_reg[12]_i_1/CO[3]
                         net (fo=1, routed)           0.000    10.125    u_tick_gen/r_500ms_counter_reg[12]_i_1_n_0
    SLICE_X0Y4           CARRY4 (Prop_carry4_CI_O[1])
                                                      0.334    10.459 r  u_tick_gen/r_500ms_counter_reg[16]_i_1/O[1]
                         net (fo=1, routed)           0.000    10.459    u_tick_gen/r_500ms_counter_reg[16]_i_1_n_6
    SLICE_X0Y4           FDCE                                         r  u_tick_gen/r_500ms_counter_reg[17]/D
  -------------------------------------------------------------------    -------------------

                         (clock sys_clk_pin rise edge)
                                                     10.000    10.000 r  
    W5                                                0.000    10.000 r  clk (IN)
                         net (fo=0)                   0.000    10.000    clk
    W5                   IBUF (Prop_ibuf_I_O)         1.388    11.388 r  clk_IBUF_inst/O
                         net (fo=1, routed)           1.862    13.250    clk_IBUF
    BUFGCTRL_X0Y0        BUFG (Prop_bufg_I_O)         0.091    13.341 r  clk_IBUF_BUFG_inst/O
                         net (fo=104, routed)         1.519    14.860    u_tick_gen/CLK
    SLICE_X0Y4           FDCE                                         r  u_tick_gen/r_500ms_counter_reg[17]/C
                         clock pessimism              0.274    15.134    
                         clock uncertainty           -0.035    15.099    
    SLICE_X0Y4           FDCE (Setup_fdce_C_D)        0.062    15.161    u_tick_gen/r_500ms_counter_reg[17]
  -------------------------------------------------------------------
                         required time                         15.161    
                         arrival time                         -10.459    
  -------------------------------------------------------------------
                         slack                                  4.702    

Slack (MET) :             4.723ns  (required time - arrival time)
  Source:                 u_tick_gen/r_500ms_counter_reg[25]/C
                            (rising edge-triggered cell FDCE clocked by sys_clk_pin  {rise@0.000ns fall@5.000ns period=10.000ns})
  Destination:            u_tick_gen/r_500ms_counter_reg[19]/D
                            (rising edge-triggered cell FDCE clocked by sys_clk_pin  {rise@0.000ns fall@5.000ns period=10.000ns})
  Path Group:             sys_clk_pin
  Path Type:              Setup (Max at Slow Process Corner)
  Requirement:            10.000ns  (sys_clk_pin rise@10.000ns - sys_clk_pin rise@0.000ns)
  Data Path Delay:        5.278ns  (logic 1.885ns (35.713%)  route 3.393ns (64.287%))
  Logic Levels:           7  (CARRY4=5 LUT6=2)
  Clock Path Skew:        -0.025ns (DCD - SCD + CPR)
    Destination Clock Delay (DCD):    4.860ns = ( 14.860 - 10.000 ) 
    Source Clock Delay      (SCD):    5.159ns
    Clock Pessimism Removal (CPR):    0.274ns
  Clock Uncertainty:      0.035ns  ((TSJ^2 + TIJ^2)^1/2 + DJ) / 2 + PE
    Total System Jitter     (TSJ):    0.071ns
    Total Input Jitter      (TIJ):    0.000ns
    Discrete Jitter          (DJ):    0.000ns
    Phase Error              (PE):    0.000ns

    Location             Delay type                Incr(ns)  Path(ns)    Netlist Resource(s)
  -------------------------------------------------------------------    -------------------
                         (clock sys_clk_pin rise edge)
                                                      0.000     0.000 r  
    W5                                                0.000     0.000 r  clk (IN)
                         net (fo=0)                   0.000     0.000    clk
    W5                   IBUF (Prop_ibuf_I_O)         1.458     1.458 r  clk_IBUF_inst/O
                         net (fo=1, routed)           1.967     3.425    clk_IBUF
    BUFGCTRL_X0Y0        BUFG (Prop_bufg_I_O)         0.096     3.521 r  clk_IBUF_BUFG_inst/O
                         net (fo=104, routed)         1.638     5.159    u_tick_gen/CLK
    SLICE_X0Y6           FDCE                                         r  u_tick_gen/r_500ms_counter_reg[25]/C
  -------------------------------------------------------------------    -------------------
    SLICE_X0Y6           FDCE (Prop_fdce_C_Q)         0.456     5.615 f  u_tick_gen/r_500ms_counter_reg[25]/Q
                         net (fo=29, routed)          1.986     7.601    u_tick_gen/r_500ms_counter_reg[25]
    SLICE_X1Y5           LUT6 (Prop_lut6_I2_O)        0.124     7.725 f  u_tick_gen/led_i_3/O
                         net (fo=28, routed)          1.213     8.938    u_tick_gen/led_i_3_n_0
    SLICE_X1Y0           LUT6 (Prop_lut6_I4_O)        0.124     9.062 r  u_tick_gen/r_500ms_counter[0]_i_2/O
                         net (fo=1, routed)           0.195     9.257    u_tick_gen/r_500ms_counter[0]_i_2_n_0
    SLICE_X0Y0           CARRY4 (Prop_carry4_DI[0]_CO[3])
                                                      0.526     9.783 r  u_tick_gen/r_500ms_counter_reg[0]_i_1/CO[3]
                         net (fo=1, routed)           0.000     9.783    u_tick_gen/r_500ms_counter_reg[0]_i_1_n_0
    SLICE_X0Y1           CARRY4 (Prop_carry4_CI_CO[3])
                                                      0.114     9.897 r  u_tick_gen/r_500ms_counter_reg[4]_i_1/CO[3]
                         net (fo=1, routed)           0.000     9.897    u_tick_gen/r_500ms_counter_reg[4]_i_1_n_0
    SLICE_X0Y2           CARRY4 (Prop_carry4_CI_CO[3])
                                                      0.114    10.011 r  u_tick_gen/r_500ms_counter_reg[8]_i_1/CO[3]
                         net (fo=1, routed)           0.000    10.011    u_tick_gen/r_500ms_counter_reg[8]_i_1_n_0
    SLICE_X0Y3           CARRY4 (Prop_carry4_CI_CO[3])
                                                      0.114    10.125 r  u_tick_gen/r_500ms_counter_reg[12]_i_1/CO[3]
                         net (fo=1, routed)           0.000    10.125    u_tick_gen/r_500ms_counter_reg[12]_i_1_n_0
    SLICE_X0Y4           CARRY4 (Prop_carry4_CI_O[3])
                                                      0.313    10.438 r  u_tick_gen/r_500ms_counter_reg[16]_i_1/O[3]
                         net (fo=1, routed)           0.000    10.438    u_tick_gen/r_500ms_counter_reg[16]_i_1_n_4
    SLICE_X0Y4           FDCE                                         r  u_tick_gen/r_500ms_counter_reg[19]/D
  -------------------------------------------------------------------    -------------------

                         (clock sys_clk_pin rise edge)
                                                     10.000    10.000 r  
    W5                                                0.000    10.000 r  clk (IN)
                         net (fo=0)                   0.000    10.000    clk
    W5                   IBUF (Prop_ibuf_I_O)         1.388    11.388 r  clk_IBUF_inst/O
                         net (fo=1, routed)           1.862    13.250    clk_IBUF
    BUFGCTRL_X0Y0        BUFG (Prop_bufg_I_O)         0.091    13.341 r  clk_IBUF_BUFG_inst/O
                         net (fo=104, routed)         1.519    14.860    u_tick_gen/CLK
    SLICE_X0Y4           FDCE                                         r  u_tick_gen/r_500ms_counter_reg[19]/C
                         clock pessimism              0.274    15.134    
                         clock uncertainty           -0.035    15.099    
    SLICE_X0Y4           FDCE (Setup_fdce_C_D)        0.062    15.161    u_tick_gen/r_500ms_counter_reg[19]
  -------------------------------------------------------------------
                         required time                         15.161    
                         arrival time                         -10.438    
  -------------------------------------------------------------------
                         slack                                  4.723    

Slack (MET) :             4.797ns  (required time - arrival time)
  Source:                 u_tick_gen/r_500ms_counter_reg[25]/C
                            (rising edge-triggered cell FDCE clocked by sys_clk_pin  {rise@0.000ns fall@5.000ns period=10.000ns})
  Destination:            u_tick_gen/r_500ms_counter_reg[18]/D
                            (rising edge-triggered cell FDCE clocked by sys_clk_pin  {rise@0.000ns fall@5.000ns period=10.000ns})
  Path Group:             sys_clk_pin
  Path Type:              Setup (Max at Slow Process Corner)
  Requirement:            10.000ns  (sys_clk_pin rise@10.000ns - sys_clk_pin rise@0.000ns)
  Data Path Delay:        5.204ns  (logic 1.811ns (34.798%)  route 3.393ns (65.201%))
  Logic Levels:           7  (CARRY4=5 LUT6=2)
  Clock Path Skew:        -0.025ns (DCD - SCD + CPR)
    Destination Clock Delay (DCD):    4.860ns = ( 14.860 - 10.000 ) 
    Source Clock Delay      (SCD):    5.159ns
    Clock Pessimism Removal (CPR):    0.274ns
  Clock Uncertainty:      0.035ns  ((TSJ^2 + TIJ^2)^1/2 + DJ) / 2 + PE
    Total System Jitter     (TSJ):    0.071ns
    Total Input Jitter      (TIJ):    0.000ns
    Discrete Jitter          (DJ):    0.000ns
    Phase Error              (PE):    0.000ns

    Location             Delay type                Incr(ns)  Path(ns)    Netlist Resource(s)
  -------------------------------------------------------------------    -------------------
                         (clock sys_clk_pin rise edge)
                                                      0.000     0.000 r  
    W5                                                0.000     0.000 r  clk (IN)
                         net (fo=0)                   0.000     0.000    clk
    W5                   IBUF (Prop_ibuf_I_O)         1.458     1.458 r  clk_IBUF_inst/O
                         net (fo=1, routed)           1.967     3.425    clk_IBUF
    BUFGCTRL_X0Y0        BUFG (Prop_bufg_I_O)         0.096     3.521 r  clk_IBUF_BUFG_inst/O
                         net (fo=104, routed)         1.638     5.159    u_tick_gen/CLK
    SLICE_X0Y6           FDCE                                         r  u_tick_gen/r_500ms_counter_reg[25]/C
  -------------------------------------------------------------------    -------------------
    SLICE_X0Y6           FDCE (Prop_fdce_C_Q)         0.456     5.615 f  u_tick_gen/r_500ms_counter_reg[25]/Q
                         net (fo=29, routed)          1.986     7.601    u_tick_gen/r_500ms_counter_reg[25]
    SLICE_X1Y5           LUT6 (Prop_lut6_I2_O)        0.124     7.725 f  u_tick_gen/led_i_3/O
                         net (fo=28, routed)          1.213     8.938    u_tick_gen/led_i_3_n_0
    SLICE_X1Y0           LUT6 (Prop_lut6_I4_O)        0.124     9.062 r  u_tick_gen/r_500ms_counter[0]_i_2/O
                         net (fo=1, routed)           0.195     9.257    u_tick_gen/r_500ms_counter[0]_i_2_n_0
    SLICE_X0Y0           CARRY4 (Prop_carry4_DI[0]_CO[3])
                                                      0.526     9.783 r  u_tick_gen/r_500ms_counter_reg[0]_i_1/CO[3]
                         net (fo=1, routed)           0.000     9.783    u_tick_gen/r_500ms_counter_reg[0]_i_1_n_0
    SLICE_X0Y1           CARRY4 (Prop_carry4_CI_CO[3])
                                                      0.114     9.897 r  u_tick_gen/r_500ms_counter_reg[4]_i_1/CO[3]
                         net (fo=1, routed)           0.000     9.897    u_tick_gen/r_500ms_counter_reg[4]_i_1_n_0
    SLICE_X0Y2           CARRY4 (Prop_carry4_CI_CO[3])
                                                      0.114    10.011 r  u_tick_gen/r_500ms_counter_reg[8]_i_1/CO[3]
                         net (fo=1, routed)           0.000    10.011    u_tick_gen/r_500ms_counter_reg[8]_i_1_n_0
    SLICE_X0Y3           CARRY4 (Prop_carry4_CI_CO[3])
                                                      0.114    10.125 r  u_tick_gen/r_500ms_counter_reg[12]_i_1/CO[3]
                         net (fo=1, routed)           0.000    10.125    u_tick_gen/r_500ms_counter_reg[12]_i_1_n_0
    SLICE_X0Y4           CARRY4 (Prop_carry4_CI_O[2])
                                                      0.239    10.364 r  u_tick_gen/r_500ms_counter_reg[16]_i_1/O[2]
                         net (fo=1, routed)           0.000    10.364    u_tick_gen/r_500ms_counter_reg[16]_i_1_n_5
    SLICE_X0Y4           FDCE                                         r  u_tick_gen/r_500ms_counter_reg[18]/D
  -------------------------------------------------------------------    -------------------

                         (clock sys_clk_pin rise edge)
                                                     10.000    10.000 r  
    W5                                                0.000    10.000 r  clk (IN)
                         net (fo=0)                   0.000    10.000    clk
    W5                   IBUF (Prop_ibuf_I_O)         1.388    11.388 r  clk_IBUF_inst/O
                         net (fo=1, routed)           1.862    13.250    clk_IBUF
    BUFGCTRL_X0Y0        BUFG (Prop_bufg_I_O)         0.091    13.341 r  clk_IBUF_BUFG_inst/O
                         net (fo=104, routed)         1.519    14.860    u_tick_gen/CLK
    SLICE_X0Y4           FDCE                                         r  u_tick_gen/r_500ms_counter_reg[18]/C
                         clock pessimism              0.274    15.134    
                         clock uncertainty           -0.035    15.099    
    SLICE_X0Y4           FDCE (Setup_fdce_C_D)        0.062    15.161    u_tick_gen/r_500ms_counter_reg[18]
  -------------------------------------------------------------------
                         required time                         15.161    
                         arrival time                         -10.364    
  -------------------------------------------------------------------
                         slack                                  4.797    





Min Delay Paths
--------------------------------------------------------------------------------------
Slack (MET) :             0.226ns  (arrival time - required time)
  Source:                 u_control_tower/r_prev_btnL_reg/C
                            (rising edge-triggered cell FDRE clocked by sys_clk_pin  {rise@0.000ns fall@5.000ns period=10.000ns})
  Destination:            u_control_tower/r_mode_reg[0]/D
                            (rising edge-triggered cell FDCE clocked by sys_clk_pin  {rise@0.000ns fall@5.000ns period=10.000ns})
  Path Group:             sys_clk_pin
  Path Type:              Hold (Min at Fast Process Corner)
  Requirement:            0.000ns  (sys_clk_pin rise@0.000ns - sys_clk_pin rise@0.000ns)
  Data Path Delay:        0.373ns  (logic 0.187ns (50.111%)  route 0.186ns (49.889%))
  Logic Levels:           1  (LUT5=1)
  Clock Path Skew:        0.014ns (DCD - SCD - CPR)
    Destination Clock Delay (DCD):    1.948ns
    Source Clock Delay      (SCD):    1.437ns
    Clock Pessimism Removal (CPR):    0.497ns

    Location             Delay type                Incr(ns)  Path(ns)    Netlist Resource(s)
  -------------------------------------------------------------------    -------------------
                         (clock sys_clk_pin rise edge)
                                                      0.000     0.000 r  
    W5                                                0.000     0.000 r  clk (IN)
                         net (fo=0)                   0.000     0.000    clk
    W5                   IBUF (Prop_ibuf_I_O)         0.226     0.226 r  clk_IBUF_inst/O
                         net (fo=1, routed)           0.631     0.858    clk_IBUF
    BUFGCTRL_X0Y0        BUFG (Prop_bufg_I_O)         0.026     0.884 r  clk_IBUF_BUFG_inst/O
                         net (fo=104, routed)         0.554     1.437    u_control_tower/CLK
    SLICE_X37Y29         FDRE                                         r  u_control_tower/r_prev_btnL_reg/C
  -------------------------------------------------------------------    -------------------
    SLICE_X37Y29         FDRE (Prop_fdre_C_Q)         0.141     1.578 r  u_control_tower/r_prev_btnL_reg/Q
                         net (fo=2, routed)           0.186     1.764    u_control_tower/r_prev_btnL
    SLICE_X38Y29         LUT5 (Prop_lut5_I1_O)        0.046     1.810 r  u_control_tower/r_mode[0]_i_1/O
                         net (fo=1, routed)           0.000     1.810    u_control_tower/r_mode[0]_i_1_n_0
    SLICE_X38Y29         FDCE                                         r  u_control_tower/r_mode_reg[0]/D
  -------------------------------------------------------------------    -------------------

                         (clock sys_clk_pin rise edge)
                                                      0.000     0.000 r  
    W5                                                0.000     0.000 r  clk (IN)
                         net (fo=0)                   0.000     0.000    clk
    W5                   IBUF (Prop_ibuf_I_O)         0.414     0.414 r  clk_IBUF_inst/O
                         net (fo=1, routed)           0.685     1.099    clk_IBUF
    BUFGCTRL_X0Y0        BUFG (Prop_bufg_I_O)         0.029     1.128 r  clk_IBUF_BUFG_inst/O
                         net (fo=104, routed)         0.821     1.948    u_control_tower/CLK
    SLICE_X38Y29         FDCE                                         r  u_control_tower/r_mode_reg[0]/C
                         clock pessimism             -0.497     1.451    
    SLICE_X38Y29         FDCE (Hold_fdce_C_D)         0.133     1.584    u_control_tower/r_mode_reg[0]
  -------------------------------------------------------------------
                         required time                         -1.584    
                         arrival time                           1.810    
  -------------------------------------------------------------------
                         slack                                  0.226    

Slack (MET) :             0.263ns  (arrival time - required time)
  Source:                 u_tick_gen/led_reg/C
                            (rising edge-triggered cell FDCE clocked by sys_clk_pin  {rise@0.000ns fall@5.000ns period=10.000ns})
  Destination:            u_tick_gen/led_reg/D
                            (rising edge-triggered cell FDCE clocked by sys_clk_pin  {rise@0.000ns fall@5.000ns period=10.000ns})
  Path Group:             sys_clk_pin
  Path Type:              Hold (Min at Fast Process Corner)
  Requirement:            0.000ns  (sys_clk_pin rise@0.000ns - sys_clk_pin rise@0.000ns)
  Data Path Delay:        0.354ns  (logic 0.186ns (52.498%)  route 0.168ns (47.502%))
  Logic Levels:           1  (LUT6=1)
  Clock Path Skew:        0.000ns (DCD - SCD - CPR)
    Destination Clock Delay (DCD):    1.993ns
    Source Clock Delay      (SCD):    1.478ns
    Clock Pessimism Removal (CPR):    0.515ns

    Location             Delay type                Incr(ns)  Path(ns)    Netlist Resource(s)
  -------------------------------------------------------------------    -------------------
                         (clock sys_clk_pin rise edge)
                                                      0.000     0.000 r  
    W5                                                0.000     0.000 r  clk (IN)
                         net (fo=0)                   0.000     0.000    clk
    W5                   IBUF (Prop_ibuf_I_O)         0.226     0.226 r  clk_IBUF_inst/O
                         net (fo=1, routed)           0.631     0.858    clk_IBUF
    BUFGCTRL_X0Y0        BUFG (Prop_bufg_I_O)         0.026     0.884 r  clk_IBUF_BUFG_inst/O
                         net (fo=104, routed)         0.595     1.478    u_tick_gen/CLK
    SLICE_X1Y3           FDCE                                         r  u_tick_gen/led_reg/C
  -------------------------------------------------------------------    -------------------
    SLICE_X1Y3           FDCE (Prop_fdce_C_Q)         0.141     1.619 r  u_tick_gen/led_reg/Q
                         net (fo=2, routed)           0.168     1.787    u_tick_gen/led_OBUF
    SLICE_X1Y3           LUT6 (Prop_lut6_I5_O)        0.045     1.832 r  u_tick_gen/led_i_1/O
                         net (fo=1, routed)           0.000     1.832    u_tick_gen/led_i_1_n_0
    SLICE_X1Y3           FDCE                                         r  u_tick_gen/led_reg/D
  -------------------------------------------------------------------    -------------------

                         (clock sys_clk_pin rise edge)
                                                      0.000     0.000 r  
    W5                                                0.000     0.000 r  clk (IN)
                         net (fo=0)                   0.000     0.000    clk
    W5                   IBUF (Prop_ibuf_I_O)         0.414     0.414 r  clk_IBUF_inst/O
                         net (fo=1, routed)           0.685     1.099    clk_IBUF
    BUFGCTRL_X0Y0        BUFG (Prop_bufg_I_O)         0.029     1.128 r  clk_IBUF_BUFG_inst/O
                         net (fo=104, routed)         0.866     1.993    u_tick_gen/CLK
    SLICE_X1Y3           FDCE                                         r  u_tick_gen/led_reg/C
                         clock pessimism             -0.515     1.478    
    SLICE_X1Y3           FDCE (Hold_fdce_C_D)         0.091     1.569    u_tick_gen/led_reg
  -------------------------------------------------------------------
                         required time                         -1.569    
                         arrival time                           1.832    
  -------------------------------------------------------------------
                         slack                                  0.263    

Slack (MET) :             0.276ns  (arrival time - required time)
  Source:                 u_control_tower/r_counter_reg[0]/C
                            (rising edge-triggered cell FDCE clocked by sys_clk_pin  {rise@0.000ns fall@5.000ns period=10.000ns})
  Destination:            u_control_tower/r_counter_reg[0]/D
                            (rising edge-triggered cell FDCE clocked by sys_clk_pin  {rise@0.000ns fall@5.000ns period=10.000ns})
  Path Group:             sys_clk_pin
  Path Type:              Hold (Min at Fast Process Corner)
  Requirement:            0.000ns  (sys_clk_pin rise@0.000ns - sys_clk_pin rise@0.000ns)
  Data Path Delay:        0.396ns  (logic 0.209ns (52.720%)  route 0.187ns (47.280%))
  Logic Levels:           1  (LUT2=1)
  Clock Path Skew:        0.000ns (DCD - SCD - CPR)
    Destination Clock Delay (DCD):    1.953ns
    Source Clock Delay      (SCD):    1.442ns
    Clock Pessimism Removal (CPR):    0.511ns

    Location             Delay type                Incr(ns)  Path(ns)    Netlist Resource(s)
  -------------------------------------------------------------------    -------------------
                         (clock sys_clk_pin rise edge)
                                                      0.000     0.000 r  
    W5                                                0.000     0.000 r  clk (IN)
                         net (fo=0)                   0.000     0.000    clk
    W5                   IBUF (Prop_ibuf_I_O)         0.226     0.226 r  clk_IBUF_inst/O
                         net (fo=1, routed)           0.631     0.858    clk_IBUF
    BUFGCTRL_X0Y0        BUFG (Prop_bufg_I_O)         0.026     0.884 r  clk_IBUF_BUFG_inst/O
                         net (fo=104, routed)         0.559     1.442    u_control_tower/CLK
    SLICE_X38Y15         FDCE                                         r  u_control_tower/r_counter_reg[0]/C
  -------------------------------------------------------------------    -------------------
    SLICE_X38Y15         FDCE (Prop_fdce_C_Q)         0.164     1.606 f  u_control_tower/r_counter_reg[0]/Q
                         net (fo=4, routed)           0.187     1.794    u_control_tower/r_counter[0]
    SLICE_X38Y15         LUT2 (Prop_lut2_I1_O)        0.045     1.839 r  u_control_tower/r_counter[0]_i_1/O
                         net (fo=1, routed)           0.000     1.839    u_control_tower/r_counter[0]_i_1_n_0
    SLICE_X38Y15         FDCE                                         r  u_control_tower/r_counter_reg[0]/D
  -------------------------------------------------------------------    -------------------

                         (clock sys_clk_pin rise edge)
                                                      0.000     0.000 r  
    W5                                                0.000     0.000 r  clk (IN)
                         net (fo=0)                   0.000     0.000    clk
    W5                   IBUF (Prop_ibuf_I_O)         0.414     0.414 r  clk_IBUF_inst/O
                         net (fo=1, routed)           0.685     1.099    clk_IBUF
    BUFGCTRL_X0Y0        BUFG (Prop_bufg_I_O)         0.029     1.128 r  clk_IBUF_BUFG_inst/O
                         net (fo=104, routed)         0.826     1.953    u_control_tower/CLK
    SLICE_X38Y15         FDCE                                         r  u_control_tower/r_counter_reg[0]/C
                         clock pessimism             -0.511     1.442    
    SLICE_X38Y15         FDCE (Hold_fdce_C_D)         0.120     1.562    u_control_tower/r_counter_reg[0]
  -------------------------------------------------------------------
                         required time                         -1.562    
                         arrival time                           1.839    
  -------------------------------------------------------------------
                         slack                                  0.276    

Slack (MET) :             0.292ns  (arrival time - required time)
  Source:                 u_btn_debounce/U_debouncer_btnL/count_reg[0]/C
                            (rising edge-triggered cell FDCE clocked by sys_clk_pin  {rise@0.000ns fall@5.000ns period=10.000ns})
  Destination:            u_btn_debounce/U_debouncer_btnL/count_reg[0]/D
                            (rising edge-triggered cell FDCE clocked by sys_clk_pin  {rise@0.000ns fall@5.000ns period=10.000ns})
  Path Group:             sys_clk_pin
  Path Type:              Hold (Min at Fast Process Corner)
  Requirement:            0.000ns  (sys_clk_pin rise@0.000ns - sys_clk_pin rise@0.000ns)
  Data Path Delay:        0.383ns  (logic 0.186ns (48.581%)  route 0.197ns (51.419%))
  Logic Levels:           1  (LUT4=1)
  Clock Path Skew:        0.000ns (DCD - SCD - CPR)
    Destination Clock Delay (DCD):    1.947ns
    Source Clock Delay      (SCD):    1.436ns
    Clock Pessimism Removal (CPR):    0.511ns

    Location             Delay type                Incr(ns)  Path(ns)    Netlist Resource(s)
  -------------------------------------------------------------------    -------------------
                         (clock sys_clk_pin rise edge)
                                                      0.000     0.000 r  
    W5                                                0.000     0.000 r  clk (IN)
                         net (fo=0)                   0.000     0.000    clk
    W5                   IBUF (Prop_ibuf_I_O)         0.226     0.226 r  clk_IBUF_inst/O
                         net (fo=1, routed)           0.631     0.858    clk_IBUF
    BUFGCTRL_X0Y0        BUFG (Prop_bufg_I_O)         0.026     0.884 r  clk_IBUF_BUFG_inst/O
                         net (fo=104, routed)         0.553     1.436    u_btn_debounce/U_debouncer_btnL/CLK
    SLICE_X36Y28         FDCE                                         r  u_btn_debounce/U_debouncer_btnL/count_reg[0]/C
  -------------------------------------------------------------------    -------------------
    SLICE_X36Y28         FDCE (Prop_fdce_C_Q)         0.141     1.577 f  u_btn_debounce/U_debouncer_btnL/count_reg[0]/Q
                         net (fo=3, routed)           0.197     1.774    u_btn_debounce/U_debouncer_btnL/count[0]
    SLICE_X36Y28         LUT4 (Prop_lut4_I3_O)        0.045     1.819 r  u_btn_debounce/U_debouncer_btnL/count[0]_i_1/O
                         net (fo=1, routed)           0.000     1.819    u_btn_debounce/U_debouncer_btnL/p_0_in[0]
    SLICE_X36Y28         FDCE                                         r  u_btn_debounce/U_debouncer_btnL/count_reg[0]/D
  -------------------------------------------------------------------    -------------------

                         (clock sys_clk_pin rise edge)
                                                      0.000     0.000 r  
    W5                                                0.000     0.000 r  clk (IN)
                         net (fo=0)                   0.000     0.000    clk
    W5                   IBUF (Prop_ibuf_I_O)         0.414     0.414 r  clk_IBUF_inst/O
                         net (fo=1, routed)           0.685     1.099    clk_IBUF
    BUFGCTRL_X0Y0        BUFG (Prop_bufg_I_O)         0.029     1.128 r  clk_IBUF_BUFG_inst/O
                         net (fo=104, routed)         0.820     1.947    u_btn_debounce/U_debouncer_btnL/CLK
    SLICE_X36Y28         FDCE                                         r  u_btn_debounce/U_debouncer_btnL/count_reg[0]/C
                         clock pessimism             -0.511     1.436    
    SLICE_X36Y28         FDCE (Hold_fdce_C_D)         0.091     1.527    u_btn_debounce/U_debouncer_btnL/count_reg[0]
  -------------------------------------------------------------------
                         required time                         -1.527    
                         arrival time                           1.819    
  -------------------------------------------------------------------
                         slack                                  0.292    

Slack (MET) :             0.299ns  (arrival time - required time)
  Source:                 u_control_tower/r_ms10_counter_reg[0]/C
                            (rising edge-triggered cell FDCE clocked by sys_clk_pin  {rise@0.000ns fall@5.000ns period=10.000ns})
  Destination:            u_control_tower/r_ms10_counter_reg[0]/D
                            (rising edge-triggered cell FDCE clocked by sys_clk_pin  {rise@0.000ns fall@5.000ns period=10.000ns})
  Path Group:             sys_clk_pin
  Path Type:              Hold (Min at Fast Process Corner)
  Requirement:            0.000ns  (sys_clk_pin rise@0.000ns - sys_clk_pin rise@0.000ns)
  Data Path Delay:        0.390ns  (logic 0.186ns (47.732%)  route 0.204ns (52.268%))
  Logic Levels:           1  (LUT5=1)
  Clock Path Skew:        0.000ns (DCD - SCD - CPR)
    Destination Clock Delay (DCD):    1.948ns
    Source Clock Delay      (SCD):    1.437ns
    Clock Pessimism Removal (CPR):    0.511ns

    Location             Delay type                Incr(ns)  Path(ns)    Netlist Resource(s)
  -------------------------------------------------------------------    -------------------
                         (clock sys_clk_pin rise edge)
                                                      0.000     0.000 r  
    W5                                                0.000     0.000 r  clk (IN)
                         net (fo=0)                   0.000     0.000    clk
    W5                   IBUF (Prop_ibuf_I_O)         0.226     0.226 r  clk_IBUF_inst/O
                         net (fo=1, routed)           0.631     0.858    clk_IBUF
    BUFGCTRL_X0Y0        BUFG (Prop_bufg_I_O)         0.026     0.884 r  clk_IBUF_BUFG_inst/O
                         net (fo=104, routed)         0.554     1.437    u_control_tower/CLK
    SLICE_X39Y20         FDCE                                         r  u_control_tower/r_ms10_counter_reg[0]/C
  -------------------------------------------------------------------    -------------------
    SLICE_X39Y20         FDCE (Prop_fdce_C_Q)         0.141     1.578 f  u_control_tower/r_ms10_counter_reg[0]/Q
                         net (fo=11, routed)          0.204     1.782    u_control_tower/r_ms10_counter[0]
    SLICE_X39Y20         LUT5 (Prop_lut5_I3_O)        0.045     1.827 r  u_control_tower/r_ms10_counter[0]_i_1/O
                         net (fo=1, routed)           0.000     1.827    u_control_tower/p_1_in[0]
    SLICE_X39Y20         FDCE                                         r  u_control_tower/r_ms10_counter_reg[0]/D
  -------------------------------------------------------------------    -------------------

                         (clock sys_clk_pin rise edge)
                                                      0.000     0.000 r  
    W5                                                0.000     0.000 r  clk (IN)
                         net (fo=0)                   0.000     0.000    clk
    W5                   IBUF (Prop_ibuf_I_O)         0.414     0.414 r  clk_IBUF_inst/O
                         net (fo=1, routed)           0.685     1.099    clk_IBUF
    BUFGCTRL_X0Y0        BUFG (Prop_bufg_I_O)         0.029     1.128 r  clk_IBUF_BUFG_inst/O
                         net (fo=104, routed)         0.821     1.948    u_control_tower/CLK
    SLICE_X39Y20         FDCE                                         r  u_control_tower/r_ms10_counter_reg[0]/C
                         clock pessimism             -0.511     1.437    
    SLICE_X39Y20         FDCE (Hold_fdce_C_D)         0.091     1.528    u_control_tower/r_ms10_counter_reg[0]
  -------------------------------------------------------------------
                         required time                         -1.528    
                         arrival time                           1.827    
  -------------------------------------------------------------------
                         slack                                  0.299    

Slack (MET) :             0.311ns  (arrival time - required time)
  Source:                 u_btn_debounce/U_debouncer_btnL/btn_state_reg/C
                            (rising edge-triggered cell FDCE clocked by sys_clk_pin  {rise@0.000ns fall@5.000ns period=10.000ns})
  Destination:            u_btn_debounce/U_debouncer_btnL/count_reg[1]/D
                            (rising edge-triggered cell FDCE clocked by sys_clk_pin  {rise@0.000ns fall@5.000ns period=10.000ns})
  Path Group:             sys_clk_pin
  Path Type:              Hold (Min at Fast Process Corner)
  Requirement:            0.000ns  (sys_clk_pin rise@0.000ns - sys_clk_pin rise@0.000ns)
  Data Path Delay:        0.432ns  (logic 0.210ns (48.597%)  route 0.222ns (51.403%))
  Logic Levels:           1  (LUT4=1)
  Clock Path Skew:        0.014ns (DCD - SCD - CPR)
    Destination Clock Delay (DCD):    1.947ns
    Source Clock Delay      (SCD):    1.436ns
    Clock Pessimism Removal (CPR):    0.497ns

    Location             Delay type                Incr(ns)  Path(ns)    Netlist Resource(s)
  -------------------------------------------------------------------    -------------------
                         (clock sys_clk_pin rise edge)
                                                      0.000     0.000 r  
    W5                                                0.000     0.000 r  clk (IN)
                         net (fo=0)                   0.000     0.000    clk
    W5                   IBUF (Prop_ibuf_I_O)         0.226     0.226 r  clk_IBUF_inst/O
                         net (fo=1, routed)           0.631     0.858    clk_IBUF
    BUFGCTRL_X0Y0        BUFG (Prop_bufg_I_O)         0.026     0.884 r  clk_IBUF_BUFG_inst/O
                         net (fo=104, routed)         0.553     1.436    u_btn_debounce/U_debouncer_btnL/CLK
    SLICE_X38Y28         FDCE                                         r  u_btn_debounce/U_debouncer_btnL/btn_state_reg/C
  -------------------------------------------------------------------    -------------------
    SLICE_X38Y28         FDCE (Prop_fdce_C_Q)         0.164     1.600 r  u_btn_debounce/U_debouncer_btnL/btn_state_reg/Q
                         net (fo=24, routed)          0.222     1.822    u_btn_debounce/U_debouncer_btnL/btn_state_reg_0
    SLICE_X36Y28         LUT4 (Prop_lut4_I2_O)        0.046     1.868 r  u_btn_debounce/U_debouncer_btnL/count[1]_i_1/O
                         net (fo=1, routed)           0.000     1.868    u_btn_debounce/U_debouncer_btnL/p_0_in[1]
    SLICE_X36Y28         FDCE                                         r  u_btn_debounce/U_debouncer_btnL/count_reg[1]/D
  -------------------------------------------------------------------    -------------------

                         (clock sys_clk_pin rise edge)
                                                      0.000     0.000 r  
    W5                                                0.000     0.000 r  clk (IN)
                         net (fo=0)                   0.000     0.000    clk
    W5                   IBUF (Prop_ibuf_I_O)         0.414     0.414 r  clk_IBUF_inst/O
                         net (fo=1, routed)           0.685     1.099    clk_IBUF
    BUFGCTRL_X0Y0        BUFG (Prop_bufg_I_O)         0.029     1.128 r  clk_IBUF_BUFG_inst/O
                         net (fo=104, routed)         0.820     1.947    u_btn_debounce/U_debouncer_btnL/CLK
    SLICE_X36Y28         FDCE                                         r  u_btn_debounce/U_debouncer_btnL/count_reg[1]/C
                         clock pessimism             -0.497     1.450    
    SLICE_X36Y28         FDCE (Hold_fdce_C_D)         0.107     1.557    u_btn_debounce/U_debouncer_btnL/count_reg[1]
  -------------------------------------------------------------------
                         required time                         -1.557    
                         arrival time                           1.868    
  -------------------------------------------------------------------
                         slack                                  0.311    

Slack (MET) :             0.313ns  (arrival time - required time)
  Source:                 u_tick_gen/r_500ms_counter_reg[25]/C
                            (rising edge-triggered cell FDCE clocked by sys_clk_pin  {rise@0.000ns fall@5.000ns period=10.000ns})
  Destination:            u_tick_gen/r_500ms_counter_reg[23]/D
                            (rising edge-triggered cell FDCE clocked by sys_clk_pin  {rise@0.000ns fall@5.000ns period=10.000ns})
  Path Group:             sys_clk_pin
  Path Type:              Hold (Min at Fast Process Corner)
  Requirement:            0.000ns  (sys_clk_pin rise@0.000ns - sys_clk_pin rise@0.000ns)
  Data Path Delay:        0.434ns  (logic 0.249ns (57.439%)  route 0.185ns (42.561%))
  Logic Levels:           2  (CARRY4=1 LUT6=1)
  Clock Path Skew:        0.016ns (DCD - SCD - CPR)
    Destination Clock Delay (DCD):    1.993ns
    Source Clock Delay      (SCD):    1.478ns
    Clock Pessimism Removal (CPR):    0.499ns

    Location             Delay type                Incr(ns)  Path(ns)    Netlist Resource(s)
  -------------------------------------------------------------------    -------------------
                         (clock sys_clk_pin rise edge)
                                                      0.000     0.000 r  
    W5                                                0.000     0.000 r  clk (IN)
                         net (fo=0)                   0.000     0.000    clk
    W5                   IBUF (Prop_ibuf_I_O)         0.226     0.226 r  clk_IBUF_inst/O
                         net (fo=1, routed)           0.631     0.858    clk_IBUF
    BUFGCTRL_X0Y0        BUFG (Prop_bufg_I_O)         0.026     0.884 r  clk_IBUF_BUFG_inst/O
                         net (fo=104, routed)         0.595     1.478    u_tick_gen/CLK
    SLICE_X0Y6           FDCE                                         r  u_tick_gen/r_500ms_counter_reg[25]/C
  -------------------------------------------------------------------    -------------------
    SLICE_X0Y6           FDCE (Prop_fdce_C_Q)         0.141     1.619 f  u_tick_gen/r_500ms_counter_reg[25]/Q
                         net (fo=29, routed)          0.185     1.804    u_tick_gen/r_500ms_counter_reg[25]
    SLICE_X0Y5           LUT6 (Prop_lut6_I1_O)        0.045     1.849 r  u_tick_gen/r_500ms_counter[20]_i_2/O
                         net (fo=1, routed)           0.000     1.849    u_tick_gen/r_500ms_counter[20]_i_2_n_0
    SLICE_X0Y5           CARRY4 (Prop_carry4_S[3]_O[3])
                                                      0.063     1.912 r  u_tick_gen/r_500ms_counter_reg[20]_i_1/O[3]
                         net (fo=1, routed)           0.000     1.912    u_tick_gen/r_500ms_counter_reg[20]_i_1_n_4
    SLICE_X0Y5           FDCE                                         r  u_tick_gen/r_500ms_counter_reg[23]/D
  -------------------------------------------------------------------    -------------------

                         (clock sys_clk_pin rise edge)
                                                      0.000     0.000 r  
    W5                                                0.000     0.000 r  clk (IN)
                         net (fo=0)                   0.000     0.000    clk
    W5                   IBUF (Prop_ibuf_I_O)         0.414     0.414 r  clk_IBUF_inst/O
                         net (fo=1, routed)           0.685     1.099    clk_IBUF
    BUFGCTRL_X0Y0        BUFG (Prop_bufg_I_O)         0.029     1.128 r  clk_IBUF_BUFG_inst/O
                         net (fo=104, routed)         0.866     1.993    u_tick_gen/CLK
    SLICE_X0Y5           FDCE                                         r  u_tick_gen/r_500ms_counter_reg[23]/C
                         clock pessimism             -0.499     1.494    
    SLICE_X0Y5           FDCE (Hold_fdce_C_D)         0.105     1.599    u_tick_gen/r_500ms_counter_reg[23]
  -------------------------------------------------------------------
                         required time                         -1.599    
                         arrival time                           1.912    
  -------------------------------------------------------------------
                         slack                                  0.313    

Slack (MET) :             0.314ns  (arrival time - required time)
  Source:                 u_btn_debounce/U_debouncer_btnL/btn_state_reg/C
                            (rising edge-triggered cell FDCE clocked by sys_clk_pin  {rise@0.000ns fall@5.000ns period=10.000ns})
  Destination:            u_control_tower/r_prev_btnL_reg/D
                            (rising edge-triggered cell FDRE clocked by sys_clk_pin  {rise@0.000ns fall@5.000ns period=10.000ns})
  Path Group:             sys_clk_pin
  Path Type:              Hold (Min at Fast Process Corner)
  Requirement:            0.000ns  (sys_clk_pin rise@0.000ns - sys_clk_pin rise@0.000ns)
  Data Path Delay:        0.386ns  (logic 0.164ns (42.484%)  route 0.222ns (57.516%))
  Logic Levels:           0  
  Clock Path Skew:        0.015ns (DCD - SCD - CPR)
    Destination Clock Delay (DCD):    1.948ns
    Source Clock Delay      (SCD):    1.436ns
    Clock Pessimism Removal (CPR):    0.497ns

    Location             Delay type                Incr(ns)  Path(ns)    Netlist Resource(s)
  -------------------------------------------------------------------    -------------------
                         (clock sys_clk_pin rise edge)
                                                      0.000     0.000 r  
    W5                                                0.000     0.000 r  clk (IN)
                         net (fo=0)                   0.000     0.000    clk
    W5                   IBUF (Prop_ibuf_I_O)         0.226     0.226 r  clk_IBUF_inst/O
                         net (fo=1, routed)           0.631     0.858    clk_IBUF
    BUFGCTRL_X0Y0        BUFG (Prop_bufg_I_O)         0.026     0.884 r  clk_IBUF_BUFG_inst/O
                         net (fo=104, routed)         0.553     1.436    u_btn_debounce/U_debouncer_btnL/CLK
    SLICE_X38Y28         FDCE                                         r  u_btn_debounce/U_debouncer_btnL/btn_state_reg/C
  -------------------------------------------------------------------    -------------------
    SLICE_X38Y28         FDCE (Prop_fdce_C_Q)         0.164     1.600 r  u_btn_debounce/U_debouncer_btnL/btn_state_reg/Q
                         net (fo=24, routed)          0.222     1.822    u_control_tower/w_debounce_btn[0]
    SLICE_X37Y29         FDRE                                         r  u_control_tower/r_prev_btnL_reg/D
  -------------------------------------------------------------------    -------------------

                         (clock sys_clk_pin rise edge)
                                                      0.000     0.000 r  
    W5                                                0.000     0.000 r  clk (IN)
                         net (fo=0)                   0.000     0.000    clk
    W5                   IBUF (Prop_ibuf_I_O)         0.414     0.414 r  clk_IBUF_inst/O
                         net (fo=1, routed)           0.685     1.099    clk_IBUF
    BUFGCTRL_X0Y0        BUFG (Prop_bufg_I_O)         0.029     1.128 r  clk_IBUF_BUFG_inst/O
                         net (fo=104, routed)         0.821     1.948    u_control_tower/CLK
    SLICE_X37Y29         FDRE                                         r  u_control_tower/r_prev_btnL_reg/C
                         clock pessimism             -0.497     1.451    
    SLICE_X37Y29         FDRE (Hold_fdre_C_D)         0.057     1.508    u_control_tower/r_prev_btnL_reg
  -------------------------------------------------------------------
                         required time                         -1.508    
                         arrival time                           1.822    
  -------------------------------------------------------------------
                         slack                                  0.314    

Slack (MET) :             0.314ns  (arrival time - required time)
  Source:                 u_tick_gen/r_500ms_counter_reg[25]/C
                            (rising edge-triggered cell FDCE clocked by sys_clk_pin  {rise@0.000ns fall@5.000ns period=10.000ns})
  Destination:            u_tick_gen/r_500ms_counter_reg[22]/D
                            (rising edge-triggered cell FDCE clocked by sys_clk_pin  {rise@0.000ns fall@5.000ns period=10.000ns})
  Path Group:             sys_clk_pin
  Path Type:              Hold (Min at Fast Process Corner)
  Requirement:            0.000ns  (sys_clk_pin rise@0.000ns - sys_clk_pin rise@0.000ns)
  Data Path Delay:        0.435ns  (logic 0.252ns (57.884%)  route 0.183ns (42.116%))
  Logic Levels:           2  (CARRY4=1 LUT6=1)
  Clock Path Skew:        0.016ns (DCD - SCD - CPR)
    Destination Clock Delay (DCD):    1.993ns
    Source Clock Delay      (SCD):    1.478ns
    Clock Pessimism Removal (CPR):    0.499ns

    Location             Delay type                Incr(ns)  Path(ns)    Netlist Resource(s)
  -------------------------------------------------------------------    -------------------
                         (clock sys_clk_pin rise edge)
                                                      0.000     0.000 r  
    W5                                                0.000     0.000 r  clk (IN)
                         net (fo=0)                   0.000     0.000    clk
    W5                   IBUF (Prop_ibuf_I_O)         0.226     0.226 r  clk_IBUF_inst/O
                         net (fo=1, routed)           0.631     0.858    clk_IBUF
    BUFGCTRL_X0Y0        BUFG (Prop_bufg_I_O)         0.026     0.884 r  clk_IBUF_BUFG_inst/O
                         net (fo=104, routed)         0.595     1.478    u_tick_gen/CLK
    SLICE_X0Y6           FDCE                                         r  u_tick_gen/r_500ms_counter_reg[25]/C
  -------------------------------------------------------------------    -------------------
    SLICE_X0Y6           FDCE (Prop_fdce_C_Q)         0.141     1.619 f  u_tick_gen/r_500ms_counter_reg[25]/Q
                         net (fo=29, routed)          0.183     1.802    u_tick_gen/r_500ms_counter_reg[25]
    SLICE_X0Y5           LUT6 (Prop_lut6_I1_O)        0.045     1.847 r  u_tick_gen/r_500ms_counter[20]_i_3/O
                         net (fo=1, routed)           0.000     1.847    u_tick_gen/r_500ms_counter[20]_i_3_n_0
    SLICE_X0Y5           CARRY4 (Prop_carry4_S[2]_O[2])
                                                      0.066     1.913 r  u_tick_gen/r_500ms_counter_reg[20]_i_1/O[2]
                         net (fo=1, routed)           0.000     1.913    u_tick_gen/r_500ms_counter_reg[20]_i_1_n_5
    SLICE_X0Y5           FDCE                                         r  u_tick_gen/r_500ms_counter_reg[22]/D
  -------------------------------------------------------------------    -------------------

                         (clock sys_clk_pin rise edge)
                                                      0.000     0.000 r  
    W5                                                0.000     0.000 r  clk (IN)
                         net (fo=0)                   0.000     0.000    clk
    W5                   IBUF (Prop_ibuf_I_O)         0.414     0.414 r  clk_IBUF_inst/O
                         net (fo=1, routed)           0.685     1.099    clk_IBUF
    BUFGCTRL_X0Y0        BUFG (Prop_bufg_I_O)         0.029     1.128 r  clk_IBUF_BUFG_inst/O
                         net (fo=104, routed)         0.866     1.993    u_tick_gen/CLK
    SLICE_X0Y5           FDCE                                         r  u_tick_gen/r_500ms_counter_reg[22]/C
                         clock pessimism             -0.499     1.494    
    SLICE_X0Y5           FDCE (Hold_fdce_C_D)         0.105     1.599    u_tick_gen/r_500ms_counter_reg[22]
  -------------------------------------------------------------------
                         required time                         -1.599    
                         arrival time                           1.913    
  -------------------------------------------------------------------
                         slack                                  0.314    

Slack (MET) :             0.316ns  (arrival time - required time)
  Source:                 u_tick_gen/r_500ms_counter_reg[11]/C
                            (rising edge-triggered cell FDCE clocked by sys_clk_pin  {rise@0.000ns fall@5.000ns period=10.000ns})
  Destination:            u_tick_gen/r_500ms_counter_reg[11]/D
                            (rising edge-triggered cell FDCE clocked by sys_clk_pin  {rise@0.000ns fall@5.000ns period=10.000ns})
  Path Group:             sys_clk_pin
  Path Type:              Hold (Min at Fast Process Corner)
  Requirement:            0.000ns  (sys_clk_pin rise@0.000ns - sys_clk_pin rise@0.000ns)
  Data Path Delay:        0.421ns  (logic 0.249ns (59.140%)  route 0.172ns (40.860%))
  Logic Levels:           2  (CARRY4=1 LUT6=1)
  Clock Path Skew:        0.000ns (DCD - SCD - CPR)
    Destination Clock Delay (DCD):    1.994ns
    Source Clock Delay      (SCD):    1.479ns
    Clock Pessimism Removal (CPR):    0.515ns

    Location             Delay type                Incr(ns)  Path(ns)    Netlist Resource(s)
  -------------------------------------------------------------------    -------------------
                         (clock sys_clk_pin rise edge)
                                                      0.000     0.000 r  
    W5                                                0.000     0.000 r  clk (IN)
                         net (fo=0)                   0.000     0.000    clk
    W5                   IBUF (Prop_ibuf_I_O)         0.226     0.226 r  clk_IBUF_inst/O
                         net (fo=1, routed)           0.631     0.858    clk_IBUF
    BUFGCTRL_X0Y0        BUFG (Prop_bufg_I_O)         0.026     0.884 r  clk_IBUF_BUFG_inst/O
                         net (fo=104, routed)         0.596     1.479    u_tick_gen/CLK
    SLICE_X0Y2           FDCE                                         r  u_tick_gen/r_500ms_counter_reg[11]/C
  -------------------------------------------------------------------    -------------------
    SLICE_X0Y2           FDCE (Prop_fdce_C_Q)         0.141     1.620 r  u_tick_gen/r_500ms_counter_reg[11]/Q
                         net (fo=2, routed)           0.172     1.792    u_tick_gen/r_500ms_counter_reg[11]
    SLICE_X0Y2           LUT6 (Prop_lut6_I5_O)        0.045     1.837 r  u_tick_gen/r_500ms_counter[8]_i_2/O
                         net (fo=1, routed)           0.000     1.837    u_tick_gen/r_500ms_counter[8]_i_2_n_0
    SLICE_X0Y2           CARRY4 (Prop_carry4_S[3]_O[3])
                                                      0.063     1.900 r  u_tick_gen/r_500ms_counter_reg[8]_i_1/O[3]
                         net (fo=1, routed)           0.000     1.900    u_tick_gen/r_500ms_counter_reg[8]_i_1_n_4
    SLICE_X0Y2           FDCE                                         r  u_tick_gen/r_500ms_counter_reg[11]/D
  -------------------------------------------------------------------    -------------------

                         (clock sys_clk_pin rise edge)
                                                      0.000     0.000 r  
    W5                                                0.000     0.000 r  clk (IN)
                         net (fo=0)                   0.000     0.000    clk
    W5                   IBUF (Prop_ibuf_I_O)         0.414     0.414 r  clk_IBUF_inst/O
                         net (fo=1, routed)           0.685     1.099    clk_IBUF
    BUFGCTRL_X0Y0        BUFG (Prop_bufg_I_O)         0.029     1.128 r  clk_IBUF_BUFG_inst/O
                         net (fo=104, routed)         0.867     1.994    u_tick_gen/CLK
    SLICE_X0Y2           FDCE                                         r  u_tick_gen/r_500ms_counter_reg[11]/C
                         clock pessimism             -0.515     1.479    
    SLICE_X0Y2           FDCE (Hold_fdce_C_D)         0.105     1.584    u_tick_gen/r_500ms_counter_reg[11]
  -------------------------------------------------------------------
                         required time                         -1.584    
                         arrival time                           1.900    
  -------------------------------------------------------------------
                         slack                                  0.316    





Pulse Width Checks
--------------------------------------------------------------------------------------
Clock Name:         sys_clk_pin
Waveform(ns):       { 0.000 5.000 }
Period(ns):         10.000
Sources:            { clk }

Check Type        Corner  Lib Pin  Reference Pin  Required(ns)  Actual(ns)  Slack(ns)  Location       Pin
Min Period        n/a     BUFG/I   n/a            2.155         10.000      7.845      BUFGCTRL_X0Y0  clk_IBUF_BUFG_inst/I
Min Period        n/a     FDCE/C   n/a            1.000         10.000      9.000      SLICE_X38Y28   u_btn_debounce/U_debouncer_btnL/btn_state_reg/C
Min Period        n/a     FDCE/C   n/a            1.000         10.000      9.000      SLICE_X36Y28   u_btn_debounce/U_debouncer_btnL/count_reg[0]/C
Min Period        n/a     FDCE/C   n/a            1.000         10.000      9.000      SLICE_X36Y29   u_btn_debounce/U_debouncer_btnL/count_reg[10]/C
Min Period        n/a     FDCE/C   n/a            1.000         10.000      9.000      SLICE_X36Y29   u_btn_debounce/U_debouncer_btnL/count_reg[11]/C
Min Period        n/a     FDCE/C   n/a            1.000         10.000      9.000      SLICE_X36Y29   u_btn_debounce/U_debouncer_btnL/count_reg[12]/C
Min Period        n/a     FDCE/C   n/a            1.000         10.000      9.000      SLICE_X36Y29   u_btn_debounce/U_debouncer_btnL/count_reg[13]/C
Min Period        n/a     FDCE/C   n/a            1.000         10.000      9.000      SLICE_X36Y30   u_btn_debounce/U_debouncer_btnL/count_reg[14]/C
Min Period        n/a     FDCE/C   n/a            1.000         10.000      9.000      SLICE_X36Y30   u_btn_debounce/U_debouncer_btnL/count_reg[15]/C
Min Period        n/a     FDCE/C   n/a            1.000         10.000      9.000      SLICE_X36Y30   u_btn_debounce/U_debouncer_btnL/count_reg[16]/C
Low Pulse Width   Slow    FDCE/C   n/a            0.500         5.000       4.500      SLICE_X38Y28   u_btn_debounce/U_debouncer_btnL/btn_state_reg/C
Low Pulse Width   Fast    FDCE/C   n/a            0.500         5.000       4.500      SLICE_X38Y28   u_btn_debounce/U_debouncer_btnL/btn_state_reg/C
Low Pulse Width   Slow    FDCE/C   n/a            0.500         5.000       4.500      SLICE_X36Y28   u_btn_debounce/U_debouncer_btnL/count_reg[0]/C
Low Pulse Width   Fast    FDCE/C   n/a            0.500         5.000       4.500      SLICE_X36Y28   u_btn_debounce/U_debouncer_btnL/count_reg[0]/C
Low Pulse Width   Slow    FDCE/C   n/a            0.500         5.000       4.500      SLICE_X36Y29   u_btn_debounce/U_debouncer_btnL/count_reg[10]/C
Low Pulse Width   Fast    FDCE/C   n/a            0.500         5.000       4.500      SLICE_X36Y29   u_btn_debounce/U_debouncer_btnL/count_reg[10]/C
Low Pulse Width   Slow    FDCE/C   n/a            0.500         5.000       4.500      SLICE_X36Y29   u_btn_debounce/U_debouncer_btnL/count_reg[11]/C
Low Pulse Width   Fast    FDCE/C   n/a            0.500         5.000       4.500      SLICE_X36Y29   u_btn_debounce/U_debouncer_btnL/count_reg[11]/C
Low Pulse Width   Slow    FDCE/C   n/a            0.500         5.000       4.500      SLICE_X36Y29   u_btn_debounce/U_debouncer_btnL/count_reg[12]/C
Low Pulse Width   Fast    FDCE/C   n/a            0.500         5.000       4.500      SLICE_X36Y29   u_btn_debounce/U_debouncer_btnL/count_reg[12]/C
High Pulse Width  Slow    FDCE/C   n/a            0.500         5.000       4.500      SLICE_X38Y28   u_btn_debounce/U_debouncer_btnL/btn_state_reg/C
High Pulse Width  Fast    FDCE/C   n/a            0.500         5.000       4.500      SLICE_X38Y28   u_btn_debounce/U_debouncer_btnL/btn_state_reg/C
High Pulse Width  Slow    FDCE/C   n/a            0.500         5.000       4.500      SLICE_X36Y28   u_btn_debounce/U_debouncer_btnL/count_reg[0]/C
High Pulse Width  Fast    FDCE/C   n/a            0.500         5.000       4.500      SLICE_X36Y28   u_btn_debounce/U_debouncer_btnL/count_reg[0]/C
High Pulse Width  Slow    FDCE/C   n/a            0.500         5.000       4.500      SLICE_X36Y29   u_btn_debounce/U_debouncer_btnL/count_reg[10]/C
High Pulse Width  Fast    FDCE/C   n/a            0.500         5.000       4.500      SLICE_X36Y29   u_btn_debounce/U_debouncer_btnL/count_reg[10]/C
High Pulse Width  Slow    FDCE/C   n/a            0.500         5.000       4.500      SLICE_X36Y29   u_btn_debounce/U_debouncer_btnL/count_reg[11]/C
High Pulse Width  Fast    FDCE/C   n/a            0.500         5.000       4.500      SLICE_X36Y29   u_btn_debounce/U_debouncer_btnL/count_reg[11]/C
High Pulse Width  Slow    FDCE/C   n/a            0.500         5.000       4.500      SLICE_X36Y29   u_btn_debounce/U_debouncer_btnL/count_reg[12]/C
High Pulse Width  Fast    FDCE/C   n/a            0.500         5.000       4.500      SLICE_X36Y29   u_btn_debounce/U_debouncer_btnL/count_reg[12]/C



