Copyright 1986-2021 Xilinx, Inc. All Rights Reserved.
-----------------------------------------------------------------------------------------------------------------------------------------------------------------------------------------------------
| Tool Version : Vivado v.2021.1 (win64) Build 3247384 Thu Jun 10 19:36:33 MDT 2021
| Date         : Tue Mar  3 14:25:30 2026
| Host         : DESKTOP-PQ1PAHT running 64-bit major release  (build 9200)
| Command      : report_timing_summary -max_paths 10 -file top_buzzer_timing_summary_routed.rpt -pb top_buzzer_timing_summary_routed.pb -rpx top_buzzer_timing_summary_routed.rpx -warn_on_violation
| Design       : top_buzzer
| Device       : 7a35t-cpg236
| Speed File   : -1  PRODUCTION 1.23 2018-06-13
-----------------------------------------------------------------------------------------------------------------------------------------------------------------------------------------------------

Timing Summary Report

------------------------------------------------------------------------------------------------
| Timer Settings
| --------------
------------------------------------------------------------------------------------------------

  Enable Multi Corner Analysis               :  Yes
  Enable Pessimism Removal                   :  Yes
  Pessimism Removal Resolution               :  Nearest Common Node
  Enable Input Delay Default Clock           :  No
  Enable Preset / Clear Arcs                 :  No
  Disable Flight Delays                      :  No
  Ignore I/O Paths                           :  No
  Timing Early Launch at Borrowing Latches   :  No
  Borrow Time for Max Delay Exceptions       :  Yes
  Merge Timing Exceptions                    :  Yes

  Corner  Analyze    Analyze    
  Name    Max Paths  Min Paths  
  ------  ---------  ---------  
  Slow    Yes        Yes        
  Fast    Yes        Yes        


------------------------------------------------------------------------------------------------
| Report Methodology
| ------------------
------------------------------------------------------------------------------------------------

Rule       Severity  Description                    Violations  
---------  --------  -----------------------------  ----------  
TIMING-18  Warning   Missing input or output delay  7           

Note: This report is based on the most recent report_methodology run and may not be up-to-date. Run report_methodology on the current design for the latest report.



check_timing report

Table of Contents
-----------------
1. checking no_clock (0)
2. checking constant_clock (0)
3. checking pulse_width_clock (0)
4. checking unconstrained_internal_endpoints (0)
5. checking no_input_delay (6)
6. checking no_output_delay (1)
7. checking multiple_clock (0)
8. checking generated_clocks (0)
9. checking loops (0)
10. checking partial_input_delay (0)
11. checking partial_output_delay (0)
12. checking latch_loops (0)

1. checking no_clock (0)
------------------------
 There are 0 register/latch pins with no clock.


2. checking constant_clock (0)
------------------------------
 There are 0 register/latch pins with constant_clock.


3. checking pulse_width_clock (0)
---------------------------------
 There are 0 register/latch pins which need pulse_width check


4. checking unconstrained_internal_endpoints (0)
------------------------------------------------
 There are 0 pins that are not constrained for maximum delay.

 There are 0 pins that are not constrained for maximum delay due to constant clock.


5. checking no_input_delay (6)
------------------------------
 There are 6 input ports with no input delay specified. (HIGH)

 There are 0 input ports with no input delay but user has a false path constraint.


6. checking no_output_delay (1)
-------------------------------
 There is 1 port with no output delay specified. (HIGH)

 There are 0 ports with no output delay but user has a false path constraint

 There are 0 ports with no output delay but with a timing clock defined on it or propagating through it


7. checking multiple_clock (0)
------------------------------
 There are 0 register/latch pins with multiple clocks.


8. checking generated_clocks (0)
--------------------------------
 There are 0 generated clocks that are not connected to a clock source.


9. checking loops (0)
---------------------
 There are 0 combinational loops in the design.


10. checking partial_input_delay (0)
------------------------------------
 There are 0 input ports with partial input delay specified.


11. checking partial_output_delay (0)
-------------------------------------
 There are 0 ports with partial output delay specified.


12. checking latch_loops (0)
----------------------------
 There are 0 combinational latch loops in the design through latch input



------------------------------------------------------------------------------------------------
| Design Timing Summary
| ---------------------
------------------------------------------------------------------------------------------------

    WNS(ns)      TNS(ns)  TNS Failing Endpoints  TNS Total Endpoints      WHS(ns)      THS(ns)  THS Failing Endpoints  THS Total Endpoints     WPWS(ns)     TPWS(ns)  TPWS Failing Endpoints  TPWS Total Endpoints  
    -------      -------  ---------------------  -------------------      -------      -------  ---------------------  -------------------     --------     --------  ----------------------  --------------------  
      5.782        0.000                      0                  230        0.136        0.000                      0                  230        4.500        0.000                       0                   231  


All user specified timing constraints are met.


------------------------------------------------------------------------------------------------
| Clock Summary
| -------------
------------------------------------------------------------------------------------------------

Clock        Waveform(ns)       Period(ns)      Frequency(MHz)
-----        ------------       ----------      --------------
sys_clk_pin  {0.000 5.000}      10.000          100.000         


------------------------------------------------------------------------------------------------
| Intra Clock Table
| -----------------
------------------------------------------------------------------------------------------------

Clock             WNS(ns)      TNS(ns)  TNS Failing Endpoints  TNS Total Endpoints      WHS(ns)      THS(ns)  THS Failing Endpoints  THS Total Endpoints     WPWS(ns)     TPWS(ns)  TPWS Failing Endpoints  TPWS Total Endpoints  
-----             -------      -------  ---------------------  -------------------      -------      -------  ---------------------  -------------------     --------     --------  ----------------------  --------------------  
sys_clk_pin         5.782        0.000                      0                  230        0.136        0.000                      0                  230        4.500        0.000                       0                   231  


------------------------------------------------------------------------------------------------
| Inter Clock Table
| -----------------
------------------------------------------------------------------------------------------------

From Clock    To Clock          WNS(ns)      TNS(ns)  TNS Failing Endpoints  TNS Total Endpoints      WHS(ns)      THS(ns)  THS Failing Endpoints  THS Total Endpoints  
----------    --------          -------      -------  ---------------------  -------------------      -------      -------  ---------------------  -------------------  


------------------------------------------------------------------------------------------------
| Other Path Groups Table
| -----------------------
------------------------------------------------------------------------------------------------

Path Group    From Clock    To Clock          WNS(ns)      TNS(ns)  TNS Failing Endpoints  TNS Total Endpoints      WHS(ns)      THS(ns)  THS Failing Endpoints  THS Total Endpoints  
----------    ----------    --------          -------      -------  ---------------------  -------------------      -------      -------  ---------------------  -------------------  


------------------------------------------------------------------------------------------------
| Timing Details
| --------------
------------------------------------------------------------------------------------------------


---------------------------------------------------------------------------------------------------
From Clock:  sys_clk_pin
  To Clock:  sys_clk_pin

Setup :            0  Failing Endpoints,  Worst Slack        5.782ns,  Total Violation        0.000ns
Hold  :            0  Failing Endpoints,  Worst Slack        0.136ns,  Total Violation        0.000ns
PW    :            0  Failing Endpoints,  Worst Slack        4.500ns,  Total Violation        0.000ns
---------------------------------------------------------------------------------------------------


Max Delay Paths
--------------------------------------------------------------------------------------
Slack (MET) :             5.782ns  (required time - arrival time)
  Source:                 u_play_melody/r_clk_cnt_reg[1][17]/C
                            (rising edge-triggered cell FDCE clocked by sys_clk_pin  {rise@0.000ns fall@5.000ns period=10.000ns})
  Destination:            u_play_melody/r_clk_cnt_reg[1][2]/D
                            (rising edge-triggered cell FDCE clocked by sys_clk_pin  {rise@0.000ns fall@5.000ns period=10.000ns})
  Path Group:             sys_clk_pin
  Path Type:              Setup (Max at Slow Process Corner)
  Requirement:            10.000ns  (sys_clk_pin rise@10.000ns - sys_clk_pin rise@0.000ns)
  Data Path Delay:        4.173ns  (logic 0.890ns (21.328%)  route 3.283ns (78.672%))
  Logic Levels:           3  (LUT4=2 LUT5=1)
  Clock Path Skew:        -0.041ns (DCD - SCD + CPR)
    Destination Clock Delay (DCD):    4.789ns = ( 14.789 - 10.000 ) 
    Source Clock Delay      (SCD):    5.090ns
    Clock Pessimism Removal (CPR):    0.260ns
  Clock Uncertainty:      0.035ns  ((TSJ^2 + TIJ^2)^1/2 + DJ) / 2 + PE
    Total System Jitter     (TSJ):    0.071ns
    Total Input Jitter      (TIJ):    0.000ns
    Discrete Jitter          (DJ):    0.000ns
    Phase Error              (PE):    0.000ns

    Location             Delay type                Incr(ns)  Path(ns)    Netlist Resource(s)
  -------------------------------------------------------------------    -------------------
                         (clock sys_clk_pin rise edge)
                                                      0.000     0.000 r  
    W5                                                0.000     0.000 r  clk (IN)
                         net (fo=0)                   0.000     0.000    clk
    W5                   IBUF (Prop_ibuf_I_O)         1.458     1.458 r  clk_IBUF_inst/O
                         net (fo=1, routed)           1.967     3.425    clk_IBUF
    BUFGCTRL_X0Y0        BUFG (Prop_bufg_I_O)         0.096     3.521 r  clk_IBUF_BUFG_inst/O
                         net (fo=230, routed)         1.569     5.090    u_play_melody/CLK
    SLICE_X10Y44         FDCE                                         r  u_play_melody/r_clk_cnt_reg[1][17]/C
  -------------------------------------------------------------------    -------------------
    SLICE_X10Y44         FDCE (Prop_fdce_C_Q)         0.518     5.608 f  u_play_melody/r_clk_cnt_reg[1][17]/Q
                         net (fo=25, routed)          1.460     7.069    u_play_melody/r_clk_cnt_reg[1][17]
    SLICE_X9Y45          LUT4 (Prop_lut4_I0_O)        0.124     7.193 f  u_play_melody/r_clk_cnt[1][21]_i_4/O
                         net (fo=1, routed)           0.263     7.456    u_play_melody/r_clk_cnt[1][21]_i_4_n_0
    SLICE_X9Y45          LUT4 (Prop_lut4_I3_O)        0.124     7.580 f  u_play_melody/r_clk_cnt[1][21]_i_2/O
                         net (fo=23, routed)          1.560     9.139    u_play_melody/r_clk_cnt[1][21]_i_2_n_0
    SLICE_X9Y40          LUT5 (Prop_lut5_I1_O)        0.124     9.263 r  u_play_melody/r_clk_cnt[1][2]_i_1/O
                         net (fo=1, routed)           0.000     9.263    u_play_melody/r_clk_cnt[1][2]_i_1_n_0
    SLICE_X9Y40          FDCE                                         r  u_play_melody/r_clk_cnt_reg[1][2]/D
  -------------------------------------------------------------------    -------------------

                         (clock sys_clk_pin rise edge)
                                                     10.000    10.000 r  
    W5                                                0.000    10.000 r  clk (IN)
                         net (fo=0)                   0.000    10.000    clk
    W5                   IBUF (Prop_ibuf_I_O)         1.388    11.388 r  clk_IBUF_inst/O
                         net (fo=1, routed)           1.862    13.250    clk_IBUF
    BUFGCTRL_X0Y0        BUFG (Prop_bufg_I_O)         0.091    13.341 r  clk_IBUF_BUFG_inst/O
                         net (fo=230, routed)         1.448    14.789    u_play_melody/CLK
    SLICE_X9Y40          FDCE                                         r  u_play_melody/r_clk_cnt_reg[1][2]/C
                         clock pessimism              0.260    15.049    
                         clock uncertainty           -0.035    15.014    
    SLICE_X9Y40          FDCE (Setup_fdce_C_D)        0.031    15.045    u_play_melody/r_clk_cnt_reg[1][2]
  -------------------------------------------------------------------
                         required time                         15.045    
                         arrival time                          -9.263    
  -------------------------------------------------------------------
                         slack                                  5.782    

Slack (MET) :             5.782ns  (required time - arrival time)
  Source:                 u_play_melody/r_clk_cnt_reg[1][17]/C
                            (rising edge-triggered cell FDCE clocked by sys_clk_pin  {rise@0.000ns fall@5.000ns period=10.000ns})
  Destination:            u_play_melody/r_clk_cnt_reg[1][1]/D
                            (rising edge-triggered cell FDCE clocked by sys_clk_pin  {rise@0.000ns fall@5.000ns period=10.000ns})
  Path Group:             sys_clk_pin
  Path Type:              Setup (Max at Slow Process Corner)
  Requirement:            10.000ns  (sys_clk_pin rise@10.000ns - sys_clk_pin rise@0.000ns)
  Data Path Delay:        4.171ns  (logic 0.890ns (21.338%)  route 3.281ns (78.662%))
  Logic Levels:           3  (LUT4=2 LUT5=1)
  Clock Path Skew:        -0.041ns (DCD - SCD + CPR)
    Destination Clock Delay (DCD):    4.789ns = ( 14.789 - 10.000 ) 
    Source Clock Delay      (SCD):    5.090ns
    Clock Pessimism Removal (CPR):    0.260ns
  Clock Uncertainty:      0.035ns  ((TSJ^2 + TIJ^2)^1/2 + DJ) / 2 + PE
    Total System Jitter     (TSJ):    0.071ns
    Total Input Jitter      (TIJ):    0.000ns
    Discrete Jitter          (DJ):    0.000ns
    Phase Error              (PE):    0.000ns

    Location             Delay type                Incr(ns)  Path(ns)    Netlist Resource(s)
  -------------------------------------------------------------------    -------------------
                         (clock sys_clk_pin rise edge)
                                                      0.000     0.000 r  
    W5                                                0.000     0.000 r  clk (IN)
                         net (fo=0)                   0.000     0.000    clk
    W5                   IBUF (Prop_ibuf_I_O)         1.458     1.458 r  clk_IBUF_inst/O
                         net (fo=1, routed)           1.967     3.425    clk_IBUF
    BUFGCTRL_X0Y0        BUFG (Prop_bufg_I_O)         0.096     3.521 r  clk_IBUF_BUFG_inst/O
                         net (fo=230, routed)         1.569     5.090    u_play_melody/CLK
    SLICE_X10Y44         FDCE                                         r  u_play_melody/r_clk_cnt_reg[1][17]/C
  -------------------------------------------------------------------    -------------------
    SLICE_X10Y44         FDCE (Prop_fdce_C_Q)         0.518     5.608 f  u_play_melody/r_clk_cnt_reg[1][17]/Q
                         net (fo=25, routed)          1.460     7.069    u_play_melody/r_clk_cnt_reg[1][17]
    SLICE_X9Y45          LUT4 (Prop_lut4_I0_O)        0.124     7.193 f  u_play_melody/r_clk_cnt[1][21]_i_4/O
                         net (fo=1, routed)           0.263     7.456    u_play_melody/r_clk_cnt[1][21]_i_4_n_0
    SLICE_X9Y45          LUT4 (Prop_lut4_I3_O)        0.124     7.580 f  u_play_melody/r_clk_cnt[1][21]_i_2/O
                         net (fo=23, routed)          1.558     9.137    u_play_melody/r_clk_cnt[1][21]_i_2_n_0
    SLICE_X9Y40          LUT5 (Prop_lut5_I1_O)        0.124     9.261 r  u_play_melody/r_clk_cnt[1][1]_i_1/O
                         net (fo=1, routed)           0.000     9.261    u_play_melody/r_clk_cnt[1][1]_i_1_n_0
    SLICE_X9Y40          FDCE                                         r  u_play_melody/r_clk_cnt_reg[1][1]/D
  -------------------------------------------------------------------    -------------------

                         (clock sys_clk_pin rise edge)
                                                     10.000    10.000 r  
    W5                                                0.000    10.000 r  clk (IN)
                         net (fo=0)                   0.000    10.000    clk
    W5                   IBUF (Prop_ibuf_I_O)         1.388    11.388 r  clk_IBUF_inst/O
                         net (fo=1, routed)           1.862    13.250    clk_IBUF
    BUFGCTRL_X0Y0        BUFG (Prop_bufg_I_O)         0.091    13.341 r  clk_IBUF_BUFG_inst/O
                         net (fo=230, routed)         1.448    14.789    u_play_melody/CLK
    SLICE_X9Y40          FDCE                                         r  u_play_melody/r_clk_cnt_reg[1][1]/C
                         clock pessimism              0.260    15.049    
                         clock uncertainty           -0.035    15.014    
    SLICE_X9Y40          FDCE (Setup_fdce_C_D)        0.029    15.043    u_play_melody/r_clk_cnt_reg[1][1]
  -------------------------------------------------------------------
                         required time                         15.043    
                         arrival time                          -9.261    
  -------------------------------------------------------------------
                         slack                                  5.782    

Slack (MET) :             5.831ns  (required time - arrival time)
  Source:                 u_play_melody/r_clk_cnt_reg[1][17]/C
                            (rising edge-triggered cell FDCE clocked by sys_clk_pin  {rise@0.000ns fall@5.000ns period=10.000ns})
  Destination:            u_play_melody/r_clk_cnt_reg[1][5]/D
                            (rising edge-triggered cell FDCE clocked by sys_clk_pin  {rise@0.000ns fall@5.000ns period=10.000ns})
  Path Group:             sys_clk_pin
  Path Type:              Setup (Max at Slow Process Corner)
  Requirement:            10.000ns  (sys_clk_pin rise@10.000ns - sys_clk_pin rise@0.000ns)
  Data Path Delay:        4.185ns  (logic 0.890ns (21.267%)  route 3.295ns (78.733%))
  Logic Levels:           3  (LUT4=2 LUT5=1)
  Clock Path Skew:        -0.026ns (DCD - SCD + CPR)
    Destination Clock Delay (DCD):    4.791ns = ( 14.791 - 10.000 ) 
    Source Clock Delay      (SCD):    5.090ns
    Clock Pessimism Removal (CPR):    0.273ns
  Clock Uncertainty:      0.035ns  ((TSJ^2 + TIJ^2)^1/2 + DJ) / 2 + PE
    Total System Jitter     (TSJ):    0.071ns
    Total Input Jitter      (TIJ):    0.000ns
    Discrete Jitter          (DJ):    0.000ns
    Phase Error              (PE):    0.000ns

    Location             Delay type                Incr(ns)  Path(ns)    Netlist Resource(s)
  -------------------------------------------------------------------    -------------------
                         (clock sys_clk_pin rise edge)
                                                      0.000     0.000 r  
    W5                                                0.000     0.000 r  clk (IN)
                         net (fo=0)                   0.000     0.000    clk
    W5                   IBUF (Prop_ibuf_I_O)         1.458     1.458 r  clk_IBUF_inst/O
                         net (fo=1, routed)           1.967     3.425    clk_IBUF
    BUFGCTRL_X0Y0        BUFG (Prop_bufg_I_O)         0.096     3.521 r  clk_IBUF_BUFG_inst/O
                         net (fo=230, routed)         1.569     5.090    u_play_melody/CLK
    SLICE_X10Y44         FDCE                                         r  u_play_melody/r_clk_cnt_reg[1][17]/C
  -------------------------------------------------------------------    -------------------
    SLICE_X10Y44         FDCE (Prop_fdce_C_Q)         0.518     5.608 f  u_play_melody/r_clk_cnt_reg[1][17]/Q
                         net (fo=25, routed)          1.460     7.069    u_play_melody/r_clk_cnt_reg[1][17]
    SLICE_X9Y45          LUT4 (Prop_lut4_I0_O)        0.124     7.193 f  u_play_melody/r_clk_cnt[1][21]_i_4/O
                         net (fo=1, routed)           0.263     7.456    u_play_melody/r_clk_cnt[1][21]_i_4_n_0
    SLICE_X9Y45          LUT4 (Prop_lut4_I3_O)        0.124     7.580 f  u_play_melody/r_clk_cnt[1][21]_i_2/O
                         net (fo=23, routed)          1.572     9.151    u_play_melody/r_clk_cnt[1][21]_i_2_n_0
    SLICE_X10Y41         LUT5 (Prop_lut5_I1_O)        0.124     9.275 r  u_play_melody/r_clk_cnt[1][5]_i_1/O
                         net (fo=1, routed)           0.000     9.275    u_play_melody/r_clk_cnt[1][5]_i_1_n_0
    SLICE_X10Y41         FDCE                                         r  u_play_melody/r_clk_cnt_reg[1][5]/D
  -------------------------------------------------------------------    -------------------

                         (clock sys_clk_pin rise edge)
                                                     10.000    10.000 r  
    W5                                                0.000    10.000 r  clk (IN)
                         net (fo=0)                   0.000    10.000    clk
    W5                   IBUF (Prop_ibuf_I_O)         1.388    11.388 r  clk_IBUF_inst/O
                         net (fo=1, routed)           1.862    13.250    clk_IBUF
    BUFGCTRL_X0Y0        BUFG (Prop_bufg_I_O)         0.091    13.341 r  clk_IBUF_BUFG_inst/O
                         net (fo=230, routed)         1.450    14.791    u_play_melody/CLK
    SLICE_X10Y41         FDCE                                         r  u_play_melody/r_clk_cnt_reg[1][5]/C
                         clock pessimism              0.273    15.064    
                         clock uncertainty           -0.035    15.029    
    SLICE_X10Y41         FDCE (Setup_fdce_C_D)        0.077    15.106    u_play_melody/r_clk_cnt_reg[1][5]
  -------------------------------------------------------------------
                         required time                         15.106    
                         arrival time                          -9.275    
  -------------------------------------------------------------------
                         slack                                  5.831    

Slack (MET) :             5.949ns  (required time - arrival time)
  Source:                 u_play_melody/r_clk_cnt_reg[1][17]/C
                            (rising edge-triggered cell FDCE clocked by sys_clk_pin  {rise@0.000ns fall@5.000ns period=10.000ns})
  Destination:            u_play_melody/r_clk_cnt_reg[1][3]/D
                            (rising edge-triggered cell FDCE clocked by sys_clk_pin  {rise@0.000ns fall@5.000ns period=10.000ns})
  Path Group:             sys_clk_pin
  Path Type:              Setup (Max at Slow Process Corner)
  Requirement:            10.000ns  (sys_clk_pin rise@10.000ns - sys_clk_pin rise@0.000ns)
  Data Path Delay:        4.006ns  (logic 0.890ns (22.217%)  route 3.116ns (77.783%))
  Logic Levels:           3  (LUT4=2 LUT5=1)
  Clock Path Skew:        -0.041ns (DCD - SCD + CPR)
    Destination Clock Delay (DCD):    4.789ns = ( 14.789 - 10.000 ) 
    Source Clock Delay      (SCD):    5.090ns
    Clock Pessimism Removal (CPR):    0.260ns
  Clock Uncertainty:      0.035ns  ((TSJ^2 + TIJ^2)^1/2 + DJ) / 2 + PE
    Total System Jitter     (TSJ):    0.071ns
    Total Input Jitter      (TIJ):    0.000ns
    Discrete Jitter          (DJ):    0.000ns
    Phase Error              (PE):    0.000ns

    Location             Delay type                Incr(ns)  Path(ns)    Netlist Resource(s)
  -------------------------------------------------------------------    -------------------
                         (clock sys_clk_pin rise edge)
                                                      0.000     0.000 r  
    W5                                                0.000     0.000 r  clk (IN)
                         net (fo=0)                   0.000     0.000    clk
    W5                   IBUF (Prop_ibuf_I_O)         1.458     1.458 r  clk_IBUF_inst/O
                         net (fo=1, routed)           1.967     3.425    clk_IBUF
    BUFGCTRL_X0Y0        BUFG (Prop_bufg_I_O)         0.096     3.521 r  clk_IBUF_BUFG_inst/O
                         net (fo=230, routed)         1.569     5.090    u_play_melody/CLK
    SLICE_X10Y44         FDCE                                         r  u_play_melody/r_clk_cnt_reg[1][17]/C
  -------------------------------------------------------------------    -------------------
    SLICE_X10Y44         FDCE (Prop_fdce_C_Q)         0.518     5.608 f  u_play_melody/r_clk_cnt_reg[1][17]/Q
                         net (fo=25, routed)          1.460     7.069    u_play_melody/r_clk_cnt_reg[1][17]
    SLICE_X9Y45          LUT4 (Prop_lut4_I0_O)        0.124     7.193 f  u_play_melody/r_clk_cnt[1][21]_i_4/O
                         net (fo=1, routed)           0.263     7.456    u_play_melody/r_clk_cnt[1][21]_i_4_n_0
    SLICE_X9Y45          LUT4 (Prop_lut4_I3_O)        0.124     7.580 f  u_play_melody/r_clk_cnt[1][21]_i_2/O
                         net (fo=23, routed)          1.393     8.972    u_play_melody/r_clk_cnt[1][21]_i_2_n_0
    SLICE_X9Y40          LUT5 (Prop_lut5_I1_O)        0.124     9.096 r  u_play_melody/r_clk_cnt[1][3]_i_1/O
                         net (fo=1, routed)           0.000     9.096    u_play_melody/r_clk_cnt[1][3]_i_1_n_0
    SLICE_X9Y40          FDCE                                         r  u_play_melody/r_clk_cnt_reg[1][3]/D
  -------------------------------------------------------------------    -------------------

                         (clock sys_clk_pin rise edge)
                                                     10.000    10.000 r  
    W5                                                0.000    10.000 r  clk (IN)
                         net (fo=0)                   0.000    10.000    clk
    W5                   IBUF (Prop_ibuf_I_O)         1.388    11.388 r  clk_IBUF_inst/O
                         net (fo=1, routed)           1.862    13.250    clk_IBUF
    BUFGCTRL_X0Y0        BUFG (Prop_bufg_I_O)         0.091    13.341 r  clk_IBUF_BUFG_inst/O
                         net (fo=230, routed)         1.448    14.789    u_play_melody/CLK
    SLICE_X9Y40          FDCE                                         r  u_play_melody/r_clk_cnt_reg[1][3]/C
                         clock pessimism              0.260    15.049    
                         clock uncertainty           -0.035    15.014    
    SLICE_X9Y40          FDCE (Setup_fdce_C_D)        0.031    15.045    u_play_melody/r_clk_cnt_reg[1][3]
  -------------------------------------------------------------------
                         required time                         15.045    
                         arrival time                          -9.096    
  -------------------------------------------------------------------
                         slack                                  5.949    

Slack (MET) :             5.955ns  (required time - arrival time)
  Source:                 u_play_melody/r_clk_cnt_reg[1][17]/C
                            (rising edge-triggered cell FDCE clocked by sys_clk_pin  {rise@0.000ns fall@5.000ns period=10.000ns})
  Destination:            u_play_melody/r_clk_cnt_reg[1][0]/D
                            (rising edge-triggered cell FDCE clocked by sys_clk_pin  {rise@0.000ns fall@5.000ns period=10.000ns})
  Path Group:             sys_clk_pin
  Path Type:              Setup (Max at Slow Process Corner)
  Requirement:            10.000ns  (sys_clk_pin rise@10.000ns - sys_clk_pin rise@0.000ns)
  Data Path Delay:        4.001ns  (logic 0.890ns (22.245%)  route 3.111ns (77.755%))
  Logic Levels:           3  (LUT4=2 LUT5=1)
  Clock Path Skew:        -0.041ns (DCD - SCD + CPR)
    Destination Clock Delay (DCD):    4.789ns = ( 14.789 - 10.000 ) 
    Source Clock Delay      (SCD):    5.090ns
    Clock Pessimism Removal (CPR):    0.260ns
  Clock Uncertainty:      0.035ns  ((TSJ^2 + TIJ^2)^1/2 + DJ) / 2 + PE
    Total System Jitter     (TSJ):    0.071ns
    Total Input Jitter      (TIJ):    0.000ns
    Discrete Jitter          (DJ):    0.000ns
    Phase Error              (PE):    0.000ns

    Location             Delay type                Incr(ns)  Path(ns)    Netlist Resource(s)
  -------------------------------------------------------------------    -------------------
                         (clock sys_clk_pin rise edge)
                                                      0.000     0.000 r  
    W5                                                0.000     0.000 r  clk (IN)
                         net (fo=0)                   0.000     0.000    clk
    W5                   IBUF (Prop_ibuf_I_O)         1.458     1.458 r  clk_IBUF_inst/O
                         net (fo=1, routed)           1.967     3.425    clk_IBUF
    BUFGCTRL_X0Y0        BUFG (Prop_bufg_I_O)         0.096     3.521 r  clk_IBUF_BUFG_inst/O
                         net (fo=230, routed)         1.569     5.090    u_play_melody/CLK
    SLICE_X10Y44         FDCE                                         r  u_play_melody/r_clk_cnt_reg[1][17]/C
  -------------------------------------------------------------------    -------------------
    SLICE_X10Y44         FDCE (Prop_fdce_C_Q)         0.518     5.608 f  u_play_melody/r_clk_cnt_reg[1][17]/Q
                         net (fo=25, routed)          1.460     7.069    u_play_melody/r_clk_cnt_reg[1][17]
    SLICE_X9Y45          LUT4 (Prop_lut4_I0_O)        0.124     7.193 f  u_play_melody/r_clk_cnt[1][21]_i_4/O
                         net (fo=1, routed)           0.263     7.456    u_play_melody/r_clk_cnt[1][21]_i_4_n_0
    SLICE_X9Y45          LUT4 (Prop_lut4_I3_O)        0.124     7.580 f  u_play_melody/r_clk_cnt[1][21]_i_2/O
                         net (fo=23, routed)          1.388     8.967    u_play_melody/r_clk_cnt[1][21]_i_2_n_0
    SLICE_X9Y40          LUT5 (Prop_lut5_I1_O)        0.124     9.091 r  u_play_melody/r_clk_cnt[1][0]_i_1/O
                         net (fo=1, routed)           0.000     9.091    u_play_melody/r_clk_cnt[1][0]_i_1_n_0
    SLICE_X9Y40          FDCE                                         r  u_play_melody/r_clk_cnt_reg[1][0]/D
  -------------------------------------------------------------------    -------------------

                         (clock sys_clk_pin rise edge)
                                                     10.000    10.000 r  
    W5                                                0.000    10.000 r  clk (IN)
                         net (fo=0)                   0.000    10.000    clk
    W5                   IBUF (Prop_ibuf_I_O)         1.388    11.388 r  clk_IBUF_inst/O
                         net (fo=1, routed)           1.862    13.250    clk_IBUF
    BUFGCTRL_X0Y0        BUFG (Prop_bufg_I_O)         0.091    13.341 r  clk_IBUF_BUFG_inst/O
                         net (fo=230, routed)         1.448    14.789    u_play_melody/CLK
    SLICE_X9Y40          FDCE                                         r  u_play_melody/r_clk_cnt_reg[1][0]/C
                         clock pessimism              0.260    15.049    
                         clock uncertainty           -0.035    15.014    
    SLICE_X9Y40          FDCE (Setup_fdce_C_D)        0.032    15.046    u_play_melody/r_clk_cnt_reg[1][0]
  -------------------------------------------------------------------
                         required time                         15.046    
                         arrival time                          -9.091    
  -------------------------------------------------------------------
                         slack                                  5.955    

Slack (MET) :             6.042ns  (required time - arrival time)
  Source:                 u_play_melody/r_clk_cnt_reg[1][17]/C
                            (rising edge-triggered cell FDCE clocked by sys_clk_pin  {rise@0.000ns fall@5.000ns period=10.000ns})
  Destination:            u_play_melody/r_clk_cnt_reg[1][4]/D
                            (rising edge-triggered cell FDCE clocked by sys_clk_pin  {rise@0.000ns fall@5.000ns period=10.000ns})
  Path Group:             sys_clk_pin
  Path Type:              Setup (Max at Slow Process Corner)
  Requirement:            10.000ns  (sys_clk_pin rise@10.000ns - sys_clk_pin rise@0.000ns)
  Data Path Delay:        3.912ns  (logic 0.890ns (22.750%)  route 3.022ns (77.250%))
  Logic Levels:           3  (LUT4=2 LUT5=1)
  Clock Path Skew:        -0.040ns (DCD - SCD + CPR)
    Destination Clock Delay (DCD):    4.790ns = ( 14.790 - 10.000 ) 
    Source Clock Delay      (SCD):    5.090ns
    Clock Pessimism Removal (CPR):    0.260ns
  Clock Uncertainty:      0.035ns  ((TSJ^2 + TIJ^2)^1/2 + DJ) / 2 + PE
    Total System Jitter     (TSJ):    0.071ns
    Total Input Jitter      (TIJ):    0.000ns
    Discrete Jitter          (DJ):    0.000ns
    Phase Error              (PE):    0.000ns

    Location             Delay type                Incr(ns)  Path(ns)    Netlist Resource(s)
  -------------------------------------------------------------------    -------------------
                         (clock sys_clk_pin rise edge)
                                                      0.000     0.000 r  
    W5                                                0.000     0.000 r  clk (IN)
                         net (fo=0)                   0.000     0.000    clk
    W5                   IBUF (Prop_ibuf_I_O)         1.458     1.458 r  clk_IBUF_inst/O
                         net (fo=1, routed)           1.967     3.425    clk_IBUF
    BUFGCTRL_X0Y0        BUFG (Prop_bufg_I_O)         0.096     3.521 r  clk_IBUF_BUFG_inst/O
                         net (fo=230, routed)         1.569     5.090    u_play_melody/CLK
    SLICE_X10Y44         FDCE                                         r  u_play_melody/r_clk_cnt_reg[1][17]/C
  -------------------------------------------------------------------    -------------------
    SLICE_X10Y44         FDCE (Prop_fdce_C_Q)         0.518     5.608 f  u_play_melody/r_clk_cnt_reg[1][17]/Q
                         net (fo=25, routed)          1.460     7.069    u_play_melody/r_clk_cnt_reg[1][17]
    SLICE_X9Y45          LUT4 (Prop_lut4_I0_O)        0.124     7.193 f  u_play_melody/r_clk_cnt[1][21]_i_4/O
                         net (fo=1, routed)           0.263     7.456    u_play_melody/r_clk_cnt[1][21]_i_4_n_0
    SLICE_X9Y45          LUT4 (Prop_lut4_I3_O)        0.124     7.580 f  u_play_melody/r_clk_cnt[1][21]_i_2/O
                         net (fo=23, routed)          1.299     8.878    u_play_melody/r_clk_cnt[1][21]_i_2_n_0
    SLICE_X9Y41          LUT5 (Prop_lut5_I1_O)        0.124     9.002 r  u_play_melody/r_clk_cnt[1][4]_i_1/O
                         net (fo=1, routed)           0.000     9.002    u_play_melody/r_clk_cnt[1][4]_i_1_n_0
    SLICE_X9Y41          FDCE                                         r  u_play_melody/r_clk_cnt_reg[1][4]/D
  -------------------------------------------------------------------    -------------------

                         (clock sys_clk_pin rise edge)
                                                     10.000    10.000 r  
    W5                                                0.000    10.000 r  clk (IN)
                         net (fo=0)                   0.000    10.000    clk
    W5                   IBUF (Prop_ibuf_I_O)         1.388    11.388 r  clk_IBUF_inst/O
                         net (fo=1, routed)           1.862    13.250    clk_IBUF
    BUFGCTRL_X0Y0        BUFG (Prop_bufg_I_O)         0.091    13.341 r  clk_IBUF_BUFG_inst/O
                         net (fo=230, routed)         1.449    14.790    u_play_melody/CLK
    SLICE_X9Y41          FDCE                                         r  u_play_melody/r_clk_cnt_reg[1][4]/C
                         clock pessimism              0.260    15.050    
                         clock uncertainty           -0.035    15.015    
    SLICE_X9Y41          FDCE (Setup_fdce_C_D)        0.029    15.044    u_play_melody/r_clk_cnt_reg[1][4]
  -------------------------------------------------------------------
                         required time                         15.044    
                         arrival time                          -9.002    
  -------------------------------------------------------------------
                         slack                                  6.042    

Slack (MET) :             6.046ns  (required time - arrival time)
  Source:                 u_play_melody/r_clk_cnt_reg[1][17]/C
                            (rising edge-triggered cell FDCE clocked by sys_clk_pin  {rise@0.000ns fall@5.000ns period=10.000ns})
  Destination:            u_play_melody/r_clk_cnt_reg[1][7]/D
                            (rising edge-triggered cell FDCE clocked by sys_clk_pin  {rise@0.000ns fall@5.000ns period=10.000ns})
  Path Group:             sys_clk_pin
  Path Type:              Setup (Max at Slow Process Corner)
  Requirement:            10.000ns  (sys_clk_pin rise@10.000ns - sys_clk_pin rise@0.000ns)
  Data Path Delay:        3.910ns  (logic 0.890ns (22.762%)  route 3.020ns (77.238%))
  Logic Levels:           3  (LUT4=2 LUT5=1)
  Clock Path Skew:        -0.040ns (DCD - SCD + CPR)
    Destination Clock Delay (DCD):    4.790ns = ( 14.790 - 10.000 ) 
    Source Clock Delay      (SCD):    5.090ns
    Clock Pessimism Removal (CPR):    0.260ns
  Clock Uncertainty:      0.035ns  ((TSJ^2 + TIJ^2)^1/2 + DJ) / 2 + PE
    Total System Jitter     (TSJ):    0.071ns
    Total Input Jitter      (TIJ):    0.000ns
    Discrete Jitter          (DJ):    0.000ns
    Phase Error              (PE):    0.000ns

    Location             Delay type                Incr(ns)  Path(ns)    Netlist Resource(s)
  -------------------------------------------------------------------    -------------------
                         (clock sys_clk_pin rise edge)
                                                      0.000     0.000 r  
    W5                                                0.000     0.000 r  clk (IN)
                         net (fo=0)                   0.000     0.000    clk
    W5                   IBUF (Prop_ibuf_I_O)         1.458     1.458 r  clk_IBUF_inst/O
                         net (fo=1, routed)           1.967     3.425    clk_IBUF
    BUFGCTRL_X0Y0        BUFG (Prop_bufg_I_O)         0.096     3.521 r  clk_IBUF_BUFG_inst/O
                         net (fo=230, routed)         1.569     5.090    u_play_melody/CLK
    SLICE_X10Y44         FDCE                                         r  u_play_melody/r_clk_cnt_reg[1][17]/C
  -------------------------------------------------------------------    -------------------
    SLICE_X10Y44         FDCE (Prop_fdce_C_Q)         0.518     5.608 f  u_play_melody/r_clk_cnt_reg[1][17]/Q
                         net (fo=25, routed)          1.460     7.069    u_play_melody/r_clk_cnt_reg[1][17]
    SLICE_X9Y45          LUT4 (Prop_lut4_I0_O)        0.124     7.193 f  u_play_melody/r_clk_cnt[1][21]_i_4/O
                         net (fo=1, routed)           0.263     7.456    u_play_melody/r_clk_cnt[1][21]_i_4_n_0
    SLICE_X9Y45          LUT4 (Prop_lut4_I3_O)        0.124     7.580 f  u_play_melody/r_clk_cnt[1][21]_i_2/O
                         net (fo=23, routed)          1.297     8.876    u_play_melody/r_clk_cnt[1][21]_i_2_n_0
    SLICE_X9Y41          LUT5 (Prop_lut5_I1_O)        0.124     9.000 r  u_play_melody/r_clk_cnt[1][7]_i_1/O
                         net (fo=1, routed)           0.000     9.000    u_play_melody/r_clk_cnt[1][7]_i_1_n_0
    SLICE_X9Y41          FDCE                                         r  u_play_melody/r_clk_cnt_reg[1][7]/D
  -------------------------------------------------------------------    -------------------

                         (clock sys_clk_pin rise edge)
                                                     10.000    10.000 r  
    W5                                                0.000    10.000 r  clk (IN)
                         net (fo=0)                   0.000    10.000    clk
    W5                   IBUF (Prop_ibuf_I_O)         1.388    11.388 r  clk_IBUF_inst/O
                         net (fo=1, routed)           1.862    13.250    clk_IBUF
    BUFGCTRL_X0Y0        BUFG (Prop_bufg_I_O)         0.091    13.341 r  clk_IBUF_BUFG_inst/O
                         net (fo=230, routed)         1.449    14.790    u_play_melody/CLK
    SLICE_X9Y41          FDCE                                         r  u_play_melody/r_clk_cnt_reg[1][7]/C
                         clock pessimism              0.260    15.050    
                         clock uncertainty           -0.035    15.015    
    SLICE_X9Y41          FDCE (Setup_fdce_C_D)        0.031    15.046    u_play_melody/r_clk_cnt_reg[1][7]
  -------------------------------------------------------------------
                         required time                         15.046    
                         arrival time                          -9.000    
  -------------------------------------------------------------------
                         slack                                  6.046    

Slack (MET) :             6.070ns  (required time - arrival time)
  Source:                 u_play_melody/r_clk_cnt_reg[1][17]/C
                            (rising edge-triggered cell FDCE clocked by sys_clk_pin  {rise@0.000ns fall@5.000ns period=10.000ns})
  Destination:            u_play_melody/r_clk_cnt_reg[1][6]/D
                            (rising edge-triggered cell FDCE clocked by sys_clk_pin  {rise@0.000ns fall@5.000ns period=10.000ns})
  Path Group:             sys_clk_pin
  Path Type:              Setup (Max at Slow Process Corner)
  Requirement:            10.000ns  (sys_clk_pin rise@10.000ns - sys_clk_pin rise@0.000ns)
  Data Path Delay:        3.950ns  (logic 0.890ns (22.532%)  route 3.060ns (77.468%))
  Logic Levels:           3  (LUT4=2 LUT5=1)
  Clock Path Skew:        -0.026ns (DCD - SCD + CPR)
    Destination Clock Delay (DCD):    4.791ns = ( 14.791 - 10.000 ) 
    Source Clock Delay      (SCD):    5.090ns
    Clock Pessimism Removal (CPR):    0.273ns
  Clock Uncertainty:      0.035ns  ((TSJ^2 + TIJ^2)^1/2 + DJ) / 2 + PE
    Total System Jitter     (TSJ):    0.071ns
    Total Input Jitter      (TIJ):    0.000ns
    Discrete Jitter          (DJ):    0.000ns
    Phase Error              (PE):    0.000ns

    Location             Delay type                Incr(ns)  Path(ns)    Netlist Resource(s)
  -------------------------------------------------------------------    -------------------
                         (clock sys_clk_pin rise edge)
                                                      0.000     0.000 r  
    W5                                                0.000     0.000 r  clk (IN)
                         net (fo=0)                   0.000     0.000    clk
    W5                   IBUF (Prop_ibuf_I_O)         1.458     1.458 r  clk_IBUF_inst/O
                         net (fo=1, routed)           1.967     3.425    clk_IBUF
    BUFGCTRL_X0Y0        BUFG (Prop_bufg_I_O)         0.096     3.521 r  clk_IBUF_BUFG_inst/O
                         net (fo=230, routed)         1.569     5.090    u_play_melody/CLK
    SLICE_X10Y44         FDCE                                         r  u_play_melody/r_clk_cnt_reg[1][17]/C
  -------------------------------------------------------------------    -------------------
    SLICE_X10Y44         FDCE (Prop_fdce_C_Q)         0.518     5.608 f  u_play_melody/r_clk_cnt_reg[1][17]/Q
                         net (fo=25, routed)          1.460     7.069    u_play_melody/r_clk_cnt_reg[1][17]
    SLICE_X9Y45          LUT4 (Prop_lut4_I0_O)        0.124     7.193 f  u_play_melody/r_clk_cnt[1][21]_i_4/O
                         net (fo=1, routed)           0.263     7.456    u_play_melody/r_clk_cnt[1][21]_i_4_n_0
    SLICE_X9Y45          LUT4 (Prop_lut4_I3_O)        0.124     7.580 f  u_play_melody/r_clk_cnt[1][21]_i_2/O
                         net (fo=23, routed)          1.337     8.916    u_play_melody/r_clk_cnt[1][21]_i_2_n_0
    SLICE_X10Y41         LUT5 (Prop_lut5_I1_O)        0.124     9.040 r  u_play_melody/r_clk_cnt[1][6]_i_1/O
                         net (fo=1, routed)           0.000     9.040    u_play_melody/r_clk_cnt[1][6]_i_1_n_0
    SLICE_X10Y41         FDCE                                         r  u_play_melody/r_clk_cnt_reg[1][6]/D
  -------------------------------------------------------------------    -------------------

                         (clock sys_clk_pin rise edge)
                                                     10.000    10.000 r  
    W5                                                0.000    10.000 r  clk (IN)
                         net (fo=0)                   0.000    10.000    clk
    W5                   IBUF (Prop_ibuf_I_O)         1.388    11.388 r  clk_IBUF_inst/O
                         net (fo=1, routed)           1.862    13.250    clk_IBUF
    BUFGCTRL_X0Y0        BUFG (Prop_bufg_I_O)         0.091    13.341 r  clk_IBUF_BUFG_inst/O
                         net (fo=230, routed)         1.450    14.791    u_play_melody/CLK
    SLICE_X10Y41         FDCE                                         r  u_play_melody/r_clk_cnt_reg[1][6]/C
                         clock pessimism              0.273    15.064    
                         clock uncertainty           -0.035    15.029    
    SLICE_X10Y41         FDCE (Setup_fdce_C_D)        0.081    15.110    u_play_melody/r_clk_cnt_reg[1][6]
  -------------------------------------------------------------------
                         required time                         15.110    
                         arrival time                          -9.040    
  -------------------------------------------------------------------
                         slack                                  6.070    

Slack (MET) :             6.127ns  (required time - arrival time)
  Source:                 u_play_melody/r_clk_cnt_reg[1][17]/C
                            (rising edge-triggered cell FDCE clocked by sys_clk_pin  {rise@0.000ns fall@5.000ns period=10.000ns})
  Destination:            u_play_melody/r_clk_cnt_reg[1][8]/D
                            (rising edge-triggered cell FDCE clocked by sys_clk_pin  {rise@0.000ns fall@5.000ns period=10.000ns})
  Path Group:             sys_clk_pin
  Path Type:              Setup (Max at Slow Process Corner)
  Requirement:            10.000ns  (sys_clk_pin rise@10.000ns - sys_clk_pin rise@0.000ns)
  Data Path Delay:        3.829ns  (logic 0.890ns (23.244%)  route 2.939ns (76.756%))
  Logic Levels:           3  (LUT4=2 LUT5=1)
  Clock Path Skew:        -0.040ns (DCD - SCD + CPR)
    Destination Clock Delay (DCD):    4.790ns = ( 14.790 - 10.000 ) 
    Source Clock Delay      (SCD):    5.090ns
    Clock Pessimism Removal (CPR):    0.260ns
  Clock Uncertainty:      0.035ns  ((TSJ^2 + TIJ^2)^1/2 + DJ) / 2 + PE
    Total System Jitter     (TSJ):    0.071ns
    Total Input Jitter      (TIJ):    0.000ns
    Discrete Jitter          (DJ):    0.000ns
    Phase Error              (PE):    0.000ns

    Location             Delay type                Incr(ns)  Path(ns)    Netlist Resource(s)
  -------------------------------------------------------------------    -------------------
                         (clock sys_clk_pin rise edge)
                                                      0.000     0.000 r  
    W5                                                0.000     0.000 r  clk (IN)
                         net (fo=0)                   0.000     0.000    clk
    W5                   IBUF (Prop_ibuf_I_O)         1.458     1.458 r  clk_IBUF_inst/O
                         net (fo=1, routed)           1.967     3.425    clk_IBUF
    BUFGCTRL_X0Y0        BUFG (Prop_bufg_I_O)         0.096     3.521 r  clk_IBUF_BUFG_inst/O
                         net (fo=230, routed)         1.569     5.090    u_play_melody/CLK
    SLICE_X10Y44         FDCE                                         r  u_play_melody/r_clk_cnt_reg[1][17]/C
  -------------------------------------------------------------------    -------------------
    SLICE_X10Y44         FDCE (Prop_fdce_C_Q)         0.518     5.608 f  u_play_melody/r_clk_cnt_reg[1][17]/Q
                         net (fo=25, routed)          1.460     7.069    u_play_melody/r_clk_cnt_reg[1][17]
    SLICE_X9Y45          LUT4 (Prop_lut4_I0_O)        0.124     7.193 f  u_play_melody/r_clk_cnt[1][21]_i_4/O
                         net (fo=1, routed)           0.263     7.456    u_play_melody/r_clk_cnt[1][21]_i_4_n_0
    SLICE_X9Y45          LUT4 (Prop_lut4_I3_O)        0.124     7.580 f  u_play_melody/r_clk_cnt[1][21]_i_2/O
                         net (fo=23, routed)          1.216     8.795    u_play_melody/r_clk_cnt[1][21]_i_2_n_0
    SLICE_X9Y41          LUT5 (Prop_lut5_I1_O)        0.124     8.919 r  u_play_melody/r_clk_cnt[1][8]_i_1/O
                         net (fo=1, routed)           0.000     8.919    u_play_melody/r_clk_cnt[1][8]_i_1_n_0
    SLICE_X9Y41          FDCE                                         r  u_play_melody/r_clk_cnt_reg[1][8]/D
  -------------------------------------------------------------------    -------------------

                         (clock sys_clk_pin rise edge)
                                                     10.000    10.000 r  
    W5                                                0.000    10.000 r  clk (IN)
                         net (fo=0)                   0.000    10.000    clk
    W5                   IBUF (Prop_ibuf_I_O)         1.388    11.388 r  clk_IBUF_inst/O
                         net (fo=1, routed)           1.862    13.250    clk_IBUF
    BUFGCTRL_X0Y0        BUFG (Prop_bufg_I_O)         0.091    13.341 r  clk_IBUF_BUFG_inst/O
                         net (fo=230, routed)         1.449    14.790    u_play_melody/CLK
    SLICE_X9Y41          FDCE                                         r  u_play_melody/r_clk_cnt_reg[1][8]/C
                         clock pessimism              0.260    15.050    
                         clock uncertainty           -0.035    15.015    
    SLICE_X9Y41          FDCE (Setup_fdce_C_D)        0.031    15.046    u_play_melody/r_clk_cnt_reg[1][8]
  -------------------------------------------------------------------
                         required time                         15.046    
                         arrival time                          -8.919    
  -------------------------------------------------------------------
                         slack                                  6.127    

Slack (MET) :             6.139ns  (required time - arrival time)
  Source:                 u_btnR_debouncer/count_reg[1]/C
                            (rising edge-triggered cell FDCE clocked by sys_clk_pin  {rise@0.000ns fall@5.000ns period=10.000ns})
  Destination:            u_btnR_debouncer/count_reg[19]/D
                            (rising edge-triggered cell FDCE clocked by sys_clk_pin  {rise@0.000ns fall@5.000ns period=10.000ns})
  Path Group:             sys_clk_pin
  Path Type:              Setup (Max at Slow Process Corner)
  Requirement:            10.000ns  (sys_clk_pin rise@10.000ns - sys_clk_pin rise@0.000ns)
  Data Path Delay:        3.834ns  (logic 2.057ns (53.649%)  route 1.777ns (46.351%))
  Logic Levels:           6  (CARRY4=5 LUT6=1)
  Clock Path Skew:        -0.022ns (DCD - SCD + CPR)
    Destination Clock Delay (DCD):    4.858ns = ( 14.858 - 10.000 ) 
    Source Clock Delay      (SCD):    5.154ns
    Clock Pessimism Removal (CPR):    0.274ns
  Clock Uncertainty:      0.035ns  ((TSJ^2 + TIJ^2)^1/2 + DJ) / 2 + PE
    Total System Jitter     (TSJ):    0.071ns
    Total Input Jitter      (TIJ):    0.000ns
    Discrete Jitter          (DJ):    0.000ns
    Phase Error              (PE):    0.000ns

    Location             Delay type                Incr(ns)  Path(ns)    Netlist Resource(s)
  -------------------------------------------------------------------    -------------------
                         (clock sys_clk_pin rise edge)
                                                      0.000     0.000 r  
    W5                                                0.000     0.000 r  clk (IN)
                         net (fo=0)                   0.000     0.000    clk
    W5                   IBUF (Prop_ibuf_I_O)         1.458     1.458 r  clk_IBUF_inst/O
                         net (fo=1, routed)           1.967     3.425    clk_IBUF
    BUFGCTRL_X0Y0        BUFG (Prop_bufg_I_O)         0.096     3.521 r  clk_IBUF_BUFG_inst/O
                         net (fo=230, routed)         1.633     5.154    u_btnR_debouncer/CLK
    SLICE_X2Y36          FDCE                                         r  u_btnR_debouncer/count_reg[1]/C
  -------------------------------------------------------------------    -------------------
    SLICE_X2Y36          FDCE (Prop_fdce_C_Q)         0.518     5.672 r  u_btnR_debouncer/count_reg[1]/Q
                         net (fo=2, routed)           0.825     6.497    u_btnR_debouncer/count_reg_n_0_[1]
    SLICE_X1Y36          CARRY4 (Prop_carry4_S[0]_CO[3])
                                                      0.656     7.153 r  u_btnR_debouncer/count0_carry/CO[3]
                         net (fo=1, routed)           0.000     7.153    u_btnR_debouncer/count0_carry_n_0
    SLICE_X1Y37          CARRY4 (Prop_carry4_CI_CO[3])
                                                      0.114     7.267 r  u_btnR_debouncer/count0_carry__0/CO[3]
                         net (fo=1, routed)           0.000     7.267    u_btnR_debouncer/count0_carry__0_n_0
    SLICE_X1Y38          CARRY4 (Prop_carry4_CI_CO[3])
                                                      0.114     7.381 r  u_btnR_debouncer/count0_carry__1/CO[3]
                         net (fo=1, routed)           0.000     7.381    u_btnR_debouncer/count0_carry__1_n_0
    SLICE_X1Y39          CARRY4 (Prop_carry4_CI_CO[3])
                                                      0.114     7.495 r  u_btnR_debouncer/count0_carry__2/CO[3]
                         net (fo=1, routed)           0.000     7.495    u_btnR_debouncer/count0_carry__2_n_0
    SLICE_X1Y40          CARRY4 (Prop_carry4_CI_O[2])
                                                      0.239     7.734 r  u_btnR_debouncer/count0_carry__3/O[2]
                         net (fo=1, routed)           0.953     8.686    u_btnR_debouncer/count0_carry__3_n_5
    SLICE_X0Y40          LUT6 (Prop_lut6_I0_O)        0.302     8.988 r  u_btnR_debouncer/count[19]_i_1__2/O
                         net (fo=1, routed)           0.000     8.988    u_btnR_debouncer/count[19]_i_1__2_n_0
    SLICE_X0Y40          FDCE                                         r  u_btnR_debouncer/count_reg[19]/D
  -------------------------------------------------------------------    -------------------

                         (clock sys_clk_pin rise edge)
                                                     10.000    10.000 r  
    W5                                                0.000    10.000 r  clk (IN)
                         net (fo=0)                   0.000    10.000    clk
    W5                   IBUF (Prop_ibuf_I_O)         1.388    11.388 r  clk_IBUF_inst/O
                         net (fo=1, routed)           1.862    13.250    clk_IBUF
    BUFGCTRL_X0Y0        BUFG (Prop_bufg_I_O)         0.091    13.341 r  clk_IBUF_BUFG_inst/O
                         net (fo=230, routed)         1.517    14.858    u_btnR_debouncer/CLK
    SLICE_X0Y40          FDCE                                         r  u_btnR_debouncer/count_reg[19]/C
                         clock pessimism              0.274    15.132    
                         clock uncertainty           -0.035    15.097    
    SLICE_X0Y40          FDCE (Setup_fdce_C_D)        0.031    15.128    u_btnR_debouncer/count_reg[19]
  -------------------------------------------------------------------
                         required time                         15.128    
                         arrival time                          -8.988    
  -------------------------------------------------------------------
                         slack                                  6.139    





Min Delay Paths
--------------------------------------------------------------------------------------
Slack (MET) :             0.136ns  (arrival time - required time)
  Source:                 u_btnC_debouncer/count_reg[14]/C
                            (rising edge-triggered cell FDCE clocked by sys_clk_pin  {rise@0.000ns fall@5.000ns period=10.000ns})
  Destination:            u_btnC_debouncer/count_reg[12]/D
                            (rising edge-triggered cell FDCE clocked by sys_clk_pin  {rise@0.000ns fall@5.000ns period=10.000ns})
  Path Group:             sys_clk_pin
  Path Type:              Hold (Min at Fast Process Corner)
  Requirement:            0.000ns  (sys_clk_pin rise@0.000ns - sys_clk_pin rise@0.000ns)
  Data Path Delay:        0.501ns  (logic 0.186ns (37.148%)  route 0.315ns (62.852%))
  Logic Levels:           1  (LUT6=1)
  Clock Path Skew:        0.273ns (DCD - SCD - CPR)
    Destination Clock Delay (DCD):    1.992ns
    Source Clock Delay      (SCD):    1.475ns
    Clock Pessimism Removal (CPR):    0.244ns

    Location             Delay type                Incr(ns)  Path(ns)    Netlist Resource(s)
  -------------------------------------------------------------------    -------------------
                         (clock sys_clk_pin rise edge)
                                                      0.000     0.000 r  
    W5                                                0.000     0.000 r  clk (IN)
                         net (fo=0)                   0.000     0.000    clk
    W5                   IBUF (Prop_ibuf_I_O)         0.226     0.226 r  clk_IBUF_inst/O
                         net (fo=1, routed)           0.631     0.858    clk_IBUF
    BUFGCTRL_X0Y0        BUFG (Prop_bufg_I_O)         0.026     0.884 r  clk_IBUF_BUFG_inst/O
                         net (fo=230, routed)         0.592     1.475    u_btnC_debouncer/CLK
    SLICE_X7Y50          FDCE                                         r  u_btnC_debouncer/count_reg[14]/C
  -------------------------------------------------------------------    -------------------
    SLICE_X7Y50          FDCE (Prop_fdce_C_Q)         0.141     1.616 f  u_btnC_debouncer/count_reg[14]/Q
                         net (fo=22, routed)          0.315     1.931    u_btnC_debouncer/count_reg_n_0_[14]
    SLICE_X7Y49          LUT6 (Prop_lut6_I3_O)        0.045     1.976 r  u_btnC_debouncer/count[12]_i_1__1/O
                         net (fo=1, routed)           0.000     1.976    u_btnC_debouncer/count[12]_i_1__1_n_0
    SLICE_X7Y49          FDCE                                         r  u_btnC_debouncer/count_reg[12]/D
  -------------------------------------------------------------------    -------------------

                         (clock sys_clk_pin rise edge)
                                                      0.000     0.000 r  
    W5                                                0.000     0.000 r  clk (IN)
                         net (fo=0)                   0.000     0.000    clk
    W5                   IBUF (Prop_ibuf_I_O)         0.414     0.414 r  clk_IBUF_inst/O
                         net (fo=1, routed)           0.685     1.099    clk_IBUF
    BUFGCTRL_X0Y0        BUFG (Prop_bufg_I_O)         0.029     1.128 r  clk_IBUF_BUFG_inst/O
                         net (fo=230, routed)         0.865     1.992    u_btnC_debouncer/CLK
    SLICE_X7Y49          FDCE                                         r  u_btnC_debouncer/count_reg[12]/C
                         clock pessimism             -0.244     1.748    
    SLICE_X7Y49          FDCE (Hold_fdce_C_D)         0.092     1.840    u_btnC_debouncer/count_reg[12]
  -------------------------------------------------------------------
                         required time                         -1.840    
                         arrival time                           1.976    
  -------------------------------------------------------------------
                         slack                                  0.136    

Slack (MET) :             0.180ns  (arrival time - required time)
  Source:                 u_btnU_debouncer/btn_state_reg/C
                            (rising edge-triggered cell FDCE clocked by sys_clk_pin  {rise@0.000ns fall@5.000ns period=10.000ns})
  Destination:            u_play_melody/ff1_reg[0]/D
                            (rising edge-triggered cell FDCE clocked by sys_clk_pin  {rise@0.000ns fall@5.000ns period=10.000ns})
  Path Group:             sys_clk_pin
  Path Type:              Hold (Min at Fast Process Corner)
  Requirement:            0.000ns  (sys_clk_pin rise@0.000ns - sys_clk_pin rise@0.000ns)
  Data Path Delay:        0.250ns  (logic 0.141ns (56.418%)  route 0.109ns (43.582%))
  Logic Levels:           0  
  Clock Path Skew:        0.013ns (DCD - SCD - CPR)
    Destination Clock Delay (DCD):    1.994ns
    Source Clock Delay      (SCD):    1.479ns
    Clock Pessimism Removal (CPR):    0.502ns

    Location             Delay type                Incr(ns)  Path(ns)    Netlist Resource(s)
  -------------------------------------------------------------------    -------------------
                         (clock sys_clk_pin rise edge)
                                                      0.000     0.000 r  
    W5                                                0.000     0.000 r  clk (IN)
                         net (fo=0)                   0.000     0.000    clk
    W5                   IBUF (Prop_ibuf_I_O)         0.226     0.226 r  clk_IBUF_inst/O
                         net (fo=1, routed)           0.631     0.858    clk_IBUF
    BUFGCTRL_X0Y0        BUFG (Prop_bufg_I_O)         0.026     0.884 r  clk_IBUF_BUFG_inst/O
                         net (fo=230, routed)         0.596     1.479    u_btnU_debouncer/CLK
    SLICE_X0Y48          FDCE                                         r  u_btnU_debouncer/btn_state_reg/C
  -------------------------------------------------------------------    -------------------
    SLICE_X0Y48          FDCE (Prop_fdce_C_Q)         0.141     1.620 r  u_btnU_debouncer/btn_state_reg/Q
                         net (fo=3, routed)           0.109     1.729    u_play_melody/D[0]
    SLICE_X1Y48          FDCE                                         r  u_play_melody/ff1_reg[0]/D
  -------------------------------------------------------------------    -------------------

                         (clock sys_clk_pin rise edge)
                                                      0.000     0.000 r  
    W5                                                0.000     0.000 r  clk (IN)
                         net (fo=0)                   0.000     0.000    clk
    W5                   IBUF (Prop_ibuf_I_O)         0.414     0.414 r  clk_IBUF_inst/O
                         net (fo=1, routed)           0.685     1.099    clk_IBUF
    BUFGCTRL_X0Y0        BUFG (Prop_bufg_I_O)         0.029     1.128 r  clk_IBUF_BUFG_inst/O
                         net (fo=230, routed)         0.867     1.994    u_play_melody/CLK
    SLICE_X1Y48          FDCE                                         r  u_play_melody/ff1_reg[0]/C
                         clock pessimism             -0.502     1.492    
    SLICE_X1Y48          FDCE (Hold_fdce_C_D)         0.057     1.549    u_play_melody/ff1_reg[0]
  -------------------------------------------------------------------
                         required time                         -1.549    
                         arrival time                           1.729    
  -------------------------------------------------------------------
                         slack                                  0.180    

Slack (MET) :             0.182ns  (arrival time - required time)
  Source:                 u_btnU_debouncer/count_reg[9]/C
                            (rising edge-triggered cell FDCE clocked by sys_clk_pin  {rise@0.000ns fall@5.000ns period=10.000ns})
  Destination:            u_btnU_debouncer/count_reg[8]/D
                            (rising edge-triggered cell FDCE clocked by sys_clk_pin  {rise@0.000ns fall@5.000ns period=10.000ns})
  Path Group:             sys_clk_pin
  Path Type:              Hold (Min at Fast Process Corner)
  Requirement:            0.000ns  (sys_clk_pin rise@0.000ns - sys_clk_pin rise@0.000ns)
  Data Path Delay:        0.547ns  (logic 0.231ns (42.213%)  route 0.316ns (57.787%))
  Logic Levels:           2  (LUT6=2)
  Clock Path Skew:        0.273ns (DCD - SCD - CPR)
    Destination Clock Delay (DCD):    1.994ns
    Source Clock Delay      (SCD):    1.477ns
    Clock Pessimism Removal (CPR):    0.244ns

    Location             Delay type                Incr(ns)  Path(ns)    Netlist Resource(s)
  -------------------------------------------------------------------    -------------------
                         (clock sys_clk_pin rise edge)
                                                      0.000     0.000 r  
    W5                                                0.000     0.000 r  clk (IN)
                         net (fo=0)                   0.000     0.000    clk
    W5                   IBUF (Prop_ibuf_I_O)         0.226     0.226 r  clk_IBUF_inst/O
                         net (fo=1, routed)           0.631     0.858    clk_IBUF
    BUFGCTRL_X0Y0        BUFG (Prop_bufg_I_O)         0.026     0.884 r  clk_IBUF_BUFG_inst/O
                         net (fo=230, routed)         0.594     1.477    u_btnU_debouncer/CLK
    SLICE_X1Y50          FDCE                                         r  u_btnU_debouncer/count_reg[9]/C
  -------------------------------------------------------------------    -------------------
    SLICE_X1Y50          FDCE (Prop_fdce_C_Q)         0.141     1.618 f  u_btnU_debouncer/count_reg[9]/Q
                         net (fo=2, routed)           0.218     1.836    u_btnU_debouncer/count[9]
    SLICE_X3Y49          LUT6 (Prop_lut6_I0_O)        0.045     1.881 r  u_btnU_debouncer/btn_state_i_3/O
                         net (fo=21, routed)          0.099     1.979    u_btnU_debouncer/btn_state_i_3_n_0
    SLICE_X3Y49          LUT6 (Prop_lut6_I2_O)        0.045     2.024 r  u_btnU_debouncer/count[8]_i_1/O
                         net (fo=1, routed)           0.000     2.024    u_btnU_debouncer/p_0_in[8]
    SLICE_X3Y49          FDCE                                         r  u_btnU_debouncer/count_reg[8]/D
  -------------------------------------------------------------------    -------------------

                         (clock sys_clk_pin rise edge)
                                                      0.000     0.000 r  
    W5                                                0.000     0.000 r  clk (IN)
                         net (fo=0)                   0.000     0.000    clk
    W5                   IBUF (Prop_ibuf_I_O)         0.414     0.414 r  clk_IBUF_inst/O
                         net (fo=1, routed)           0.685     1.099    clk_IBUF
    BUFGCTRL_X0Y0        BUFG (Prop_bufg_I_O)         0.029     1.128 r  clk_IBUF_BUFG_inst/O
                         net (fo=230, routed)         0.867     1.994    u_btnU_debouncer/CLK
    SLICE_X3Y49          FDCE                                         r  u_btnU_debouncer/count_reg[8]/C
                         clock pessimism             -0.244     1.750    
    SLICE_X3Y49          FDCE (Hold_fdce_C_D)         0.092     1.842    u_btnU_debouncer/count_reg[8]
  -------------------------------------------------------------------
                         required time                         -1.842    
                         arrival time                           2.024    
  -------------------------------------------------------------------
                         slack                                  0.182    

Slack (MET) :             0.184ns  (arrival time - required time)
  Source:                 u_btnU_debouncer/count_reg[9]/C
                            (rising edge-triggered cell FDCE clocked by sys_clk_pin  {rise@0.000ns fall@5.000ns period=10.000ns})
  Destination:            u_btnU_debouncer/count_reg[2]/D
                            (rising edge-triggered cell FDCE clocked by sys_clk_pin  {rise@0.000ns fall@5.000ns period=10.000ns})
  Path Group:             sys_clk_pin
  Path Type:              Hold (Min at Fast Process Corner)
  Requirement:            0.000ns  (sys_clk_pin rise@0.000ns - sys_clk_pin rise@0.000ns)
  Data Path Delay:        0.548ns  (logic 0.231ns (42.136%)  route 0.317ns (57.864%))
  Logic Levels:           2  (LUT6=2)
  Clock Path Skew:        0.273ns (DCD - SCD - CPR)
    Destination Clock Delay (DCD):    1.994ns
    Source Clock Delay      (SCD):    1.477ns
    Clock Pessimism Removal (CPR):    0.244ns

    Location             Delay type                Incr(ns)  Path(ns)    Netlist Resource(s)
  -------------------------------------------------------------------    -------------------
                         (clock sys_clk_pin rise edge)
                                                      0.000     0.000 r  
    W5                                                0.000     0.000 r  clk (IN)
                         net (fo=0)                   0.000     0.000    clk
    W5                   IBUF (Prop_ibuf_I_O)         0.226     0.226 r  clk_IBUF_inst/O
                         net (fo=1, routed)           0.631     0.858    clk_IBUF
    BUFGCTRL_X0Y0        BUFG (Prop_bufg_I_O)         0.026     0.884 r  clk_IBUF_BUFG_inst/O
                         net (fo=230, routed)         0.594     1.477    u_btnU_debouncer/CLK
    SLICE_X1Y50          FDCE                                         r  u_btnU_debouncer/count_reg[9]/C
  -------------------------------------------------------------------    -------------------
    SLICE_X1Y50          FDCE (Prop_fdce_C_Q)         0.141     1.618 f  u_btnU_debouncer/count_reg[9]/Q
                         net (fo=2, routed)           0.218     1.836    u_btnU_debouncer/count[9]
    SLICE_X3Y49          LUT6 (Prop_lut6_I0_O)        0.045     1.881 r  u_btnU_debouncer/btn_state_i_3/O
                         net (fo=21, routed)          0.100     1.980    u_btnU_debouncer/btn_state_i_3_n_0
    SLICE_X3Y49          LUT6 (Prop_lut6_I2_O)        0.045     2.025 r  u_btnU_debouncer/count[2]_i_1/O
                         net (fo=1, routed)           0.000     2.025    u_btnU_debouncer/p_0_in[2]
    SLICE_X3Y49          FDCE                                         r  u_btnU_debouncer/count_reg[2]/D
  -------------------------------------------------------------------    -------------------

                         (clock sys_clk_pin rise edge)
                                                      0.000     0.000 r  
    W5                                                0.000     0.000 r  clk (IN)
                         net (fo=0)                   0.000     0.000    clk
    W5                   IBUF (Prop_ibuf_I_O)         0.414     0.414 r  clk_IBUF_inst/O
                         net (fo=1, routed)           0.685     1.099    clk_IBUF
    BUFGCTRL_X0Y0        BUFG (Prop_bufg_I_O)         0.029     1.128 r  clk_IBUF_BUFG_inst/O
                         net (fo=230, routed)         0.867     1.994    u_btnU_debouncer/CLK
    SLICE_X3Y49          FDCE                                         r  u_btnU_debouncer/count_reg[2]/C
                         clock pessimism             -0.244     1.750    
    SLICE_X3Y49          FDCE (Hold_fdce_C_D)         0.091     1.841    u_btnU_debouncer/count_reg[2]
  -------------------------------------------------------------------
                         required time                         -1.841    
                         arrival time                           2.025    
  -------------------------------------------------------------------
                         slack                                  0.184    

Slack (MET) :             0.190ns  (arrival time - required time)
  Source:                 u_btnC_debouncer/count_reg[14]/C
                            (rising edge-triggered cell FDCE clocked by sys_clk_pin  {rise@0.000ns fall@5.000ns period=10.000ns})
  Destination:            u_btnC_debouncer/count_reg[6]/D
                            (rising edge-triggered cell FDCE clocked by sys_clk_pin  {rise@0.000ns fall@5.000ns period=10.000ns})
  Path Group:             sys_clk_pin
  Path Type:              Hold (Min at Fast Process Corner)
  Requirement:            0.000ns  (sys_clk_pin rise@0.000ns - sys_clk_pin rise@0.000ns)
  Data Path Delay:        0.555ns  (logic 0.186ns (33.532%)  route 0.369ns (66.468%))
  Logic Levels:           1  (LUT6=1)
  Clock Path Skew:        0.273ns (DCD - SCD - CPR)
    Destination Clock Delay (DCD):    1.992ns
    Source Clock Delay      (SCD):    1.475ns
    Clock Pessimism Removal (CPR):    0.244ns

    Location             Delay type                Incr(ns)  Path(ns)    Netlist Resource(s)
  -------------------------------------------------------------------    -------------------
                         (clock sys_clk_pin rise edge)
                                                      0.000     0.000 r  
    W5                                                0.000     0.000 r  clk (IN)
                         net (fo=0)                   0.000     0.000    clk
    W5                   IBUF (Prop_ibuf_I_O)         0.226     0.226 r  clk_IBUF_inst/O
                         net (fo=1, routed)           0.631     0.858    clk_IBUF
    BUFGCTRL_X0Y0        BUFG (Prop_bufg_I_O)         0.026     0.884 r  clk_IBUF_BUFG_inst/O
                         net (fo=230, routed)         0.592     1.475    u_btnC_debouncer/CLK
    SLICE_X7Y50          FDCE                                         r  u_btnC_debouncer/count_reg[14]/C
  -------------------------------------------------------------------    -------------------
    SLICE_X7Y50          FDCE (Prop_fdce_C_Q)         0.141     1.616 f  u_btnC_debouncer/count_reg[14]/Q
                         net (fo=22, routed)          0.369     1.985    u_btnC_debouncer/count_reg_n_0_[14]
    SLICE_X7Y48          LUT6 (Prop_lut6_I3_O)        0.045     2.030 r  u_btnC_debouncer/count[6]_i_1__1/O
                         net (fo=1, routed)           0.000     2.030    u_btnC_debouncer/count[6]_i_1__1_n_0
    SLICE_X7Y48          FDCE                                         r  u_btnC_debouncer/count_reg[6]/D
  -------------------------------------------------------------------    -------------------

                         (clock sys_clk_pin rise edge)
                                                      0.000     0.000 r  
    W5                                                0.000     0.000 r  clk (IN)
                         net (fo=0)                   0.000     0.000    clk
    W5                   IBUF (Prop_ibuf_I_O)         0.414     0.414 r  clk_IBUF_inst/O
                         net (fo=1, routed)           0.685     1.099    clk_IBUF
    BUFGCTRL_X0Y0        BUFG (Prop_bufg_I_O)         0.029     1.128 r  clk_IBUF_BUFG_inst/O
                         net (fo=230, routed)         0.865     1.992    u_btnC_debouncer/CLK
    SLICE_X7Y48          FDCE                                         r  u_btnC_debouncer/count_reg[6]/C
                         clock pessimism             -0.244     1.748    
    SLICE_X7Y48          FDCE (Hold_fdce_C_D)         0.092     1.840    u_btnC_debouncer/count_reg[6]
  -------------------------------------------------------------------
                         required time                         -1.840    
                         arrival time                           2.030    
  -------------------------------------------------------------------
                         slack                                  0.190    

Slack (MET) :             0.191ns  (arrival time - required time)
  Source:                 u_btnC_debouncer/count_reg[14]/C
                            (rising edge-triggered cell FDCE clocked by sys_clk_pin  {rise@0.000ns fall@5.000ns period=10.000ns})
  Destination:            u_btnC_debouncer/count_reg[5]/D
                            (rising edge-triggered cell FDCE clocked by sys_clk_pin  {rise@0.000ns fall@5.000ns period=10.000ns})
  Path Group:             sys_clk_pin
  Path Type:              Hold (Min at Fast Process Corner)
  Requirement:            0.000ns  (sys_clk_pin rise@0.000ns - sys_clk_pin rise@0.000ns)
  Data Path Delay:        0.555ns  (logic 0.186ns (33.532%)  route 0.369ns (66.468%))
  Logic Levels:           1  (LUT6=1)
  Clock Path Skew:        0.273ns (DCD - SCD - CPR)
    Destination Clock Delay (DCD):    1.992ns
    Source Clock Delay      (SCD):    1.475ns
    Clock Pessimism Removal (CPR):    0.244ns

    Location             Delay type                Incr(ns)  Path(ns)    Netlist Resource(s)
  -------------------------------------------------------------------    -------------------
                         (clock sys_clk_pin rise edge)
                                                      0.000     0.000 r  
    W5                                                0.000     0.000 r  clk (IN)
                         net (fo=0)                   0.000     0.000    clk
    W5                   IBUF (Prop_ibuf_I_O)         0.226     0.226 r  clk_IBUF_inst/O
                         net (fo=1, routed)           0.631     0.858    clk_IBUF
    BUFGCTRL_X0Y0        BUFG (Prop_bufg_I_O)         0.026     0.884 r  clk_IBUF_BUFG_inst/O
                         net (fo=230, routed)         0.592     1.475    u_btnC_debouncer/CLK
    SLICE_X7Y50          FDCE                                         r  u_btnC_debouncer/count_reg[14]/C
  -------------------------------------------------------------------    -------------------
    SLICE_X7Y50          FDCE (Prop_fdce_C_Q)         0.141     1.616 f  u_btnC_debouncer/count_reg[14]/Q
                         net (fo=22, routed)          0.369     1.985    u_btnC_debouncer/count_reg_n_0_[14]
    SLICE_X7Y48          LUT6 (Prop_lut6_I3_O)        0.045     2.030 r  u_btnC_debouncer/count[5]_i_1__1/O
                         net (fo=1, routed)           0.000     2.030    u_btnC_debouncer/count[5]_i_1__1_n_0
    SLICE_X7Y48          FDCE                                         r  u_btnC_debouncer/count_reg[5]/D
  -------------------------------------------------------------------    -------------------

                         (clock sys_clk_pin rise edge)
                                                      0.000     0.000 r  
    W5                                                0.000     0.000 r  clk (IN)
                         net (fo=0)                   0.000     0.000    clk
    W5                   IBUF (Prop_ibuf_I_O)         0.414     0.414 r  clk_IBUF_inst/O
                         net (fo=1, routed)           0.685     1.099    clk_IBUF
    BUFGCTRL_X0Y0        BUFG (Prop_bufg_I_O)         0.029     1.128 r  clk_IBUF_BUFG_inst/O
                         net (fo=230, routed)         0.865     1.992    u_btnC_debouncer/CLK
    SLICE_X7Y48          FDCE                                         r  u_btnC_debouncer/count_reg[5]/C
                         clock pessimism             -0.244     1.748    
    SLICE_X7Y48          FDCE (Hold_fdce_C_D)         0.091     1.839    u_btnC_debouncer/count_reg[5]
  -------------------------------------------------------------------
                         required time                         -1.839    
                         arrival time                           2.030    
  -------------------------------------------------------------------
                         slack                                  0.191    

Slack (MET) :             0.191ns  (arrival time - required time)
  Source:                 u_btnC_debouncer/count_reg[14]/C
                            (rising edge-triggered cell FDCE clocked by sys_clk_pin  {rise@0.000ns fall@5.000ns period=10.000ns})
  Destination:            u_btnC_debouncer/count_reg[7]/D
                            (rising edge-triggered cell FDCE clocked by sys_clk_pin  {rise@0.000ns fall@5.000ns period=10.000ns})
  Path Group:             sys_clk_pin
  Path Type:              Hold (Min at Fast Process Corner)
  Requirement:            0.000ns  (sys_clk_pin rise@0.000ns - sys_clk_pin rise@0.000ns)
  Data Path Delay:        0.556ns  (logic 0.186ns (33.471%)  route 0.370ns (66.529%))
  Logic Levels:           1  (LUT6=1)
  Clock Path Skew:        0.273ns (DCD - SCD - CPR)
    Destination Clock Delay (DCD):    1.992ns
    Source Clock Delay      (SCD):    1.475ns
    Clock Pessimism Removal (CPR):    0.244ns

    Location             Delay type                Incr(ns)  Path(ns)    Netlist Resource(s)
  -------------------------------------------------------------------    -------------------
                         (clock sys_clk_pin rise edge)
                                                      0.000     0.000 r  
    W5                                                0.000     0.000 r  clk (IN)
                         net (fo=0)                   0.000     0.000    clk
    W5                   IBUF (Prop_ibuf_I_O)         0.226     0.226 r  clk_IBUF_inst/O
                         net (fo=1, routed)           0.631     0.858    clk_IBUF
    BUFGCTRL_X0Y0        BUFG (Prop_bufg_I_O)         0.026     0.884 r  clk_IBUF_BUFG_inst/O
                         net (fo=230, routed)         0.592     1.475    u_btnC_debouncer/CLK
    SLICE_X7Y50          FDCE                                         r  u_btnC_debouncer/count_reg[14]/C
  -------------------------------------------------------------------    -------------------
    SLICE_X7Y50          FDCE (Prop_fdce_C_Q)         0.141     1.616 f  u_btnC_debouncer/count_reg[14]/Q
                         net (fo=22, routed)          0.370     1.986    u_btnC_debouncer/count_reg_n_0_[14]
    SLICE_X7Y48          LUT6 (Prop_lut6_I3_O)        0.045     2.031 r  u_btnC_debouncer/count[7]_i_1__1/O
                         net (fo=1, routed)           0.000     2.031    u_btnC_debouncer/count[7]_i_1__1_n_0
    SLICE_X7Y48          FDCE                                         r  u_btnC_debouncer/count_reg[7]/D
  -------------------------------------------------------------------    -------------------

                         (clock sys_clk_pin rise edge)
                                                      0.000     0.000 r  
    W5                                                0.000     0.000 r  clk (IN)
                         net (fo=0)                   0.000     0.000    clk
    W5                   IBUF (Prop_ibuf_I_O)         0.414     0.414 r  clk_IBUF_inst/O
                         net (fo=1, routed)           0.685     1.099    clk_IBUF
    BUFGCTRL_X0Y0        BUFG (Prop_bufg_I_O)         0.029     1.128 r  clk_IBUF_BUFG_inst/O
                         net (fo=230, routed)         0.865     1.992    u_btnC_debouncer/CLK
    SLICE_X7Y48          FDCE                                         r  u_btnC_debouncer/count_reg[7]/C
                         clock pessimism             -0.244     1.748    
    SLICE_X7Y48          FDCE (Hold_fdce_C_D)         0.092     1.840    u_btnC_debouncer/count_reg[7]
  -------------------------------------------------------------------
                         required time                         -1.840    
                         arrival time                           2.031    
  -------------------------------------------------------------------
                         slack                                  0.191    

Slack (MET) :             0.198ns  (arrival time - required time)
  Source:                 u_btnC_debouncer/count_reg[15]/C
                            (rising edge-triggered cell FDCE clocked by sys_clk_pin  {rise@0.000ns fall@5.000ns period=10.000ns})
  Destination:            u_btnC_debouncer/count_reg[8]/D
                            (rising edge-triggered cell FDCE clocked by sys_clk_pin  {rise@0.000ns fall@5.000ns period=10.000ns})
  Path Group:             sys_clk_pin
  Path Type:              Hold (Min at Fast Process Corner)
  Requirement:            0.000ns  (sys_clk_pin rise@0.000ns - sys_clk_pin rise@0.000ns)
  Data Path Delay:        0.563ns  (logic 0.186ns (33.051%)  route 0.377ns (66.949%))
  Logic Levels:           1  (LUT6=1)
  Clock Path Skew:        0.273ns (DCD - SCD - CPR)
    Destination Clock Delay (DCD):    1.992ns
    Source Clock Delay      (SCD):    1.475ns
    Clock Pessimism Removal (CPR):    0.244ns

    Location             Delay type                Incr(ns)  Path(ns)    Netlist Resource(s)
  -------------------------------------------------------------------    -------------------
                         (clock sys_clk_pin rise edge)
                                                      0.000     0.000 r  
    W5                                                0.000     0.000 r  clk (IN)
                         net (fo=0)                   0.000     0.000    clk
    W5                   IBUF (Prop_ibuf_I_O)         0.226     0.226 r  clk_IBUF_inst/O
                         net (fo=1, routed)           0.631     0.858    clk_IBUF
    BUFGCTRL_X0Y0        BUFG (Prop_bufg_I_O)         0.026     0.884 r  clk_IBUF_BUFG_inst/O
                         net (fo=230, routed)         0.592     1.475    u_btnC_debouncer/CLK
    SLICE_X7Y50          FDCE                                         r  u_btnC_debouncer/count_reg[15]/C
  -------------------------------------------------------------------    -------------------
    SLICE_X7Y50          FDCE (Prop_fdce_C_Q)         0.141     1.616 f  u_btnC_debouncer/count_reg[15]/Q
                         net (fo=22, routed)          0.377     1.993    u_btnC_debouncer/count_reg_n_0_[15]
    SLICE_X7Y48          LUT6 (Prop_lut6_I1_O)        0.045     2.038 r  u_btnC_debouncer/count[8]_i_1__1/O
                         net (fo=1, routed)           0.000     2.038    u_btnC_debouncer/count[8]_i_1__1_n_0
    SLICE_X7Y48          FDCE                                         r  u_btnC_debouncer/count_reg[8]/D
  -------------------------------------------------------------------    -------------------

                         (clock sys_clk_pin rise edge)
                                                      0.000     0.000 r  
    W5                                                0.000     0.000 r  clk (IN)
                         net (fo=0)                   0.000     0.000    clk
    W5                   IBUF (Prop_ibuf_I_O)         0.414     0.414 r  clk_IBUF_inst/O
                         net (fo=1, routed)           0.685     1.099    clk_IBUF
    BUFGCTRL_X0Y0        BUFG (Prop_bufg_I_O)         0.029     1.128 r  clk_IBUF_BUFG_inst/O
                         net (fo=230, routed)         0.865     1.992    u_btnC_debouncer/CLK
    SLICE_X7Y48          FDCE                                         r  u_btnC_debouncer/count_reg[8]/C
                         clock pessimism             -0.244     1.748    
    SLICE_X7Y48          FDCE (Hold_fdce_C_D)         0.092     1.840    u_btnC_debouncer/count_reg[8]
  -------------------------------------------------------------------
                         required time                         -1.840    
                         arrival time                           2.038    
  -------------------------------------------------------------------
                         slack                                  0.198    

Slack (MET) :             0.205ns  (arrival time - required time)
  Source:                 u_play_melody/ff2_reg[4]/C
                            (rising edge-triggered cell FDCE clocked by sys_clk_pin  {rise@0.000ns fall@5.000ns period=10.000ns})
  Destination:            u_play_melody/r_buzzer_frequency_reg[4]/D
                            (rising edge-triggered cell FDCE clocked by sys_clk_pin  {rise@0.000ns fall@5.000ns period=10.000ns})
  Path Group:             sys_clk_pin
  Path Type:              Hold (Min at Fast Process Corner)
  Requirement:            0.000ns  (sys_clk_pin rise@0.000ns - sys_clk_pin rise@0.000ns)
  Data Path Delay:        0.338ns  (logic 0.186ns (54.991%)  route 0.152ns (45.009%))
  Logic Levels:           1  (LUT6=1)
  Clock Path Skew:        0.013ns (DCD - SCD - CPR)
    Destination Clock Delay (DCD):    1.962ns
    Source Clock Delay      (SCD):    1.448ns
    Clock Pessimism Removal (CPR):    0.501ns

    Location             Delay type                Incr(ns)  Path(ns)    Netlist Resource(s)
  -------------------------------------------------------------------    -------------------
                         (clock sys_clk_pin rise edge)
                                                      0.000     0.000 r  
    W5                                                0.000     0.000 r  clk (IN)
                         net (fo=0)                   0.000     0.000    clk
    W5                   IBUF (Prop_ibuf_I_O)         0.226     0.226 r  clk_IBUF_inst/O
                         net (fo=1, routed)           0.631     0.858    clk_IBUF
    BUFGCTRL_X0Y0        BUFG (Prop_bufg_I_O)         0.026     0.884 r  clk_IBUF_BUFG_inst/O
                         net (fo=230, routed)         0.565     1.448    u_play_melody/CLK
    SLICE_X13Y42         FDCE                                         r  u_play_melody/ff2_reg[4]/C
  -------------------------------------------------------------------    -------------------
    SLICE_X13Y42         FDCE (Prop_fdce_C_Q)         0.141     1.589 r  u_play_melody/ff2_reg[4]/Q
                         net (fo=2, routed)           0.152     1.741    u_play_melody/p_8_in
    SLICE_X12Y42         LUT6 (Prop_lut6_I0_O)        0.045     1.786 r  u_play_melody/r_buzzer_frequency[4]_i_1/O
                         net (fo=1, routed)           0.000     1.786    u_play_melody/r_buzzer_frequency[4]_i_1_n_0
    SLICE_X12Y42         FDCE                                         r  u_play_melody/r_buzzer_frequency_reg[4]/D
  -------------------------------------------------------------------    -------------------

                         (clock sys_clk_pin rise edge)
                                                      0.000     0.000 r  
    W5                                                0.000     0.000 r  clk (IN)
                         net (fo=0)                   0.000     0.000    clk
    W5                   IBUF (Prop_ibuf_I_O)         0.414     0.414 r  clk_IBUF_inst/O
                         net (fo=1, routed)           0.685     1.099    clk_IBUF
    BUFGCTRL_X0Y0        BUFG (Prop_bufg_I_O)         0.029     1.128 r  clk_IBUF_BUFG_inst/O
                         net (fo=230, routed)         0.835     1.962    u_play_melody/CLK
    SLICE_X12Y42         FDCE                                         r  u_play_melody/r_buzzer_frequency_reg[4]/C
                         clock pessimism             -0.501     1.461    
    SLICE_X12Y42         FDCE (Hold_fdce_C_D)         0.120     1.581    u_play_melody/r_buzzer_frequency_reg[4]
  -------------------------------------------------------------------
                         required time                         -1.581    
                         arrival time                           1.786    
  -------------------------------------------------------------------
                         slack                                  0.205    

Slack (MET) :             0.211ns  (arrival time - required time)
  Source:                 u_play_melody/r_clk_cnt_reg[1][0]/C
                            (rising edge-triggered cell FDCE clocked by sys_clk_pin  {rise@0.000ns fall@5.000ns period=10.000ns})
  Destination:            u_play_melody/r_clk_cnt_reg[1][0]/D
                            (rising edge-triggered cell FDCE clocked by sys_clk_pin  {rise@0.000ns fall@5.000ns period=10.000ns})
  Path Group:             sys_clk_pin
  Path Type:              Hold (Min at Fast Process Corner)
  Requirement:            0.000ns  (sys_clk_pin rise@0.000ns - sys_clk_pin rise@0.000ns)
  Data Path Delay:        0.303ns  (logic 0.186ns (61.378%)  route 0.117ns (38.622%))
  Logic Levels:           1  (LUT5=1)
  Clock Path Skew:        0.000ns (DCD - SCD - CPR)
    Destination Clock Delay (DCD):    1.962ns
    Source Clock Delay      (SCD):    1.448ns
    Clock Pessimism Removal (CPR):    0.514ns

    Location             Delay type                Incr(ns)  Path(ns)    Netlist Resource(s)
  -------------------------------------------------------------------    -------------------
                         (clock sys_clk_pin rise edge)
                                                      0.000     0.000 r  
    W5                                                0.000     0.000 r  clk (IN)
                         net (fo=0)                   0.000     0.000    clk
    W5                   IBUF (Prop_ibuf_I_O)         0.226     0.226 r  clk_IBUF_inst/O
                         net (fo=1, routed)           0.631     0.858    clk_IBUF
    BUFGCTRL_X0Y0        BUFG (Prop_bufg_I_O)         0.026     0.884 r  clk_IBUF_BUFG_inst/O
                         net (fo=230, routed)         0.565     1.448    u_play_melody/CLK
    SLICE_X9Y40          FDCE                                         r  u_play_melody/r_clk_cnt_reg[1][0]/C
  -------------------------------------------------------------------    -------------------
    SLICE_X9Y40          FDCE (Prop_fdce_C_Q)         0.141     1.589 f  u_play_melody/r_clk_cnt_reg[1][0]/Q
                         net (fo=2, routed)           0.117     1.706    u_play_melody/r_clk_cnt_reg[1][0]
    SLICE_X9Y40          LUT5 (Prop_lut5_I0_O)        0.045     1.751 r  u_play_melody/r_clk_cnt[1][0]_i_1/O
                         net (fo=1, routed)           0.000     1.751    u_play_melody/r_clk_cnt[1][0]_i_1_n_0
    SLICE_X9Y40          FDCE                                         r  u_play_melody/r_clk_cnt_reg[1][0]/D
  -------------------------------------------------------------------    -------------------

                         (clock sys_clk_pin rise edge)
                                                      0.000     0.000 r  
    W5                                                0.000     0.000 r  clk (IN)
                         net (fo=0)                   0.000     0.000    clk
    W5                   IBUF (Prop_ibuf_I_O)         0.414     0.414 r  clk_IBUF_inst/O
                         net (fo=1, routed)           0.685     1.099    clk_IBUF
    BUFGCTRL_X0Y0        BUFG (Prop_bufg_I_O)         0.029     1.128 r  clk_IBUF_BUFG_inst/O
                         net (fo=230, routed)         0.835     1.962    u_play_melody/CLK
    SLICE_X9Y40          FDCE                                         r  u_play_melody/r_clk_cnt_reg[1][0]/C
                         clock pessimism             -0.514     1.448    
    SLICE_X9Y40          FDCE (Hold_fdce_C_D)         0.092     1.540    u_play_melody/r_clk_cnt_reg[1][0]
  -------------------------------------------------------------------
                         required time                         -1.540    
                         arrival time                           1.751    
  -------------------------------------------------------------------
                         slack                                  0.211    





Pulse Width Checks
--------------------------------------------------------------------------------------
Clock Name:         sys_clk_pin
Waveform(ns):       { 0.000 5.000 }
Period(ns):         10.000
Sources:            { clk }

Check Type        Corner  Lib Pin  Reference Pin  Required(ns)  Actual(ns)  Slack(ns)  Location       Pin
Min Period        n/a     BUFG/I   n/a            2.155         10.000      7.845      BUFGCTRL_X0Y0  clk_IBUF_BUFG_inst/I
Min Period        n/a     FDCE/C   n/a            1.000         10.000      9.000      SLICE_X5Y48    u_btnC_debouncer/btn_state_reg/C
Min Period        n/a     FDCE/C   n/a            1.000         10.000      9.000      SLICE_X5Y47    u_btnC_debouncer/count_reg[0]/C
Min Period        n/a     FDCE/C   n/a            1.000         10.000      9.000      SLICE_X7Y49    u_btnC_debouncer/count_reg[10]/C
Min Period        n/a     FDCE/C   n/a            1.000         10.000      9.000      SLICE_X7Y49    u_btnC_debouncer/count_reg[11]/C
Min Period        n/a     FDCE/C   n/a            1.000         10.000      9.000      SLICE_X7Y49    u_btnC_debouncer/count_reg[12]/C
Min Period        n/a     FDCE/C   n/a            1.000         10.000      9.000      SLICE_X7Y50    u_btnC_debouncer/count_reg[13]/C
Min Period        n/a     FDCE/C   n/a            1.000         10.000      9.000      SLICE_X7Y50    u_btnC_debouncer/count_reg[14]/C
Min Period        n/a     FDCE/C   n/a            1.000         10.000      9.000      SLICE_X7Y50    u_btnC_debouncer/count_reg[15]/C
Min Period        n/a     FDCE/C   n/a            1.000         10.000      9.000      SLICE_X7Y50    u_btnC_debouncer/count_reg[16]/C
Low Pulse Width   Slow    FDCE/C   n/a            0.500         5.000       4.500      SLICE_X5Y48    u_btnC_debouncer/btn_state_reg/C
Low Pulse Width   Fast    FDCE/C   n/a            0.500         5.000       4.500      SLICE_X5Y48    u_btnC_debouncer/btn_state_reg/C
Low Pulse Width   Slow    FDCE/C   n/a            0.500         5.000       4.500      SLICE_X5Y47    u_btnC_debouncer/count_reg[0]/C
Low Pulse Width   Fast    FDCE/C   n/a            0.500         5.000       4.500      SLICE_X5Y47    u_btnC_debouncer/count_reg[0]/C
Low Pulse Width   Slow    FDCE/C   n/a            0.500         5.000       4.500      SLICE_X7Y49    u_btnC_debouncer/count_reg[10]/C
Low Pulse Width   Fast    FDCE/C   n/a            0.500         5.000       4.500      SLICE_X7Y49    u_btnC_debouncer/count_reg[10]/C
Low Pulse Width   Slow    FDCE/C   n/a            0.500         5.000       4.500      SLICE_X7Y49    u_btnC_debouncer/count_reg[11]/C
Low Pulse Width   Fast    FDCE/C   n/a            0.500         5.000       4.500      SLICE_X7Y49    u_btnC_debouncer/count_reg[11]/C
Low Pulse Width   Slow    FDCE/C   n/a            0.500         5.000       4.500      SLICE_X7Y49    u_btnC_debouncer/count_reg[12]/C
Low Pulse Width   Fast    FDCE/C   n/a            0.500         5.000       4.500      SLICE_X7Y49    u_btnC_debouncer/count_reg[12]/C
High Pulse Width  Slow    FDCE/C   n/a            0.500         5.000       4.500      SLICE_X5Y48    u_btnC_debouncer/btn_state_reg/C
High Pulse Width  Fast    FDCE/C   n/a            0.500         5.000       4.500      SLICE_X5Y48    u_btnC_debouncer/btn_state_reg/C
High Pulse Width  Slow    FDCE/C   n/a            0.500         5.000       4.500      SLICE_X5Y47    u_btnC_debouncer/count_reg[0]/C
High Pulse Width  Fast    FDCE/C   n/a            0.500         5.000       4.500      SLICE_X5Y47    u_btnC_debouncer/count_reg[0]/C
High Pulse Width  Slow    FDCE/C   n/a            0.500         5.000       4.500      SLICE_X7Y49    u_btnC_debouncer/count_reg[10]/C
High Pulse Width  Fast    FDCE/C   n/a            0.500         5.000       4.500      SLICE_X7Y49    u_btnC_debouncer/count_reg[10]/C
High Pulse Width  Slow    FDCE/C   n/a            0.500         5.000       4.500      SLICE_X7Y49    u_btnC_debouncer/count_reg[11]/C
High Pulse Width  Fast    FDCE/C   n/a            0.500         5.000       4.500      SLICE_X7Y49    u_btnC_debouncer/count_reg[11]/C
High Pulse Width  Slow    FDCE/C   n/a            0.500         5.000       4.500      SLICE_X7Y49    u_btnC_debouncer/count_reg[12]/C
High Pulse Width  Fast    FDCE/C   n/a            0.500         5.000       4.500      SLICE_X7Y49    u_btnC_debouncer/count_reg[12]/C



