Copyright 1986-2021 Xilinx, Inc. All Rights Reserved.
--------------------------------------------------------------------------------------------------------------------------------------------------------------------------------
| Tool Version : Vivado v.2021.1 (win64) Build 3247384 Thu Jun 10 19:36:33 MDT 2021
| Date         : Tue Feb 24 17:38:19 2026
| Host         : DESKTOP-PQ1PAHT running 64-bit major release  (build 9200)
| Command      : report_timing_summary -max_paths 10 -file top_timing_summary_routed.rpt -pb top_timing_summary_routed.pb -rpx top_timing_summary_routed.rpx -warn_on_violation
| Design       : top
| Device       : 7a35t-cpg236
| Speed File   : -1  PRODUCTION 1.23 2018-06-13
--------------------------------------------------------------------------------------------------------------------------------------------------------------------------------

Timing Summary Report

------------------------------------------------------------------------------------------------
| Timer Settings
| --------------
------------------------------------------------------------------------------------------------

  Enable Multi Corner Analysis               :  Yes
  Enable Pessimism Removal                   :  Yes
  Pessimism Removal Resolution               :  Nearest Common Node
  Enable Input Delay Default Clock           :  No
  Enable Preset / Clear Arcs                 :  No
  Disable Flight Delays                      :  No
  Ignore I/O Paths                           :  No
  Timing Early Launch at Borrowing Latches   :  No
  Borrow Time for Max Delay Exceptions       :  Yes
  Merge Timing Exceptions                    :  Yes

  Corner  Analyze    Analyze    
  Name    Max Paths  Min Paths  
  ------  ---------  ---------  
  Slow    Yes        Yes        
  Fast    Yes        Yes        


------------------------------------------------------------------------------------------------
| Report Methodology
| ------------------
------------------------------------------------------------------------------------------------

Rule       Severity          Description                    Violations  
---------  ----------------  -----------------------------  ----------  
TIMING-17  Critical Warning  Non-clocked sequential cell    60          
TIMING-18  Warning           Missing input or output delay  1           

Note: This report is based on the most recent report_methodology run and may not be up-to-date. Run report_methodology on the current design for the latest report.



check_timing report

Table of Contents
-----------------
1. checking no_clock (60)
2. checking constant_clock (0)
3. checking pulse_width_clock (0)
4. checking unconstrained_internal_endpoints (147)
5. checking no_input_delay (4)
6. checking no_output_delay (11)
7. checking multiple_clock (0)
8. checking generated_clocks (0)
9. checking loops (0)
10. checking partial_input_delay (0)
11. checking partial_output_delay (0)
12. checking latch_loops (0)

1. checking no_clock (60)
-------------------------
 There are 60 register/latch pins with no clock driven by root clock pin: u_tick_gen/tick_reg/Q (HIGH)


2. checking constant_clock (0)
------------------------------
 There are 0 register/latch pins with constant_clock.


3. checking pulse_width_clock (0)
---------------------------------
 There are 0 register/latch pins which need pulse_width check


4. checking unconstrained_internal_endpoints (147)
--------------------------------------------------
 There are 147 pins that are not constrained for maximum delay. (HIGH)

 There are 0 pins that are not constrained for maximum delay due to constant clock.


5. checking no_input_delay (4)
------------------------------
 There are 4 input ports with no input delay specified. (HIGH)

 There are 0 input ports with no input delay but user has a false path constraint.


6. checking no_output_delay (11)
--------------------------------
 There are 11 ports with no output delay specified. (HIGH)

 There are 0 ports with no output delay but user has a false path constraint

 There are 0 ports with no output delay but with a timing clock defined on it or propagating through it


7. checking multiple_clock (0)
------------------------------
 There are 0 register/latch pins with multiple clocks.


8. checking generated_clocks (0)
--------------------------------
 There are 0 generated clocks that are not connected to a clock source.


9. checking loops (0)
---------------------
 There are 0 combinational loops in the design.


10. checking partial_input_delay (0)
------------------------------------
 There are 0 input ports with partial input delay specified.


11. checking partial_output_delay (0)
-------------------------------------
 There are 0 ports with partial output delay specified.


12. checking latch_loops (0)
----------------------------
 There are 0 combinational latch loops in the design through latch input



------------------------------------------------------------------------------------------------
| Design Timing Summary
| ---------------------
------------------------------------------------------------------------------------------------

    WNS(ns)      TNS(ns)  TNS Failing Endpoints  TNS Total Endpoints      WHS(ns)      THS(ns)  THS Failing Endpoints  THS Total Endpoints     WPWS(ns)     TPWS(ns)  TPWS Failing Endpoints  TPWS Total Endpoints  
    -------      -------  ---------------------  -------------------      -------      -------  ---------------------  -------------------     --------     --------  ----------------------  --------------------  
      6.250        0.000                      0                   18        0.399        0.000                      0                   18        4.500        0.000                       0                    19  


All user specified timing constraints are met.


------------------------------------------------------------------------------------------------
| Clock Summary
| -------------
------------------------------------------------------------------------------------------------

Clock        Waveform(ns)       Period(ns)      Frequency(MHz)
-----        ------------       ----------      --------------
sys_clk_pin  {0.000 5.000}      10.000          100.000         


------------------------------------------------------------------------------------------------
| Intra Clock Table
| -----------------
------------------------------------------------------------------------------------------------

Clock             WNS(ns)      TNS(ns)  TNS Failing Endpoints  TNS Total Endpoints      WHS(ns)      THS(ns)  THS Failing Endpoints  THS Total Endpoints     WPWS(ns)     TPWS(ns)  TPWS Failing Endpoints  TPWS Total Endpoints  
-----             -------      -------  ---------------------  -------------------      -------      -------  ---------------------  -------------------     --------     --------  ----------------------  --------------------  
sys_clk_pin         6.250        0.000                      0                   18        0.399        0.000                      0                   18        4.500        0.000                       0                    19  


------------------------------------------------------------------------------------------------
| Inter Clock Table
| -----------------
------------------------------------------------------------------------------------------------

From Clock    To Clock          WNS(ns)      TNS(ns)  TNS Failing Endpoints  TNS Total Endpoints      WHS(ns)      THS(ns)  THS Failing Endpoints  THS Total Endpoints  
----------    --------          -------      -------  ---------------------  -------------------      -------      -------  ---------------------  -------------------  


------------------------------------------------------------------------------------------------
| Other Path Groups Table
| -----------------------
------------------------------------------------------------------------------------------------

Path Group    From Clock    To Clock          WNS(ns)      TNS(ns)  TNS Failing Endpoints  TNS Total Endpoints      WHS(ns)      THS(ns)  THS Failing Endpoints  THS Total Endpoints  
----------    ----------    --------          -------      -------  ---------------------  -------------------      -------      -------  ---------------------  -------------------  


------------------------------------------------------------------------------------------------
| Timing Details
| --------------
------------------------------------------------------------------------------------------------


---------------------------------------------------------------------------------------------------
From Clock:  sys_clk_pin
  To Clock:  sys_clk_pin

Setup :            0  Failing Endpoints,  Worst Slack        6.250ns,  Total Violation        0.000ns
Hold  :            0  Failing Endpoints,  Worst Slack        0.399ns,  Total Violation        0.000ns
PW    :            0  Failing Endpoints,  Worst Slack        4.500ns,  Total Violation        0.000ns
---------------------------------------------------------------------------------------------------


Max Delay Paths
--------------------------------------------------------------------------------------
Slack (MET) :             6.250ns  (required time - arrival time)
  Source:                 u_tick_gen/r_tick_counter_reg[12]/C
                            (rising edge-triggered cell FDCE clocked by sys_clk_pin  {rise@0.000ns fall@5.000ns period=10.000ns})
  Destination:            u_tick_gen/r_tick_counter_reg[13]/D
                            (rising edge-triggered cell FDCE clocked by sys_clk_pin  {rise@0.000ns fall@5.000ns period=10.000ns})
  Path Group:             sys_clk_pin
  Path Type:              Setup (Max at Slow Process Corner)
  Requirement:            10.000ns  (sys_clk_pin rise@10.000ns - sys_clk_pin rise@0.000ns)
  Data Path Delay:        3.768ns  (logic 1.145ns (30.386%)  route 2.623ns (69.614%))
  Logic Levels:           4  (LUT2=1 LUT4=1 LUT5=1 LUT6=1)
  Clock Path Skew:        -0.024ns (DCD - SCD + CPR)
    Destination Clock Delay (DCD):    4.794ns = ( 14.794 - 10.000 ) 
    Source Clock Delay      (SCD):    5.092ns
    Clock Pessimism Removal (CPR):    0.274ns
  Clock Uncertainty:      0.035ns  ((TSJ^2 + TIJ^2)^1/2 + DJ) / 2 + PE
    Total System Jitter     (TSJ):    0.071ns
    Total Input Jitter      (TIJ):    0.000ns
    Discrete Jitter          (DJ):    0.000ns
    Phase Error              (PE):    0.000ns

    Location             Delay type                Incr(ns)  Path(ns)    Netlist Resource(s)
  -------------------------------------------------------------------    -------------------
                         (clock sys_clk_pin rise edge)
                                                      0.000     0.000 r  
    W5                                                0.000     0.000 r  clk (IN)
                         net (fo=0)                   0.000     0.000    clk
    W5                   IBUF (Prop_ibuf_I_O)         1.458     1.458 r  clk_IBUF_inst/O
                         net (fo=1, routed)           1.967     3.425    clk_IBUF
    BUFGCTRL_X0Y1        BUFG (Prop_bufg_I_O)         0.096     3.521 r  clk_IBUF_BUFG_inst/O
                         net (fo=18, routed)          1.571     5.092    u_tick_gen/CLK
    SLICE_X50Y46         FDCE                                         r  u_tick_gen/r_tick_counter_reg[12]/C
  -------------------------------------------------------------------    -------------------
    SLICE_X50Y46         FDCE (Prop_fdce_C_Q)         0.478     5.570 r  u_tick_gen/r_tick_counter_reg[12]/Q
                         net (fo=2, routed)           0.893     6.463    u_tick_gen/r_tick_counter[12]
    SLICE_X50Y46         LUT4 (Prop_lut4_I0_O)        0.295     6.758 r  u_tick_gen/r_tick_counter[16]_i_5/O
                         net (fo=1, routed)           0.282     7.040    u_tick_gen/r_tick_counter[16]_i_5_n_0
    SLICE_X50Y46         LUT5 (Prop_lut5_I4_O)        0.124     7.164 r  u_tick_gen/r_tick_counter[16]_i_4/O
                         net (fo=1, routed)           0.436     7.600    u_tick_gen/r_tick_counter[16]_i_4_n_0
    SLICE_X50Y45         LUT6 (Prop_lut6_I5_O)        0.124     7.724 f  u_tick_gen/r_tick_counter[16]_i_2/O
                         net (fo=17, routed)          1.012     8.736    u_tick_gen/tick
    SLICE_X50Y47         LUT2 (Prop_lut2_I0_O)        0.124     8.860 r  u_tick_gen/r_tick_counter[13]_i_1/O
                         net (fo=1, routed)           0.000     8.860    u_tick_gen/r_tick_counter_0[13]
    SLICE_X50Y47         FDCE                                         r  u_tick_gen/r_tick_counter_reg[13]/D
  -------------------------------------------------------------------    -------------------

                         (clock sys_clk_pin rise edge)
                                                     10.000    10.000 r  
    W5                                                0.000    10.000 r  clk (IN)
                         net (fo=0)                   0.000    10.000    clk
    W5                   IBUF (Prop_ibuf_I_O)         1.388    11.388 r  clk_IBUF_inst/O
                         net (fo=1, routed)           1.862    13.250    clk_IBUF
    BUFGCTRL_X0Y1        BUFG (Prop_bufg_I_O)         0.091    13.341 r  clk_IBUF_BUFG_inst/O
                         net (fo=18, routed)          1.453    14.794    u_tick_gen/CLK
    SLICE_X50Y47         FDCE                                         r  u_tick_gen/r_tick_counter_reg[13]/C
                         clock pessimism              0.274    15.068    
                         clock uncertainty           -0.035    15.033    
    SLICE_X50Y47         FDCE (Setup_fdce_C_D)        0.077    15.110    u_tick_gen/r_tick_counter_reg[13]
  -------------------------------------------------------------------
                         required time                         15.110    
                         arrival time                          -8.860    
  -------------------------------------------------------------------
                         slack                                  6.250    

Slack (MET) :             6.269ns  (required time - arrival time)
  Source:                 u_tick_gen/r_tick_counter_reg[12]/C
                            (rising edge-triggered cell FDCE clocked by sys_clk_pin  {rise@0.000ns fall@5.000ns period=10.000ns})
  Destination:            u_tick_gen/r_tick_counter_reg[15]/D
                            (rising edge-triggered cell FDCE clocked by sys_clk_pin  {rise@0.000ns fall@5.000ns period=10.000ns})
  Path Group:             sys_clk_pin
  Path Type:              Setup (Max at Slow Process Corner)
  Requirement:            10.000ns  (sys_clk_pin rise@10.000ns - sys_clk_pin rise@0.000ns)
  Data Path Delay:        3.790ns  (logic 1.167ns (30.791%)  route 2.623ns (69.210%))
  Logic Levels:           4  (LUT2=1 LUT4=1 LUT5=1 LUT6=1)
  Clock Path Skew:        -0.024ns (DCD - SCD + CPR)
    Destination Clock Delay (DCD):    4.794ns = ( 14.794 - 10.000 ) 
    Source Clock Delay      (SCD):    5.092ns
    Clock Pessimism Removal (CPR):    0.274ns
  Clock Uncertainty:      0.035ns  ((TSJ^2 + TIJ^2)^1/2 + DJ) / 2 + PE
    Total System Jitter     (TSJ):    0.071ns
    Total Input Jitter      (TIJ):    0.000ns
    Discrete Jitter          (DJ):    0.000ns
    Phase Error              (PE):    0.000ns

    Location             Delay type                Incr(ns)  Path(ns)    Netlist Resource(s)
  -------------------------------------------------------------------    -------------------
                         (clock sys_clk_pin rise edge)
                                                      0.000     0.000 r  
    W5                                                0.000     0.000 r  clk (IN)
                         net (fo=0)                   0.000     0.000    clk
    W5                   IBUF (Prop_ibuf_I_O)         1.458     1.458 r  clk_IBUF_inst/O
                         net (fo=1, routed)           1.967     3.425    clk_IBUF
    BUFGCTRL_X0Y1        BUFG (Prop_bufg_I_O)         0.096     3.521 r  clk_IBUF_BUFG_inst/O
                         net (fo=18, routed)          1.571     5.092    u_tick_gen/CLK
    SLICE_X50Y46         FDCE                                         r  u_tick_gen/r_tick_counter_reg[12]/C
  -------------------------------------------------------------------    -------------------
    SLICE_X50Y46         FDCE (Prop_fdce_C_Q)         0.478     5.570 r  u_tick_gen/r_tick_counter_reg[12]/Q
                         net (fo=2, routed)           0.893     6.463    u_tick_gen/r_tick_counter[12]
    SLICE_X50Y46         LUT4 (Prop_lut4_I0_O)        0.295     6.758 r  u_tick_gen/r_tick_counter[16]_i_5/O
                         net (fo=1, routed)           0.282     7.040    u_tick_gen/r_tick_counter[16]_i_5_n_0
    SLICE_X50Y46         LUT5 (Prop_lut5_I4_O)        0.124     7.164 r  u_tick_gen/r_tick_counter[16]_i_4/O
                         net (fo=1, routed)           0.436     7.600    u_tick_gen/r_tick_counter[16]_i_4_n_0
    SLICE_X50Y45         LUT6 (Prop_lut6_I5_O)        0.124     7.724 f  u_tick_gen/r_tick_counter[16]_i_2/O
                         net (fo=17, routed)          1.012     8.736    u_tick_gen/tick
    SLICE_X50Y47         LUT2 (Prop_lut2_I0_O)        0.146     8.882 r  u_tick_gen/r_tick_counter[15]_i_1/O
                         net (fo=1, routed)           0.000     8.882    u_tick_gen/r_tick_counter_0[15]
    SLICE_X50Y47         FDCE                                         r  u_tick_gen/r_tick_counter_reg[15]/D
  -------------------------------------------------------------------    -------------------

                         (clock sys_clk_pin rise edge)
                                                     10.000    10.000 r  
    W5                                                0.000    10.000 r  clk (IN)
                         net (fo=0)                   0.000    10.000    clk
    W5                   IBUF (Prop_ibuf_I_O)         1.388    11.388 r  clk_IBUF_inst/O
                         net (fo=1, routed)           1.862    13.250    clk_IBUF
    BUFGCTRL_X0Y1        BUFG (Prop_bufg_I_O)         0.091    13.341 r  clk_IBUF_BUFG_inst/O
                         net (fo=18, routed)          1.453    14.794    u_tick_gen/CLK
    SLICE_X50Y47         FDCE                                         r  u_tick_gen/r_tick_counter_reg[15]/C
                         clock pessimism              0.274    15.068    
                         clock uncertainty           -0.035    15.033    
    SLICE_X50Y47         FDCE (Setup_fdce_C_D)        0.118    15.151    u_tick_gen/r_tick_counter_reg[15]
  -------------------------------------------------------------------
                         required time                         15.151    
                         arrival time                          -8.882    
  -------------------------------------------------------------------
                         slack                                  6.269    

Slack (MET) :             6.347ns  (required time - arrival time)
  Source:                 u_tick_gen/r_tick_counter_reg[12]/C
                            (rising edge-triggered cell FDCE clocked by sys_clk_pin  {rise@0.000ns fall@5.000ns period=10.000ns})
  Destination:            u_tick_gen/tick_reg/D
                            (rising edge-triggered cell FDCE clocked by sys_clk_pin  {rise@0.000ns fall@5.000ns period=10.000ns})
  Path Group:             sys_clk_pin
  Path Type:              Setup (Max at Slow Process Corner)
  Requirement:            10.000ns  (sys_clk_pin rise@10.000ns - sys_clk_pin rise@0.000ns)
  Data Path Delay:        3.491ns  (logic 1.021ns (29.246%)  route 2.470ns (70.754%))
  Logic Levels:           3  (LUT4=1 LUT5=1 LUT6=1)
  Clock Path Skew:        -0.022ns (DCD - SCD + CPR)
    Destination Clock Delay (DCD):    4.793ns = ( 14.793 - 10.000 ) 
    Source Clock Delay      (SCD):    5.092ns
    Clock Pessimism Removal (CPR):    0.277ns
  Clock Uncertainty:      0.035ns  ((TSJ^2 + TIJ^2)^1/2 + DJ) / 2 + PE
    Total System Jitter     (TSJ):    0.071ns
    Total Input Jitter      (TIJ):    0.000ns
    Discrete Jitter          (DJ):    0.000ns
    Phase Error              (PE):    0.000ns

    Location             Delay type                Incr(ns)  Path(ns)    Netlist Resource(s)
  -------------------------------------------------------------------    -------------------
                         (clock sys_clk_pin rise edge)
                                                      0.000     0.000 r  
    W5                                                0.000     0.000 r  clk (IN)
                         net (fo=0)                   0.000     0.000    clk
    W5                   IBUF (Prop_ibuf_I_O)         1.458     1.458 r  clk_IBUF_inst/O
                         net (fo=1, routed)           1.967     3.425    clk_IBUF
    BUFGCTRL_X0Y1        BUFG (Prop_bufg_I_O)         0.096     3.521 r  clk_IBUF_BUFG_inst/O
                         net (fo=18, routed)          1.571     5.092    u_tick_gen/CLK
    SLICE_X50Y46         FDCE                                         r  u_tick_gen/r_tick_counter_reg[12]/C
  -------------------------------------------------------------------    -------------------
    SLICE_X50Y46         FDCE (Prop_fdce_C_Q)         0.478     5.570 f  u_tick_gen/r_tick_counter_reg[12]/Q
                         net (fo=2, routed)           0.893     6.463    u_tick_gen/r_tick_counter[12]
    SLICE_X50Y46         LUT4 (Prop_lut4_I0_O)        0.295     6.758 f  u_tick_gen/r_tick_counter[16]_i_5/O
                         net (fo=1, routed)           0.282     7.040    u_tick_gen/r_tick_counter[16]_i_5_n_0
    SLICE_X50Y46         LUT5 (Prop_lut5_I4_O)        0.124     7.164 f  u_tick_gen/r_tick_counter[16]_i_4/O
                         net (fo=1, routed)           0.436     7.600    u_tick_gen/r_tick_counter[16]_i_4_n_0
    SLICE_X50Y45         LUT6 (Prop_lut6_I5_O)        0.124     7.724 r  u_tick_gen/r_tick_counter[16]_i_2/O
                         net (fo=17, routed)          0.859     8.583    u_tick_gen/tick
    SLICE_X51Y46         FDCE                                         r  u_tick_gen/tick_reg/D
  -------------------------------------------------------------------    -------------------

                         (clock sys_clk_pin rise edge)
                                                     10.000    10.000 r  
    W5                                                0.000    10.000 r  clk (IN)
                         net (fo=0)                   0.000    10.000    clk
    W5                   IBUF (Prop_ibuf_I_O)         1.388    11.388 r  clk_IBUF_inst/O
                         net (fo=1, routed)           1.862    13.250    clk_IBUF
    BUFGCTRL_X0Y1        BUFG (Prop_bufg_I_O)         0.091    13.341 r  clk_IBUF_BUFG_inst/O
                         net (fo=18, routed)          1.452    14.793    u_tick_gen/CLK
    SLICE_X51Y46         FDCE                                         r  u_tick_gen/tick_reg/C
                         clock pessimism              0.277    15.070    
                         clock uncertainty           -0.035    15.035    
    SLICE_X51Y46         FDCE (Setup_fdce_C_D)       -0.105    14.930    u_tick_gen/tick_reg
  -------------------------------------------------------------------
                         required time                         14.930    
                         arrival time                          -8.583    
  -------------------------------------------------------------------
                         slack                                  6.347    

Slack (MET) :             6.387ns  (required time - arrival time)
  Source:                 u_tick_gen/r_tick_counter_reg[12]/C
                            (rising edge-triggered cell FDCE clocked by sys_clk_pin  {rise@0.000ns fall@5.000ns period=10.000ns})
  Destination:            u_tick_gen/r_tick_counter_reg[1]/D
                            (rising edge-triggered cell FDCE clocked by sys_clk_pin  {rise@0.000ns fall@5.000ns period=10.000ns})
  Path Group:             sys_clk_pin
  Path Type:              Setup (Max at Slow Process Corner)
  Requirement:            10.000ns  (sys_clk_pin rise@10.000ns - sys_clk_pin rise@0.000ns)
  Data Path Delay:        3.629ns  (logic 1.145ns (31.550%)  route 2.484ns (68.450%))
  Logic Levels:           4  (LUT2=1 LUT4=1 LUT5=1 LUT6=1)
  Clock Path Skew:        -0.025ns (DCD - SCD + CPR)
    Destination Clock Delay (DCD):    4.793ns = ( 14.793 - 10.000 ) 
    Source Clock Delay      (SCD):    5.092ns
    Clock Pessimism Removal (CPR):    0.274ns
  Clock Uncertainty:      0.035ns  ((TSJ^2 + TIJ^2)^1/2 + DJ) / 2 + PE
    Total System Jitter     (TSJ):    0.071ns
    Total Input Jitter      (TIJ):    0.000ns
    Discrete Jitter          (DJ):    0.000ns
    Phase Error              (PE):    0.000ns

    Location             Delay type                Incr(ns)  Path(ns)    Netlist Resource(s)
  -------------------------------------------------------------------    -------------------
                         (clock sys_clk_pin rise edge)
                                                      0.000     0.000 r  
    W5                                                0.000     0.000 r  clk (IN)
                         net (fo=0)                   0.000     0.000    clk
    W5                   IBUF (Prop_ibuf_I_O)         1.458     1.458 r  clk_IBUF_inst/O
                         net (fo=1, routed)           1.967     3.425    clk_IBUF
    BUFGCTRL_X0Y1        BUFG (Prop_bufg_I_O)         0.096     3.521 r  clk_IBUF_BUFG_inst/O
                         net (fo=18, routed)          1.571     5.092    u_tick_gen/CLK
    SLICE_X50Y46         FDCE                                         r  u_tick_gen/r_tick_counter_reg[12]/C
  -------------------------------------------------------------------    -------------------
    SLICE_X50Y46         FDCE (Prop_fdce_C_Q)         0.478     5.570 r  u_tick_gen/r_tick_counter_reg[12]/Q
                         net (fo=2, routed)           0.893     6.463    u_tick_gen/r_tick_counter[12]
    SLICE_X50Y46         LUT4 (Prop_lut4_I0_O)        0.295     6.758 r  u_tick_gen/r_tick_counter[16]_i_5/O
                         net (fo=1, routed)           0.282     7.040    u_tick_gen/r_tick_counter[16]_i_5_n_0
    SLICE_X50Y46         LUT5 (Prop_lut5_I4_O)        0.124     7.164 r  u_tick_gen/r_tick_counter[16]_i_4/O
                         net (fo=1, routed)           0.436     7.600    u_tick_gen/r_tick_counter[16]_i_4_n_0
    SLICE_X50Y45         LUT6 (Prop_lut6_I5_O)        0.124     7.724 f  u_tick_gen/r_tick_counter[16]_i_2/O
                         net (fo=17, routed)          0.873     8.597    u_tick_gen/tick
    SLICE_X50Y44         LUT2 (Prop_lut2_I0_O)        0.124     8.721 r  u_tick_gen/r_tick_counter[1]_i_1/O
                         net (fo=1, routed)           0.000     8.721    u_tick_gen/r_tick_counter_0[1]
    SLICE_X50Y44         FDCE                                         r  u_tick_gen/r_tick_counter_reg[1]/D
  -------------------------------------------------------------------    -------------------

                         (clock sys_clk_pin rise edge)
                                                     10.000    10.000 r  
    W5                                                0.000    10.000 r  clk (IN)
                         net (fo=0)                   0.000    10.000    clk
    W5                   IBUF (Prop_ibuf_I_O)         1.388    11.388 r  clk_IBUF_inst/O
                         net (fo=1, routed)           1.862    13.250    clk_IBUF
    BUFGCTRL_X0Y1        BUFG (Prop_bufg_I_O)         0.091    13.341 r  clk_IBUF_BUFG_inst/O
                         net (fo=18, routed)          1.452    14.793    u_tick_gen/CLK
    SLICE_X50Y44         FDCE                                         r  u_tick_gen/r_tick_counter_reg[1]/C
                         clock pessimism              0.274    15.067    
                         clock uncertainty           -0.035    15.032    
    SLICE_X50Y44         FDCE (Setup_fdce_C_D)        0.077    15.109    u_tick_gen/r_tick_counter_reg[1]
  -------------------------------------------------------------------
                         required time                         15.109    
                         arrival time                          -8.721    
  -------------------------------------------------------------------
                         slack                                  6.387    

Slack (MET) :             6.396ns  (required time - arrival time)
  Source:                 u_tick_gen/r_tick_counter_reg[12]/C
                            (rising edge-triggered cell FDCE clocked by sys_clk_pin  {rise@0.000ns fall@5.000ns period=10.000ns})
  Destination:            u_tick_gen/r_tick_counter_reg[14]/D
                            (rising edge-triggered cell FDCE clocked by sys_clk_pin  {rise@0.000ns fall@5.000ns period=10.000ns})
  Path Group:             sys_clk_pin
  Path Type:              Setup (Max at Slow Process Corner)
  Requirement:            10.000ns  (sys_clk_pin rise@10.000ns - sys_clk_pin rise@0.000ns)
  Data Path Delay:        3.626ns  (logic 1.145ns (31.576%)  route 2.481ns (68.424%))
  Logic Levels:           4  (LUT2=1 LUT4=1 LUT5=1 LUT6=1)
  Clock Path Skew:        -0.024ns (DCD - SCD + CPR)
    Destination Clock Delay (DCD):    4.794ns = ( 14.794 - 10.000 ) 
    Source Clock Delay      (SCD):    5.092ns
    Clock Pessimism Removal (CPR):    0.274ns
  Clock Uncertainty:      0.035ns  ((TSJ^2 + TIJ^2)^1/2 + DJ) / 2 + PE
    Total System Jitter     (TSJ):    0.071ns
    Total Input Jitter      (TIJ):    0.000ns
    Discrete Jitter          (DJ):    0.000ns
    Phase Error              (PE):    0.000ns

    Location             Delay type                Incr(ns)  Path(ns)    Netlist Resource(s)
  -------------------------------------------------------------------    -------------------
                         (clock sys_clk_pin rise edge)
                                                      0.000     0.000 r  
    W5                                                0.000     0.000 r  clk (IN)
                         net (fo=0)                   0.000     0.000    clk
    W5                   IBUF (Prop_ibuf_I_O)         1.458     1.458 r  clk_IBUF_inst/O
                         net (fo=1, routed)           1.967     3.425    clk_IBUF
    BUFGCTRL_X0Y1        BUFG (Prop_bufg_I_O)         0.096     3.521 r  clk_IBUF_BUFG_inst/O
                         net (fo=18, routed)          1.571     5.092    u_tick_gen/CLK
    SLICE_X50Y46         FDCE                                         r  u_tick_gen/r_tick_counter_reg[12]/C
  -------------------------------------------------------------------    -------------------
    SLICE_X50Y46         FDCE (Prop_fdce_C_Q)         0.478     5.570 r  u_tick_gen/r_tick_counter_reg[12]/Q
                         net (fo=2, routed)           0.893     6.463    u_tick_gen/r_tick_counter[12]
    SLICE_X50Y46         LUT4 (Prop_lut4_I0_O)        0.295     6.758 r  u_tick_gen/r_tick_counter[16]_i_5/O
                         net (fo=1, routed)           0.282     7.040    u_tick_gen/r_tick_counter[16]_i_5_n_0
    SLICE_X50Y46         LUT5 (Prop_lut5_I4_O)        0.124     7.164 r  u_tick_gen/r_tick_counter[16]_i_4/O
                         net (fo=1, routed)           0.436     7.600    u_tick_gen/r_tick_counter[16]_i_4_n_0
    SLICE_X50Y45         LUT6 (Prop_lut6_I5_O)        0.124     7.724 f  u_tick_gen/r_tick_counter[16]_i_2/O
                         net (fo=17, routed)          0.870     8.594    u_tick_gen/tick
    SLICE_X50Y47         LUT2 (Prop_lut2_I0_O)        0.124     8.718 r  u_tick_gen/r_tick_counter[14]_i_1/O
                         net (fo=1, routed)           0.000     8.718    u_tick_gen/r_tick_counter_0[14]
    SLICE_X50Y47         FDCE                                         r  u_tick_gen/r_tick_counter_reg[14]/D
  -------------------------------------------------------------------    -------------------

                         (clock sys_clk_pin rise edge)
                                                     10.000    10.000 r  
    W5                                                0.000    10.000 r  clk (IN)
                         net (fo=0)                   0.000    10.000    clk
    W5                   IBUF (Prop_ibuf_I_O)         1.388    11.388 r  clk_IBUF_inst/O
                         net (fo=1, routed)           1.862    13.250    clk_IBUF
    BUFGCTRL_X0Y1        BUFG (Prop_bufg_I_O)         0.091    13.341 r  clk_IBUF_BUFG_inst/O
                         net (fo=18, routed)          1.453    14.794    u_tick_gen/CLK
    SLICE_X50Y47         FDCE                                         r  u_tick_gen/r_tick_counter_reg[14]/C
                         clock pessimism              0.274    15.068    
                         clock uncertainty           -0.035    15.033    
    SLICE_X50Y47         FDCE (Setup_fdce_C_D)        0.081    15.114    u_tick_gen/r_tick_counter_reg[14]
  -------------------------------------------------------------------
                         required time                         15.114    
                         arrival time                          -8.718    
  -------------------------------------------------------------------
                         slack                                  6.396    

Slack (MET) :             6.401ns  (required time - arrival time)
  Source:                 u_tick_gen/r_tick_counter_reg[12]/C
                            (rising edge-triggered cell FDCE clocked by sys_clk_pin  {rise@0.000ns fall@5.000ns period=10.000ns})
  Destination:            u_tick_gen/r_tick_counter_reg[2]/D
                            (rising edge-triggered cell FDCE clocked by sys_clk_pin  {rise@0.000ns fall@5.000ns period=10.000ns})
  Path Group:             sys_clk_pin
  Path Type:              Setup (Max at Slow Process Corner)
  Requirement:            10.000ns  (sys_clk_pin rise@10.000ns - sys_clk_pin rise@0.000ns)
  Data Path Delay:        3.619ns  (logic 1.145ns (31.637%)  route 2.474ns (68.363%))
  Logic Levels:           4  (LUT2=1 LUT4=1 LUT5=1 LUT6=1)
  Clock Path Skew:        -0.025ns (DCD - SCD + CPR)
    Destination Clock Delay (DCD):    4.793ns = ( 14.793 - 10.000 ) 
    Source Clock Delay      (SCD):    5.092ns
    Clock Pessimism Removal (CPR):    0.274ns
  Clock Uncertainty:      0.035ns  ((TSJ^2 + TIJ^2)^1/2 + DJ) / 2 + PE
    Total System Jitter     (TSJ):    0.071ns
    Total Input Jitter      (TIJ):    0.000ns
    Discrete Jitter          (DJ):    0.000ns
    Phase Error              (PE):    0.000ns

    Location             Delay type                Incr(ns)  Path(ns)    Netlist Resource(s)
  -------------------------------------------------------------------    -------------------
                         (clock sys_clk_pin rise edge)
                                                      0.000     0.000 r  
    W5                                                0.000     0.000 r  clk (IN)
                         net (fo=0)                   0.000     0.000    clk
    W5                   IBUF (Prop_ibuf_I_O)         1.458     1.458 r  clk_IBUF_inst/O
                         net (fo=1, routed)           1.967     3.425    clk_IBUF
    BUFGCTRL_X0Y1        BUFG (Prop_bufg_I_O)         0.096     3.521 r  clk_IBUF_BUFG_inst/O
                         net (fo=18, routed)          1.571     5.092    u_tick_gen/CLK
    SLICE_X50Y46         FDCE                                         r  u_tick_gen/r_tick_counter_reg[12]/C
  -------------------------------------------------------------------    -------------------
    SLICE_X50Y46         FDCE (Prop_fdce_C_Q)         0.478     5.570 r  u_tick_gen/r_tick_counter_reg[12]/Q
                         net (fo=2, routed)           0.893     6.463    u_tick_gen/r_tick_counter[12]
    SLICE_X50Y46         LUT4 (Prop_lut4_I0_O)        0.295     6.758 r  u_tick_gen/r_tick_counter[16]_i_5/O
                         net (fo=1, routed)           0.282     7.040    u_tick_gen/r_tick_counter[16]_i_5_n_0
    SLICE_X50Y46         LUT5 (Prop_lut5_I4_O)        0.124     7.164 r  u_tick_gen/r_tick_counter[16]_i_4/O
                         net (fo=1, routed)           0.436     7.600    u_tick_gen/r_tick_counter[16]_i_4_n_0
    SLICE_X50Y45         LUT6 (Prop_lut6_I5_O)        0.124     7.724 f  u_tick_gen/r_tick_counter[16]_i_2/O
                         net (fo=17, routed)          0.863     8.587    u_tick_gen/tick
    SLICE_X50Y44         LUT2 (Prop_lut2_I0_O)        0.124     8.711 r  u_tick_gen/r_tick_counter[2]_i_1/O
                         net (fo=1, routed)           0.000     8.711    u_tick_gen/r_tick_counter_0[2]
    SLICE_X50Y44         FDCE                                         r  u_tick_gen/r_tick_counter_reg[2]/D
  -------------------------------------------------------------------    -------------------

                         (clock sys_clk_pin rise edge)
                                                     10.000    10.000 r  
    W5                                                0.000    10.000 r  clk (IN)
                         net (fo=0)                   0.000    10.000    clk
    W5                   IBUF (Prop_ibuf_I_O)         1.388    11.388 r  clk_IBUF_inst/O
                         net (fo=1, routed)           1.862    13.250    clk_IBUF
    BUFGCTRL_X0Y1        BUFG (Prop_bufg_I_O)         0.091    13.341 r  clk_IBUF_BUFG_inst/O
                         net (fo=18, routed)          1.452    14.793    u_tick_gen/CLK
    SLICE_X50Y44         FDCE                                         r  u_tick_gen/r_tick_counter_reg[2]/C
                         clock pessimism              0.274    15.067    
                         clock uncertainty           -0.035    15.032    
    SLICE_X50Y44         FDCE (Setup_fdce_C_D)        0.081    15.113    u_tick_gen/r_tick_counter_reg[2]
  -------------------------------------------------------------------
                         required time                         15.113    
                         arrival time                          -8.711    
  -------------------------------------------------------------------
                         slack                                  6.401    

Slack (MET) :             6.407ns  (required time - arrival time)
  Source:                 u_tick_gen/r_tick_counter_reg[12]/C
                            (rising edge-triggered cell FDCE clocked by sys_clk_pin  {rise@0.000ns fall@5.000ns period=10.000ns})
  Destination:            u_tick_gen/r_tick_counter_reg[16]/D
                            (rising edge-triggered cell FDCE clocked by sys_clk_pin  {rise@0.000ns fall@5.000ns period=10.000ns})
  Path Group:             sys_clk_pin
  Path Type:              Setup (Max at Slow Process Corner)
  Requirement:            10.000ns  (sys_clk_pin rise@10.000ns - sys_clk_pin rise@0.000ns)
  Data Path Delay:        3.652ns  (logic 1.171ns (32.063%)  route 2.481ns (67.937%))
  Logic Levels:           4  (LUT2=1 LUT4=1 LUT5=1 LUT6=1)
  Clock Path Skew:        -0.024ns (DCD - SCD + CPR)
    Destination Clock Delay (DCD):    4.794ns = ( 14.794 - 10.000 ) 
    Source Clock Delay      (SCD):    5.092ns
    Clock Pessimism Removal (CPR):    0.274ns
  Clock Uncertainty:      0.035ns  ((TSJ^2 + TIJ^2)^1/2 + DJ) / 2 + PE
    Total System Jitter     (TSJ):    0.071ns
    Total Input Jitter      (TIJ):    0.000ns
    Discrete Jitter          (DJ):    0.000ns
    Phase Error              (PE):    0.000ns

    Location             Delay type                Incr(ns)  Path(ns)    Netlist Resource(s)
  -------------------------------------------------------------------    -------------------
                         (clock sys_clk_pin rise edge)
                                                      0.000     0.000 r  
    W5                                                0.000     0.000 r  clk (IN)
                         net (fo=0)                   0.000     0.000    clk
    W5                   IBUF (Prop_ibuf_I_O)         1.458     1.458 r  clk_IBUF_inst/O
                         net (fo=1, routed)           1.967     3.425    clk_IBUF
    BUFGCTRL_X0Y1        BUFG (Prop_bufg_I_O)         0.096     3.521 r  clk_IBUF_BUFG_inst/O
                         net (fo=18, routed)          1.571     5.092    u_tick_gen/CLK
    SLICE_X50Y46         FDCE                                         r  u_tick_gen/r_tick_counter_reg[12]/C
  -------------------------------------------------------------------    -------------------
    SLICE_X50Y46         FDCE (Prop_fdce_C_Q)         0.478     5.570 r  u_tick_gen/r_tick_counter_reg[12]/Q
                         net (fo=2, routed)           0.893     6.463    u_tick_gen/r_tick_counter[12]
    SLICE_X50Y46         LUT4 (Prop_lut4_I0_O)        0.295     6.758 r  u_tick_gen/r_tick_counter[16]_i_5/O
                         net (fo=1, routed)           0.282     7.040    u_tick_gen/r_tick_counter[16]_i_5_n_0
    SLICE_X50Y46         LUT5 (Prop_lut5_I4_O)        0.124     7.164 r  u_tick_gen/r_tick_counter[16]_i_4/O
                         net (fo=1, routed)           0.436     7.600    u_tick_gen/r_tick_counter[16]_i_4_n_0
    SLICE_X50Y45         LUT6 (Prop_lut6_I5_O)        0.124     7.724 f  u_tick_gen/r_tick_counter[16]_i_2/O
                         net (fo=17, routed)          0.870     8.594    u_tick_gen/tick
    SLICE_X50Y47         LUT2 (Prop_lut2_I0_O)        0.150     8.744 r  u_tick_gen/r_tick_counter[16]_i_1/O
                         net (fo=1, routed)           0.000     8.744    u_tick_gen/r_tick_counter_0[16]
    SLICE_X50Y47         FDCE                                         r  u_tick_gen/r_tick_counter_reg[16]/D
  -------------------------------------------------------------------    -------------------

                         (clock sys_clk_pin rise edge)
                                                     10.000    10.000 r  
    W5                                                0.000    10.000 r  clk (IN)
                         net (fo=0)                   0.000    10.000    clk
    W5                   IBUF (Prop_ibuf_I_O)         1.388    11.388 r  clk_IBUF_inst/O
                         net (fo=1, routed)           1.862    13.250    clk_IBUF
    BUFGCTRL_X0Y1        BUFG (Prop_bufg_I_O)         0.091    13.341 r  clk_IBUF_BUFG_inst/O
                         net (fo=18, routed)          1.453    14.794    u_tick_gen/CLK
    SLICE_X50Y47         FDCE                                         r  u_tick_gen/r_tick_counter_reg[16]/C
                         clock pessimism              0.274    15.068    
                         clock uncertainty           -0.035    15.033    
    SLICE_X50Y47         FDCE (Setup_fdce_C_D)        0.118    15.151    u_tick_gen/r_tick_counter_reg[16]
  -------------------------------------------------------------------
                         required time                         15.151    
                         arrival time                          -8.744    
  -------------------------------------------------------------------
                         slack                                  6.407    

Slack (MET) :             6.410ns  (required time - arrival time)
  Source:                 u_tick_gen/r_tick_counter_reg[12]/C
                            (rising edge-triggered cell FDCE clocked by sys_clk_pin  {rise@0.000ns fall@5.000ns period=10.000ns})
  Destination:            u_tick_gen/r_tick_counter_reg[4]/D
                            (rising edge-triggered cell FDCE clocked by sys_clk_pin  {rise@0.000ns fall@5.000ns period=10.000ns})
  Path Group:             sys_clk_pin
  Path Type:              Setup (Max at Slow Process Corner)
  Requirement:            10.000ns  (sys_clk_pin rise@10.000ns - sys_clk_pin rise@0.000ns)
  Data Path Delay:        3.647ns  (logic 1.173ns (32.162%)  route 2.474ns (67.838%))
  Logic Levels:           4  (LUT2=1 LUT4=1 LUT5=1 LUT6=1)
  Clock Path Skew:        -0.025ns (DCD - SCD + CPR)
    Destination Clock Delay (DCD):    4.793ns = ( 14.793 - 10.000 ) 
    Source Clock Delay      (SCD):    5.092ns
    Clock Pessimism Removal (CPR):    0.274ns
  Clock Uncertainty:      0.035ns  ((TSJ^2 + TIJ^2)^1/2 + DJ) / 2 + PE
    Total System Jitter     (TSJ):    0.071ns
    Total Input Jitter      (TIJ):    0.000ns
    Discrete Jitter          (DJ):    0.000ns
    Phase Error              (PE):    0.000ns

    Location             Delay type                Incr(ns)  Path(ns)    Netlist Resource(s)
  -------------------------------------------------------------------    -------------------
                         (clock sys_clk_pin rise edge)
                                                      0.000     0.000 r  
    W5                                                0.000     0.000 r  clk (IN)
                         net (fo=0)                   0.000     0.000    clk
    W5                   IBUF (Prop_ibuf_I_O)         1.458     1.458 r  clk_IBUF_inst/O
                         net (fo=1, routed)           1.967     3.425    clk_IBUF
    BUFGCTRL_X0Y1        BUFG (Prop_bufg_I_O)         0.096     3.521 r  clk_IBUF_BUFG_inst/O
                         net (fo=18, routed)          1.571     5.092    u_tick_gen/CLK
    SLICE_X50Y46         FDCE                                         r  u_tick_gen/r_tick_counter_reg[12]/C
  -------------------------------------------------------------------    -------------------
    SLICE_X50Y46         FDCE (Prop_fdce_C_Q)         0.478     5.570 r  u_tick_gen/r_tick_counter_reg[12]/Q
                         net (fo=2, routed)           0.893     6.463    u_tick_gen/r_tick_counter[12]
    SLICE_X50Y46         LUT4 (Prop_lut4_I0_O)        0.295     6.758 r  u_tick_gen/r_tick_counter[16]_i_5/O
                         net (fo=1, routed)           0.282     7.040    u_tick_gen/r_tick_counter[16]_i_5_n_0
    SLICE_X50Y46         LUT5 (Prop_lut5_I4_O)        0.124     7.164 r  u_tick_gen/r_tick_counter[16]_i_4/O
                         net (fo=1, routed)           0.436     7.600    u_tick_gen/r_tick_counter[16]_i_4_n_0
    SLICE_X50Y45         LUT6 (Prop_lut6_I5_O)        0.124     7.724 f  u_tick_gen/r_tick_counter[16]_i_2/O
                         net (fo=17, routed)          0.863     8.587    u_tick_gen/tick
    SLICE_X50Y44         LUT2 (Prop_lut2_I0_O)        0.152     8.739 r  u_tick_gen/r_tick_counter[4]_i_1/O
                         net (fo=1, routed)           0.000     8.739    u_tick_gen/r_tick_counter_0[4]
    SLICE_X50Y44         FDCE                                         r  u_tick_gen/r_tick_counter_reg[4]/D
  -------------------------------------------------------------------    -------------------

                         (clock sys_clk_pin rise edge)
                                                     10.000    10.000 r  
    W5                                                0.000    10.000 r  clk (IN)
                         net (fo=0)                   0.000    10.000    clk
    W5                   IBUF (Prop_ibuf_I_O)         1.388    11.388 r  clk_IBUF_inst/O
                         net (fo=1, routed)           1.862    13.250    clk_IBUF
    BUFGCTRL_X0Y1        BUFG (Prop_bufg_I_O)         0.091    13.341 r  clk_IBUF_BUFG_inst/O
                         net (fo=18, routed)          1.452    14.793    u_tick_gen/CLK
    SLICE_X50Y44         FDCE                                         r  u_tick_gen/r_tick_counter_reg[4]/C
                         clock pessimism              0.274    15.067    
                         clock uncertainty           -0.035    15.032    
    SLICE_X50Y44         FDCE (Setup_fdce_C_D)        0.118    15.150    u_tick_gen/r_tick_counter_reg[4]
  -------------------------------------------------------------------
                         required time                         15.150    
                         arrival time                          -8.739    
  -------------------------------------------------------------------
                         slack                                  6.410    

Slack (MET) :             6.552ns  (required time - arrival time)
  Source:                 u_tick_gen/r_tick_counter_reg[12]/C
                            (rising edge-triggered cell FDCE clocked by sys_clk_pin  {rise@0.000ns fall@5.000ns period=10.000ns})
  Destination:            u_tick_gen/r_tick_counter_reg[3]/D
                            (rising edge-triggered cell FDCE clocked by sys_clk_pin  {rise@0.000ns fall@5.000ns period=10.000ns})
  Path Group:             sys_clk_pin
  Path Type:              Setup (Max at Slow Process Corner)
  Requirement:            10.000ns  (sys_clk_pin rise@10.000ns - sys_clk_pin rise@0.000ns)
  Data Path Delay:        3.466ns  (logic 1.145ns (33.034%)  route 2.321ns (66.966%))
  Logic Levels:           4  (LUT2=1 LUT4=1 LUT5=1 LUT6=1)
  Clock Path Skew:        -0.025ns (DCD - SCD + CPR)
    Destination Clock Delay (DCD):    4.793ns = ( 14.793 - 10.000 ) 
    Source Clock Delay      (SCD):    5.092ns
    Clock Pessimism Removal (CPR):    0.274ns
  Clock Uncertainty:      0.035ns  ((TSJ^2 + TIJ^2)^1/2 + DJ) / 2 + PE
    Total System Jitter     (TSJ):    0.071ns
    Total Input Jitter      (TIJ):    0.000ns
    Discrete Jitter          (DJ):    0.000ns
    Phase Error              (PE):    0.000ns

    Location             Delay type                Incr(ns)  Path(ns)    Netlist Resource(s)
  -------------------------------------------------------------------    -------------------
                         (clock sys_clk_pin rise edge)
                                                      0.000     0.000 r  
    W5                                                0.000     0.000 r  clk (IN)
                         net (fo=0)                   0.000     0.000    clk
    W5                   IBUF (Prop_ibuf_I_O)         1.458     1.458 r  clk_IBUF_inst/O
                         net (fo=1, routed)           1.967     3.425    clk_IBUF
    BUFGCTRL_X0Y1        BUFG (Prop_bufg_I_O)         0.096     3.521 r  clk_IBUF_BUFG_inst/O
                         net (fo=18, routed)          1.571     5.092    u_tick_gen/CLK
    SLICE_X50Y46         FDCE                                         r  u_tick_gen/r_tick_counter_reg[12]/C
  -------------------------------------------------------------------    -------------------
    SLICE_X50Y46         FDCE (Prop_fdce_C_Q)         0.478     5.570 r  u_tick_gen/r_tick_counter_reg[12]/Q
                         net (fo=2, routed)           0.893     6.463    u_tick_gen/r_tick_counter[12]
    SLICE_X50Y46         LUT4 (Prop_lut4_I0_O)        0.295     6.758 r  u_tick_gen/r_tick_counter[16]_i_5/O
                         net (fo=1, routed)           0.282     7.040    u_tick_gen/r_tick_counter[16]_i_5_n_0
    SLICE_X50Y46         LUT5 (Prop_lut5_I4_O)        0.124     7.164 r  u_tick_gen/r_tick_counter[16]_i_4/O
                         net (fo=1, routed)           0.436     7.600    u_tick_gen/r_tick_counter[16]_i_4_n_0
    SLICE_X50Y45         LUT6 (Prop_lut6_I5_O)        0.124     7.724 f  u_tick_gen/r_tick_counter[16]_i_2/O
                         net (fo=17, routed)          0.710     8.434    u_tick_gen/tick
    SLICE_X50Y44         LUT2 (Prop_lut2_I0_O)        0.124     8.558 r  u_tick_gen/r_tick_counter[3]_i_1/O
                         net (fo=1, routed)           0.000     8.558    u_tick_gen/r_tick_counter_0[3]
    SLICE_X50Y44         FDCE                                         r  u_tick_gen/r_tick_counter_reg[3]/D
  -------------------------------------------------------------------    -------------------

                         (clock sys_clk_pin rise edge)
                                                     10.000    10.000 r  
    W5                                                0.000    10.000 r  clk (IN)
                         net (fo=0)                   0.000    10.000    clk
    W5                   IBUF (Prop_ibuf_I_O)         1.388    11.388 r  clk_IBUF_inst/O
                         net (fo=1, routed)           1.862    13.250    clk_IBUF
    BUFGCTRL_X0Y1        BUFG (Prop_bufg_I_O)         0.091    13.341 r  clk_IBUF_BUFG_inst/O
                         net (fo=18, routed)          1.452    14.793    u_tick_gen/CLK
    SLICE_X50Y44         FDCE                                         r  u_tick_gen/r_tick_counter_reg[3]/C
                         clock pessimism              0.274    15.067    
                         clock uncertainty           -0.035    15.032    
    SLICE_X50Y44         FDCE (Setup_fdce_C_D)        0.079    15.111    u_tick_gen/r_tick_counter_reg[3]
  -------------------------------------------------------------------
                         required time                         15.111    
                         arrival time                          -8.558    
  -------------------------------------------------------------------
                         slack                                  6.552    

Slack (MET) :             6.560ns  (required time - arrival time)
  Source:                 u_tick_gen/r_tick_counter_reg[12]/C
                            (rising edge-triggered cell FDCE clocked by sys_clk_pin  {rise@0.000ns fall@5.000ns period=10.000ns})
  Destination:            u_tick_gen/r_tick_counter_reg[5]/D
                            (rising edge-triggered cell FDCE clocked by sys_clk_pin  {rise@0.000ns fall@5.000ns period=10.000ns})
  Path Group:             sys_clk_pin
  Path Type:              Setup (Max at Slow Process Corner)
  Requirement:            10.000ns  (sys_clk_pin rise@10.000ns - sys_clk_pin rise@0.000ns)
  Data Path Delay:        3.461ns  (logic 1.145ns (33.082%)  route 2.316ns (66.918%))
  Logic Levels:           4  (LUT2=1 LUT4=1 LUT5=1 LUT6=1)
  Clock Path Skew:        -0.025ns (DCD - SCD + CPR)
    Destination Clock Delay (DCD):    4.793ns = ( 14.793 - 10.000 ) 
    Source Clock Delay      (SCD):    5.092ns
    Clock Pessimism Removal (CPR):    0.274ns
  Clock Uncertainty:      0.035ns  ((TSJ^2 + TIJ^2)^1/2 + DJ) / 2 + PE
    Total System Jitter     (TSJ):    0.071ns
    Total Input Jitter      (TIJ):    0.000ns
    Discrete Jitter          (DJ):    0.000ns
    Phase Error              (PE):    0.000ns

    Location             Delay type                Incr(ns)  Path(ns)    Netlist Resource(s)
  -------------------------------------------------------------------    -------------------
                         (clock sys_clk_pin rise edge)
                                                      0.000     0.000 r  
    W5                                                0.000     0.000 r  clk (IN)
                         net (fo=0)                   0.000     0.000    clk
    W5                   IBUF (Prop_ibuf_I_O)         1.458     1.458 r  clk_IBUF_inst/O
                         net (fo=1, routed)           1.967     3.425    clk_IBUF
    BUFGCTRL_X0Y1        BUFG (Prop_bufg_I_O)         0.096     3.521 r  clk_IBUF_BUFG_inst/O
                         net (fo=18, routed)          1.571     5.092    u_tick_gen/CLK
    SLICE_X50Y46         FDCE                                         r  u_tick_gen/r_tick_counter_reg[12]/C
  -------------------------------------------------------------------    -------------------
    SLICE_X50Y46         FDCE (Prop_fdce_C_Q)         0.478     5.570 r  u_tick_gen/r_tick_counter_reg[12]/Q
                         net (fo=2, routed)           0.893     6.463    u_tick_gen/r_tick_counter[12]
    SLICE_X50Y46         LUT4 (Prop_lut4_I0_O)        0.295     6.758 r  u_tick_gen/r_tick_counter[16]_i_5/O
                         net (fo=1, routed)           0.282     7.040    u_tick_gen/r_tick_counter[16]_i_5_n_0
    SLICE_X50Y46         LUT5 (Prop_lut5_I4_O)        0.124     7.164 r  u_tick_gen/r_tick_counter[16]_i_4/O
                         net (fo=1, routed)           0.436     7.600    u_tick_gen/r_tick_counter[16]_i_4_n_0
    SLICE_X50Y45         LUT6 (Prop_lut6_I5_O)        0.124     7.724 f  u_tick_gen/r_tick_counter[16]_i_2/O
                         net (fo=17, routed)          0.705     8.429    u_tick_gen/tick
    SLICE_X50Y45         LUT2 (Prop_lut2_I0_O)        0.124     8.553 r  u_tick_gen/r_tick_counter[5]_i_1/O
                         net (fo=1, routed)           0.000     8.553    u_tick_gen/r_tick_counter_0[5]
    SLICE_X50Y45         FDCE                                         r  u_tick_gen/r_tick_counter_reg[5]/D
  -------------------------------------------------------------------    -------------------

                         (clock sys_clk_pin rise edge)
                                                     10.000    10.000 r  
    W5                                                0.000    10.000 r  clk (IN)
                         net (fo=0)                   0.000    10.000    clk
    W5                   IBUF (Prop_ibuf_I_O)         1.388    11.388 r  clk_IBUF_inst/O
                         net (fo=1, routed)           1.862    13.250    clk_IBUF
    BUFGCTRL_X0Y1        BUFG (Prop_bufg_I_O)         0.091    13.341 r  clk_IBUF_BUFG_inst/O
                         net (fo=18, routed)          1.452    14.793    u_tick_gen/CLK
    SLICE_X50Y45         FDCE                                         r  u_tick_gen/r_tick_counter_reg[5]/C
                         clock pessimism              0.274    15.067    
                         clock uncertainty           -0.035    15.032    
    SLICE_X50Y45         FDCE (Setup_fdce_C_D)        0.081    15.113    u_tick_gen/r_tick_counter_reg[5]
  -------------------------------------------------------------------
                         required time                         15.113    
                         arrival time                          -8.553    
  -------------------------------------------------------------------
                         slack                                  6.560    





Min Delay Paths
--------------------------------------------------------------------------------------
Slack (MET) :             0.399ns  (arrival time - required time)
  Source:                 u_tick_gen/r_tick_counter_reg[4]/C
                            (rising edge-triggered cell FDCE clocked by sys_clk_pin  {rise@0.000ns fall@5.000ns period=10.000ns})
  Destination:            u_tick_gen/r_tick_counter_reg[8]/D
                            (rising edge-triggered cell FDCE clocked by sys_clk_pin  {rise@0.000ns fall@5.000ns period=10.000ns})
  Path Group:             sys_clk_pin
  Path Type:              Hold (Min at Fast Process Corner)
  Requirement:            0.000ns  (sys_clk_pin rise@0.000ns - sys_clk_pin rise@0.000ns)
  Data Path Delay:        0.546ns  (logic 0.296ns (54.168%)  route 0.250ns (45.832%))
  Logic Levels:           2  (LUT2=1 LUT6=1)
  Clock Path Skew:        0.016ns (DCD - SCD - CPR)
    Destination Clock Delay (DCD):    1.964ns
    Source Clock Delay      (SCD):    1.449ns
    Clock Pessimism Removal (CPR):    0.499ns

    Location             Delay type                Incr(ns)  Path(ns)    Netlist Resource(s)
  -------------------------------------------------------------------    -------------------
                         (clock sys_clk_pin rise edge)
                                                      0.000     0.000 r  
    W5                                                0.000     0.000 r  clk (IN)
                         net (fo=0)                   0.000     0.000    clk
    W5                   IBUF (Prop_ibuf_I_O)         0.226     0.226 r  clk_IBUF_inst/O
                         net (fo=1, routed)           0.631     0.858    clk_IBUF
    BUFGCTRL_X0Y1        BUFG (Prop_bufg_I_O)         0.026     0.884 r  clk_IBUF_BUFG_inst/O
                         net (fo=18, routed)          0.566     1.449    u_tick_gen/CLK
    SLICE_X50Y44         FDCE                                         r  u_tick_gen/r_tick_counter_reg[4]/C
  -------------------------------------------------------------------    -------------------
    SLICE_X50Y44         FDCE (Prop_fdce_C_Q)         0.148     1.597 f  u_tick_gen/r_tick_counter_reg[4]/Q
                         net (fo=2, routed)           0.126     1.723    u_tick_gen/r_tick_counter[4]
    SLICE_X50Y45         LUT6 (Prop_lut6_I0_O)        0.099     1.822 f  u_tick_gen/r_tick_counter[16]_i_2/O
                         net (fo=17, routed)          0.124     1.947    u_tick_gen/tick
    SLICE_X50Y45         LUT2 (Prop_lut2_I0_O)        0.049     1.996 r  u_tick_gen/r_tick_counter[8]_i_1/O
                         net (fo=1, routed)           0.000     1.996    u_tick_gen/r_tick_counter_0[8]
    SLICE_X50Y45         FDCE                                         r  u_tick_gen/r_tick_counter_reg[8]/D
  -------------------------------------------------------------------    -------------------

                         (clock sys_clk_pin rise edge)
                                                      0.000     0.000 r  
    W5                                                0.000     0.000 r  clk (IN)
                         net (fo=0)                   0.000     0.000    clk
    W5                   IBUF (Prop_ibuf_I_O)         0.414     0.414 r  clk_IBUF_inst/O
                         net (fo=1, routed)           0.685     1.099    clk_IBUF
    BUFGCTRL_X0Y1        BUFG (Prop_bufg_I_O)         0.029     1.128 r  clk_IBUF_BUFG_inst/O
                         net (fo=18, routed)          0.837     1.964    u_tick_gen/CLK
    SLICE_X50Y45         FDCE                                         r  u_tick_gen/r_tick_counter_reg[8]/C
                         clock pessimism             -0.499     1.465    
    SLICE_X50Y45         FDCE (Hold_fdce_C_D)         0.131     1.596    u_tick_gen/r_tick_counter_reg[8]
  -------------------------------------------------------------------
                         required time                         -1.596    
                         arrival time                           1.996    
  -------------------------------------------------------------------
                         slack                                  0.399    

Slack (MET) :             0.405ns  (arrival time - required time)
  Source:                 u_tick_gen/r_tick_counter_reg[4]/C
                            (rising edge-triggered cell FDCE clocked by sys_clk_pin  {rise@0.000ns fall@5.000ns period=10.000ns})
  Destination:            u_tick_gen/r_tick_counter_reg[6]/D
                            (rising edge-triggered cell FDCE clocked by sys_clk_pin  {rise@0.000ns fall@5.000ns period=10.000ns})
  Path Group:             sys_clk_pin
  Path Type:              Hold (Min at Fast Process Corner)
  Requirement:            0.000ns  (sys_clk_pin rise@0.000ns - sys_clk_pin rise@0.000ns)
  Data Path Delay:        0.542ns  (logic 0.292ns (53.830%)  route 0.250ns (46.170%))
  Logic Levels:           2  (LUT2=1 LUT6=1)
  Clock Path Skew:        0.016ns (DCD - SCD - CPR)
    Destination Clock Delay (DCD):    1.964ns
    Source Clock Delay      (SCD):    1.449ns
    Clock Pessimism Removal (CPR):    0.499ns

    Location             Delay type                Incr(ns)  Path(ns)    Netlist Resource(s)
  -------------------------------------------------------------------    -------------------
                         (clock sys_clk_pin rise edge)
                                                      0.000     0.000 r  
    W5                                                0.000     0.000 r  clk (IN)
                         net (fo=0)                   0.000     0.000    clk
    W5                   IBUF (Prop_ibuf_I_O)         0.226     0.226 r  clk_IBUF_inst/O
                         net (fo=1, routed)           0.631     0.858    clk_IBUF
    BUFGCTRL_X0Y1        BUFG (Prop_bufg_I_O)         0.026     0.884 r  clk_IBUF_BUFG_inst/O
                         net (fo=18, routed)          0.566     1.449    u_tick_gen/CLK
    SLICE_X50Y44         FDCE                                         r  u_tick_gen/r_tick_counter_reg[4]/C
  -------------------------------------------------------------------    -------------------
    SLICE_X50Y44         FDCE (Prop_fdce_C_Q)         0.148     1.597 f  u_tick_gen/r_tick_counter_reg[4]/Q
                         net (fo=2, routed)           0.126     1.723    u_tick_gen/r_tick_counter[4]
    SLICE_X50Y45         LUT6 (Prop_lut6_I0_O)        0.099     1.822 f  u_tick_gen/r_tick_counter[16]_i_2/O
                         net (fo=17, routed)          0.124     1.947    u_tick_gen/tick
    SLICE_X50Y45         LUT2 (Prop_lut2_I0_O)        0.045     1.992 r  u_tick_gen/r_tick_counter[6]_i_1/O
                         net (fo=1, routed)           0.000     1.992    u_tick_gen/r_tick_counter_0[6]
    SLICE_X50Y45         FDCE                                         r  u_tick_gen/r_tick_counter_reg[6]/D
  -------------------------------------------------------------------    -------------------

                         (clock sys_clk_pin rise edge)
                                                      0.000     0.000 r  
    W5                                                0.000     0.000 r  clk (IN)
                         net (fo=0)                   0.000     0.000    clk
    W5                   IBUF (Prop_ibuf_I_O)         0.414     0.414 r  clk_IBUF_inst/O
                         net (fo=1, routed)           0.685     1.099    clk_IBUF
    BUFGCTRL_X0Y1        BUFG (Prop_bufg_I_O)         0.029     1.128 r  clk_IBUF_BUFG_inst/O
                         net (fo=18, routed)          0.837     1.964    u_tick_gen/CLK
    SLICE_X50Y45         FDCE                                         r  u_tick_gen/r_tick_counter_reg[6]/C
                         clock pessimism             -0.499     1.465    
    SLICE_X50Y45         FDCE (Hold_fdce_C_D)         0.121     1.586    u_tick_gen/r_tick_counter_reg[6]
  -------------------------------------------------------------------
                         required time                         -1.586    
                         arrival time                           1.992    
  -------------------------------------------------------------------
                         slack                                  0.405    

Slack (MET) :             0.488ns  (arrival time - required time)
  Source:                 u_tick_gen/r_tick_counter_reg[11]/C
                            (rising edge-triggered cell FDCE clocked by sys_clk_pin  {rise@0.000ns fall@5.000ns period=10.000ns})
  Destination:            u_tick_gen/r_tick_counter_reg[11]/D
                            (rising edge-triggered cell FDCE clocked by sys_clk_pin  {rise@0.000ns fall@5.000ns period=10.000ns})
  Path Group:             sys_clk_pin
  Path Type:              Hold (Min at Fast Process Corner)
  Requirement:            0.000ns  (sys_clk_pin rise@0.000ns - sys_clk_pin rise@0.000ns)
  Data Path Delay:        0.609ns  (logic 0.383ns (62.869%)  route 0.226ns (37.131%))
  Logic Levels:           2  (CARRY4=1 LUT2=1)
  Clock Path Skew:        0.000ns (DCD - SCD - CPR)
    Destination Clock Delay (DCD):    1.964ns
    Source Clock Delay      (SCD):    1.449ns
    Clock Pessimism Removal (CPR):    0.515ns

    Location             Delay type                Incr(ns)  Path(ns)    Netlist Resource(s)
  -------------------------------------------------------------------    -------------------
                         (clock sys_clk_pin rise edge)
                                                      0.000     0.000 r  
    W5                                                0.000     0.000 r  clk (IN)
                         net (fo=0)                   0.000     0.000    clk
    W5                   IBUF (Prop_ibuf_I_O)         0.226     0.226 r  clk_IBUF_inst/O
                         net (fo=1, routed)           0.631     0.858    clk_IBUF
    BUFGCTRL_X0Y1        BUFG (Prop_bufg_I_O)         0.026     0.884 r  clk_IBUF_BUFG_inst/O
                         net (fo=18, routed)          0.566     1.449    u_tick_gen/CLK
    SLICE_X50Y46         FDCE                                         r  u_tick_gen/r_tick_counter_reg[11]/C
  -------------------------------------------------------------------    -------------------
    SLICE_X50Y46         FDCE (Prop_fdce_C_Q)         0.164     1.613 r  u_tick_gen/r_tick_counter_reg[11]/Q
                         net (fo=2, routed)           0.060     1.673    u_tick_gen/r_tick_counter[11]
    SLICE_X51Y46         CARRY4 (Prop_carry4_S[2]_O[2])
                                                      0.111     1.784 r  u_tick_gen/r_tick_counter0_carry__1/O[2]
                         net (fo=1, routed)           0.166     1.950    u_tick_gen/data0[11]
    SLICE_X50Y46         LUT2 (Prop_lut2_I1_O)        0.108     2.058 r  u_tick_gen/r_tick_counter[11]_i_1/O
                         net (fo=1, routed)           0.000     2.058    u_tick_gen/r_tick_counter_0[11]
    SLICE_X50Y46         FDCE                                         r  u_tick_gen/r_tick_counter_reg[11]/D
  -------------------------------------------------------------------    -------------------

                         (clock sys_clk_pin rise edge)
                                                      0.000     0.000 r  
    W5                                                0.000     0.000 r  clk (IN)
                         net (fo=0)                   0.000     0.000    clk
    W5                   IBUF (Prop_ibuf_I_O)         0.414     0.414 r  clk_IBUF_inst/O
                         net (fo=1, routed)           0.685     1.099    clk_IBUF
    BUFGCTRL_X0Y1        BUFG (Prop_bufg_I_O)         0.029     1.128 r  clk_IBUF_BUFG_inst/O
                         net (fo=18, routed)          0.837     1.964    u_tick_gen/CLK
    SLICE_X50Y46         FDCE                                         r  u_tick_gen/r_tick_counter_reg[11]/C
                         clock pessimism             -0.515     1.449    
    SLICE_X50Y46         FDCE (Hold_fdce_C_D)         0.121     1.570    u_tick_gen/r_tick_counter_reg[11]
  -------------------------------------------------------------------
                         required time                         -1.570    
                         arrival time                           2.058    
  -------------------------------------------------------------------
                         slack                                  0.488    

Slack (MET) :             0.508ns  (arrival time - required time)
  Source:                 u_tick_gen/r_tick_counter_reg[1]/C
                            (rising edge-triggered cell FDCE clocked by sys_clk_pin  {rise@0.000ns fall@5.000ns period=10.000ns})
  Destination:            u_tick_gen/r_tick_counter_reg[1]/D
                            (rising edge-triggered cell FDCE clocked by sys_clk_pin  {rise@0.000ns fall@5.000ns period=10.000ns})
  Path Group:             sys_clk_pin
  Path Type:              Hold (Min at Fast Process Corner)
  Requirement:            0.000ns  (sys_clk_pin rise@0.000ns - sys_clk_pin rise@0.000ns)
  Data Path Delay:        0.628ns  (logic 0.386ns (61.463%)  route 0.242ns (38.537%))
  Logic Levels:           2  (CARRY4=1 LUT2=1)
  Clock Path Skew:        0.000ns (DCD - SCD - CPR)
    Destination Clock Delay (DCD):    1.964ns
    Source Clock Delay      (SCD):    1.449ns
    Clock Pessimism Removal (CPR):    0.515ns

    Location             Delay type                Incr(ns)  Path(ns)    Netlist Resource(s)
  -------------------------------------------------------------------    -------------------
                         (clock sys_clk_pin rise edge)
                                                      0.000     0.000 r  
    W5                                                0.000     0.000 r  clk (IN)
                         net (fo=0)                   0.000     0.000    clk
    W5                   IBUF (Prop_ibuf_I_O)         0.226     0.226 r  clk_IBUF_inst/O
                         net (fo=1, routed)           0.631     0.858    clk_IBUF
    BUFGCTRL_X0Y1        BUFG (Prop_bufg_I_O)         0.026     0.884 r  clk_IBUF_BUFG_inst/O
                         net (fo=18, routed)          0.566     1.449    u_tick_gen/CLK
    SLICE_X50Y44         FDCE                                         r  u_tick_gen/r_tick_counter_reg[1]/C
  -------------------------------------------------------------------    -------------------
    SLICE_X50Y44         FDCE (Prop_fdce_C_Q)         0.164     1.613 r  u_tick_gen/r_tick_counter_reg[1]/Q
                         net (fo=2, routed)           0.094     1.707    u_tick_gen/r_tick_counter[1]
    SLICE_X51Y44         CARRY4 (Prop_carry4_S[0]_O[0])
                                                      0.115     1.822 r  u_tick_gen/r_tick_counter0_carry/O[0]
                         net (fo=1, routed)           0.148     1.970    u_tick_gen/data0[1]
    SLICE_X50Y44         LUT2 (Prop_lut2_I1_O)        0.107     2.077 r  u_tick_gen/r_tick_counter[1]_i_1/O
                         net (fo=1, routed)           0.000     2.077    u_tick_gen/r_tick_counter_0[1]
    SLICE_X50Y44         FDCE                                         r  u_tick_gen/r_tick_counter_reg[1]/D
  -------------------------------------------------------------------    -------------------

                         (clock sys_clk_pin rise edge)
                                                      0.000     0.000 r  
    W5                                                0.000     0.000 r  clk (IN)
                         net (fo=0)                   0.000     0.000    clk
    W5                   IBUF (Prop_ibuf_I_O)         0.414     0.414 r  clk_IBUF_inst/O
                         net (fo=1, routed)           0.685     1.099    clk_IBUF
    BUFGCTRL_X0Y1        BUFG (Prop_bufg_I_O)         0.029     1.128 r  clk_IBUF_BUFG_inst/O
                         net (fo=18, routed)          0.837     1.964    u_tick_gen/CLK
    SLICE_X50Y44         FDCE                                         r  u_tick_gen/r_tick_counter_reg[1]/C
                         clock pessimism             -0.515     1.449    
    SLICE_X50Y44         FDCE (Hold_fdce_C_D)         0.120     1.569    u_tick_gen/r_tick_counter_reg[1]
  -------------------------------------------------------------------
                         required time                         -1.569    
                         arrival time                           2.077    
  -------------------------------------------------------------------
                         slack                                  0.508    

Slack (MET) :             0.511ns  (arrival time - required time)
  Source:                 u_tick_gen/r_tick_counter_reg[0]/C
                            (rising edge-triggered cell FDCE clocked by sys_clk_pin  {rise@0.000ns fall@5.000ns period=10.000ns})
  Destination:            u_tick_gen/r_tick_counter_reg[0]/D
                            (rising edge-triggered cell FDCE clocked by sys_clk_pin  {rise@0.000ns fall@5.000ns period=10.000ns})
  Path Group:             sys_clk_pin
  Path Type:              Hold (Min at Fast Process Corner)
  Requirement:            0.000ns  (sys_clk_pin rise@0.000ns - sys_clk_pin rise@0.000ns)
  Data Path Delay:        0.508ns  (logic 0.189ns (37.226%)  route 0.319ns (62.774%))
  Logic Levels:           1  (LUT1=1)
  Clock Path Skew:        0.000ns (DCD - SCD - CPR)
    Destination Clock Delay (DCD):    1.964ns
    Source Clock Delay      (SCD):    1.449ns
    Clock Pessimism Removal (CPR):    0.515ns

    Location             Delay type                Incr(ns)  Path(ns)    Netlist Resource(s)
  -------------------------------------------------------------------    -------------------
                         (clock sys_clk_pin rise edge)
                                                      0.000     0.000 r  
    W5                                                0.000     0.000 r  clk (IN)
                         net (fo=0)                   0.000     0.000    clk
    W5                   IBUF (Prop_ibuf_I_O)         0.226     0.226 r  clk_IBUF_inst/O
                         net (fo=1, routed)           0.631     0.858    clk_IBUF
    BUFGCTRL_X0Y1        BUFG (Prop_bufg_I_O)         0.026     0.884 r  clk_IBUF_BUFG_inst/O
                         net (fo=18, routed)          0.566     1.449    u_tick_gen/CLK
    SLICE_X51Y45         FDCE                                         r  u_tick_gen/r_tick_counter_reg[0]/C
  -------------------------------------------------------------------    -------------------
    SLICE_X51Y45         FDCE (Prop_fdce_C_Q)         0.141     1.590 f  u_tick_gen/r_tick_counter_reg[0]/Q
                         net (fo=3, routed)           0.099     1.689    u_tick_gen/r_tick_counter[0]
    SLICE_X50Y45         LUT1 (Prop_lut1_I0_O)        0.048     1.737 r  u_tick_gen/r_tick_counter[0]_i_1/O
                         net (fo=1, routed)           0.219     1.957    u_tick_gen/r_tick_counter_0[0]
    SLICE_X51Y45         FDCE                                         r  u_tick_gen/r_tick_counter_reg[0]/D
  -------------------------------------------------------------------    -------------------

                         (clock sys_clk_pin rise edge)
                                                      0.000     0.000 r  
    W5                                                0.000     0.000 r  clk (IN)
                         net (fo=0)                   0.000     0.000    clk
    W5                   IBUF (Prop_ibuf_I_O)         0.414     0.414 r  clk_IBUF_inst/O
                         net (fo=1, routed)           0.685     1.099    clk_IBUF
    BUFGCTRL_X0Y1        BUFG (Prop_bufg_I_O)         0.029     1.128 r  clk_IBUF_BUFG_inst/O
                         net (fo=18, routed)          0.837     1.964    u_tick_gen/CLK
    SLICE_X51Y45         FDCE                                         r  u_tick_gen/r_tick_counter_reg[0]/C
                         clock pessimism             -0.515     1.449    
    SLICE_X51Y45         FDCE (Hold_fdce_C_D)        -0.003     1.446    u_tick_gen/r_tick_counter_reg[0]
  -------------------------------------------------------------------
                         required time                         -1.446    
                         arrival time                           1.957    
  -------------------------------------------------------------------
                         slack                                  0.511    

Slack (MET) :             0.528ns  (arrival time - required time)
  Source:                 u_tick_gen/r_tick_counter_reg[4]/C
                            (rising edge-triggered cell FDCE clocked by sys_clk_pin  {rise@0.000ns fall@5.000ns period=10.000ns})
  Destination:            u_tick_gen/r_tick_counter_reg[12]/D
                            (rising edge-triggered cell FDCE clocked by sys_clk_pin  {rise@0.000ns fall@5.000ns period=10.000ns})
  Path Group:             sys_clk_pin
  Path Type:              Hold (Min at Fast Process Corner)
  Requirement:            0.000ns  (sys_clk_pin rise@0.000ns - sys_clk_pin rise@0.000ns)
  Data Path Delay:        0.675ns  (logic 0.293ns (43.379%)  route 0.382ns (56.621%))
  Logic Levels:           2  (LUT2=1 LUT6=1)
  Clock Path Skew:        0.016ns (DCD - SCD - CPR)
    Destination Clock Delay (DCD):    1.964ns
    Source Clock Delay      (SCD):    1.449ns
    Clock Pessimism Removal (CPR):    0.499ns

    Location             Delay type                Incr(ns)  Path(ns)    Netlist Resource(s)
  -------------------------------------------------------------------    -------------------
                         (clock sys_clk_pin rise edge)
                                                      0.000     0.000 r  
    W5                                                0.000     0.000 r  clk (IN)
                         net (fo=0)                   0.000     0.000    clk
    W5                   IBUF (Prop_ibuf_I_O)         0.226     0.226 r  clk_IBUF_inst/O
                         net (fo=1, routed)           0.631     0.858    clk_IBUF
    BUFGCTRL_X0Y1        BUFG (Prop_bufg_I_O)         0.026     0.884 r  clk_IBUF_BUFG_inst/O
                         net (fo=18, routed)          0.566     1.449    u_tick_gen/CLK
    SLICE_X50Y44         FDCE                                         r  u_tick_gen/r_tick_counter_reg[4]/C
  -------------------------------------------------------------------    -------------------
    SLICE_X50Y44         FDCE (Prop_fdce_C_Q)         0.148     1.597 f  u_tick_gen/r_tick_counter_reg[4]/Q
                         net (fo=2, routed)           0.126     1.723    u_tick_gen/r_tick_counter[4]
    SLICE_X50Y45         LUT6 (Prop_lut6_I0_O)        0.099     1.822 f  u_tick_gen/r_tick_counter[16]_i_2/O
                         net (fo=17, routed)          0.256     2.079    u_tick_gen/tick
    SLICE_X50Y46         LUT2 (Prop_lut2_I0_O)        0.046     2.125 r  u_tick_gen/r_tick_counter[12]_i_1/O
                         net (fo=1, routed)           0.000     2.125    u_tick_gen/r_tick_counter_0[12]
    SLICE_X50Y46         FDCE                                         r  u_tick_gen/r_tick_counter_reg[12]/D
  -------------------------------------------------------------------    -------------------

                         (clock sys_clk_pin rise edge)
                                                      0.000     0.000 r  
    W5                                                0.000     0.000 r  clk (IN)
                         net (fo=0)                   0.000     0.000    clk
    W5                   IBUF (Prop_ibuf_I_O)         0.414     0.414 r  clk_IBUF_inst/O
                         net (fo=1, routed)           0.685     1.099    clk_IBUF
    BUFGCTRL_X0Y1        BUFG (Prop_bufg_I_O)         0.029     1.128 r  clk_IBUF_BUFG_inst/O
                         net (fo=18, routed)          0.837     1.964    u_tick_gen/CLK
    SLICE_X50Y46         FDCE                                         r  u_tick_gen/r_tick_counter_reg[12]/C
                         clock pessimism             -0.499     1.465    
    SLICE_X50Y46         FDCE (Hold_fdce_C_D)         0.131     1.596    u_tick_gen/r_tick_counter_reg[12]
  -------------------------------------------------------------------
                         required time                         -1.596    
                         arrival time                           2.125    
  -------------------------------------------------------------------
                         slack                                  0.528    

Slack (MET) :             0.528ns  (arrival time - required time)
  Source:                 u_tick_gen/r_tick_counter_reg[4]/C
                            (rising edge-triggered cell FDCE clocked by sys_clk_pin  {rise@0.000ns fall@5.000ns period=10.000ns})
  Destination:            u_tick_gen/r_tick_counter_reg[9]/D
                            (rising edge-triggered cell FDCE clocked by sys_clk_pin  {rise@0.000ns fall@5.000ns period=10.000ns})
  Path Group:             sys_clk_pin
  Path Type:              Hold (Min at Fast Process Corner)
  Requirement:            0.000ns  (sys_clk_pin rise@0.000ns - sys_clk_pin rise@0.000ns)
  Data Path Delay:        0.675ns  (logic 0.294ns (43.527%)  route 0.381ns (56.473%))
  Logic Levels:           2  (LUT2=1 LUT6=1)
  Clock Path Skew:        0.016ns (DCD - SCD - CPR)
    Destination Clock Delay (DCD):    1.964ns
    Source Clock Delay      (SCD):    1.449ns
    Clock Pessimism Removal (CPR):    0.499ns

    Location             Delay type                Incr(ns)  Path(ns)    Netlist Resource(s)
  -------------------------------------------------------------------    -------------------
                         (clock sys_clk_pin rise edge)
                                                      0.000     0.000 r  
    W5                                                0.000     0.000 r  clk (IN)
                         net (fo=0)                   0.000     0.000    clk
    W5                   IBUF (Prop_ibuf_I_O)         0.226     0.226 r  clk_IBUF_inst/O
                         net (fo=1, routed)           0.631     0.858    clk_IBUF
    BUFGCTRL_X0Y1        BUFG (Prop_bufg_I_O)         0.026     0.884 r  clk_IBUF_BUFG_inst/O
                         net (fo=18, routed)          0.566     1.449    u_tick_gen/CLK
    SLICE_X50Y44         FDCE                                         r  u_tick_gen/r_tick_counter_reg[4]/C
  -------------------------------------------------------------------    -------------------
    SLICE_X50Y44         FDCE (Prop_fdce_C_Q)         0.148     1.597 f  u_tick_gen/r_tick_counter_reg[4]/Q
                         net (fo=2, routed)           0.126     1.723    u_tick_gen/r_tick_counter[4]
    SLICE_X50Y45         LUT6 (Prop_lut6_I0_O)        0.099     1.822 f  u_tick_gen/r_tick_counter[16]_i_2/O
                         net (fo=17, routed)          0.255     2.078    u_tick_gen/tick
    SLICE_X50Y46         LUT2 (Prop_lut2_I0_O)        0.047     2.125 r  u_tick_gen/r_tick_counter[9]_i_1/O
                         net (fo=1, routed)           0.000     2.125    u_tick_gen/r_tick_counter_0[9]
    SLICE_X50Y46         FDCE                                         r  u_tick_gen/r_tick_counter_reg[9]/D
  -------------------------------------------------------------------    -------------------

                         (clock sys_clk_pin rise edge)
                                                      0.000     0.000 r  
    W5                                                0.000     0.000 r  clk (IN)
                         net (fo=0)                   0.000     0.000    clk
    W5                   IBUF (Prop_ibuf_I_O)         0.414     0.414 r  clk_IBUF_inst/O
                         net (fo=1, routed)           0.685     1.099    clk_IBUF
    BUFGCTRL_X0Y1        BUFG (Prop_bufg_I_O)         0.029     1.128 r  clk_IBUF_BUFG_inst/O
                         net (fo=18, routed)          0.837     1.964    u_tick_gen/CLK
    SLICE_X50Y46         FDCE                                         r  u_tick_gen/r_tick_counter_reg[9]/C
                         clock pessimism             -0.499     1.465    
    SLICE_X50Y46         FDCE (Hold_fdce_C_D)         0.131     1.596    u_tick_gen/r_tick_counter_reg[9]
  -------------------------------------------------------------------
                         required time                         -1.596    
                         arrival time                           2.125    
  -------------------------------------------------------------------
                         slack                                  0.528    

Slack (MET) :             0.530ns  (arrival time - required time)
  Source:                 u_tick_gen/r_tick_counter_reg[4]/C
                            (rising edge-triggered cell FDCE clocked by sys_clk_pin  {rise@0.000ns fall@5.000ns period=10.000ns})
  Destination:            u_tick_gen/r_tick_counter_reg[7]/D
                            (rising edge-triggered cell FDCE clocked by sys_clk_pin  {rise@0.000ns fall@5.000ns period=10.000ns})
  Path Group:             sys_clk_pin
  Path Type:              Hold (Min at Fast Process Corner)
  Requirement:            0.000ns  (sys_clk_pin rise@0.000ns - sys_clk_pin rise@0.000ns)
  Data Path Delay:        0.677ns  (logic 0.292ns (43.103%)  route 0.385ns (56.897%))
  Logic Levels:           2  (LUT2=1 LUT6=1)
  Clock Path Skew:        0.016ns (DCD - SCD - CPR)
    Destination Clock Delay (DCD):    1.964ns
    Source Clock Delay      (SCD):    1.449ns
    Clock Pessimism Removal (CPR):    0.499ns

    Location             Delay type                Incr(ns)  Path(ns)    Netlist Resource(s)
  -------------------------------------------------------------------    -------------------
                         (clock sys_clk_pin rise edge)
                                                      0.000     0.000 r  
    W5                                                0.000     0.000 r  clk (IN)
                         net (fo=0)                   0.000     0.000    clk
    W5                   IBUF (Prop_ibuf_I_O)         0.226     0.226 r  clk_IBUF_inst/O
                         net (fo=1, routed)           0.631     0.858    clk_IBUF
    BUFGCTRL_X0Y1        BUFG (Prop_bufg_I_O)         0.026     0.884 r  clk_IBUF_BUFG_inst/O
                         net (fo=18, routed)          0.566     1.449    u_tick_gen/CLK
    SLICE_X50Y44         FDCE                                         r  u_tick_gen/r_tick_counter_reg[4]/C
  -------------------------------------------------------------------    -------------------
    SLICE_X50Y44         FDCE (Prop_fdce_C_Q)         0.148     1.597 f  u_tick_gen/r_tick_counter_reg[4]/Q
                         net (fo=2, routed)           0.126     1.723    u_tick_gen/r_tick_counter[4]
    SLICE_X50Y45         LUT6 (Prop_lut6_I0_O)        0.099     1.822 f  u_tick_gen/r_tick_counter[16]_i_2/O
                         net (fo=17, routed)          0.259     2.082    u_tick_gen/tick
    SLICE_X50Y45         LUT2 (Prop_lut2_I0_O)        0.045     2.127 r  u_tick_gen/r_tick_counter[7]_i_1/O
                         net (fo=1, routed)           0.000     2.127    u_tick_gen/r_tick_counter_0[7]
    SLICE_X50Y45         FDCE                                         r  u_tick_gen/r_tick_counter_reg[7]/D
  -------------------------------------------------------------------    -------------------

                         (clock sys_clk_pin rise edge)
                                                      0.000     0.000 r  
    W5                                                0.000     0.000 r  clk (IN)
                         net (fo=0)                   0.000     0.000    clk
    W5                   IBUF (Prop_ibuf_I_O)         0.414     0.414 r  clk_IBUF_inst/O
                         net (fo=1, routed)           0.685     1.099    clk_IBUF
    BUFGCTRL_X0Y1        BUFG (Prop_bufg_I_O)         0.029     1.128 r  clk_IBUF_BUFG_inst/O
                         net (fo=18, routed)          0.837     1.964    u_tick_gen/CLK
    SLICE_X50Y45         FDCE                                         r  u_tick_gen/r_tick_counter_reg[7]/C
                         clock pessimism             -0.499     1.465    
    SLICE_X50Y45         FDCE (Hold_fdce_C_D)         0.131     1.596    u_tick_gen/r_tick_counter_reg[7]
  -------------------------------------------------------------------
                         required time                         -1.596    
                         arrival time                           2.127    
  -------------------------------------------------------------------
                         slack                                  0.530    

Slack (MET) :             0.538ns  (arrival time - required time)
  Source:                 u_tick_gen/r_tick_counter_reg[4]/C
                            (rising edge-triggered cell FDCE clocked by sys_clk_pin  {rise@0.000ns fall@5.000ns period=10.000ns})
  Destination:            u_tick_gen/r_tick_counter_reg[10]/D
                            (rising edge-triggered cell FDCE clocked by sys_clk_pin  {rise@0.000ns fall@5.000ns period=10.000ns})
  Path Group:             sys_clk_pin
  Path Type:              Hold (Min at Fast Process Corner)
  Requirement:            0.000ns  (sys_clk_pin rise@0.000ns - sys_clk_pin rise@0.000ns)
  Data Path Delay:        0.674ns  (logic 0.292ns (43.295%)  route 0.382ns (56.705%))
  Logic Levels:           2  (LUT2=1 LUT6=1)
  Clock Path Skew:        0.016ns (DCD - SCD - CPR)
    Destination Clock Delay (DCD):    1.964ns
    Source Clock Delay      (SCD):    1.449ns
    Clock Pessimism Removal (CPR):    0.499ns

    Location             Delay type                Incr(ns)  Path(ns)    Netlist Resource(s)
  -------------------------------------------------------------------    -------------------
                         (clock sys_clk_pin rise edge)
                                                      0.000     0.000 r  
    W5                                                0.000     0.000 r  clk (IN)
                         net (fo=0)                   0.000     0.000    clk
    W5                   IBUF (Prop_ibuf_I_O)         0.226     0.226 r  clk_IBUF_inst/O
                         net (fo=1, routed)           0.631     0.858    clk_IBUF
    BUFGCTRL_X0Y1        BUFG (Prop_bufg_I_O)         0.026     0.884 r  clk_IBUF_BUFG_inst/O
                         net (fo=18, routed)          0.566     1.449    u_tick_gen/CLK
    SLICE_X50Y44         FDCE                                         r  u_tick_gen/r_tick_counter_reg[4]/C
  -------------------------------------------------------------------    -------------------
    SLICE_X50Y44         FDCE (Prop_fdce_C_Q)         0.148     1.597 f  u_tick_gen/r_tick_counter_reg[4]/Q
                         net (fo=2, routed)           0.126     1.723    u_tick_gen/r_tick_counter[4]
    SLICE_X50Y45         LUT6 (Prop_lut6_I0_O)        0.099     1.822 f  u_tick_gen/r_tick_counter[16]_i_2/O
                         net (fo=17, routed)          0.256     2.079    u_tick_gen/tick
    SLICE_X50Y46         LUT2 (Prop_lut2_I0_O)        0.045     2.124 r  u_tick_gen/r_tick_counter[10]_i_1/O
                         net (fo=1, routed)           0.000     2.124    u_tick_gen/r_tick_counter_0[10]
    SLICE_X50Y46         FDCE                                         r  u_tick_gen/r_tick_counter_reg[10]/D
  -------------------------------------------------------------------    -------------------

                         (clock sys_clk_pin rise edge)
                                                      0.000     0.000 r  
    W5                                                0.000     0.000 r  clk (IN)
                         net (fo=0)                   0.000     0.000    clk
    W5                   IBUF (Prop_ibuf_I_O)         0.414     0.414 r  clk_IBUF_inst/O
                         net (fo=1, routed)           0.685     1.099    clk_IBUF
    BUFGCTRL_X0Y1        BUFG (Prop_bufg_I_O)         0.029     1.128 r  clk_IBUF_BUFG_inst/O
                         net (fo=18, routed)          0.837     1.964    u_tick_gen/CLK
    SLICE_X50Y46         FDCE                                         r  u_tick_gen/r_tick_counter_reg[10]/C
                         clock pessimism             -0.499     1.465    
    SLICE_X50Y46         FDCE (Hold_fdce_C_D)         0.120     1.585    u_tick_gen/r_tick_counter_reg[10]
  -------------------------------------------------------------------
                         required time                         -1.585    
                         arrival time                           2.124    
  -------------------------------------------------------------------
                         slack                                  0.538    

Slack (MET) :             0.540ns  (arrival time - required time)
  Source:                 u_tick_gen/r_tick_counter_reg[4]/C
                            (rising edge-triggered cell FDCE clocked by sys_clk_pin  {rise@0.000ns fall@5.000ns period=10.000ns})
  Destination:            u_tick_gen/r_tick_counter_reg[5]/D
                            (rising edge-triggered cell FDCE clocked by sys_clk_pin  {rise@0.000ns fall@5.000ns period=10.000ns})
  Path Group:             sys_clk_pin
  Path Type:              Hold (Min at Fast Process Corner)
  Requirement:            0.000ns  (sys_clk_pin rise@0.000ns - sys_clk_pin rise@0.000ns)
  Data Path Delay:        0.677ns  (logic 0.292ns (43.103%)  route 0.385ns (56.897%))
  Logic Levels:           2  (LUT2=1 LUT6=1)
  Clock Path Skew:        0.016ns (DCD - SCD - CPR)
    Destination Clock Delay (DCD):    1.964ns
    Source Clock Delay      (SCD):    1.449ns
    Clock Pessimism Removal (CPR):    0.499ns

    Location             Delay type                Incr(ns)  Path(ns)    Netlist Resource(s)
  -------------------------------------------------------------------    -------------------
                         (clock sys_clk_pin rise edge)
                                                      0.000     0.000 r  
    W5                                                0.000     0.000 r  clk (IN)
                         net (fo=0)                   0.000     0.000    clk
    W5                   IBUF (Prop_ibuf_I_O)         0.226     0.226 r  clk_IBUF_inst/O
                         net (fo=1, routed)           0.631     0.858    clk_IBUF
    BUFGCTRL_X0Y1        BUFG (Prop_bufg_I_O)         0.026     0.884 r  clk_IBUF_BUFG_inst/O
                         net (fo=18, routed)          0.566     1.449    u_tick_gen/CLK
    SLICE_X50Y44         FDCE                                         r  u_tick_gen/r_tick_counter_reg[4]/C
  -------------------------------------------------------------------    -------------------
    SLICE_X50Y44         FDCE (Prop_fdce_C_Q)         0.148     1.597 f  u_tick_gen/r_tick_counter_reg[4]/Q
                         net (fo=2, routed)           0.126     1.723    u_tick_gen/r_tick_counter[4]
    SLICE_X50Y45         LUT6 (Prop_lut6_I0_O)        0.099     1.822 f  u_tick_gen/r_tick_counter[16]_i_2/O
                         net (fo=17, routed)          0.259     2.082    u_tick_gen/tick
    SLICE_X50Y45         LUT2 (Prop_lut2_I0_O)        0.045     2.127 r  u_tick_gen/r_tick_counter[5]_i_1/O
                         net (fo=1, routed)           0.000     2.127    u_tick_gen/r_tick_counter_0[5]
    SLICE_X50Y45         FDCE                                         r  u_tick_gen/r_tick_counter_reg[5]/D
  -------------------------------------------------------------------    -------------------

                         (clock sys_clk_pin rise edge)
                                                      0.000     0.000 r  
    W5                                                0.000     0.000 r  clk (IN)
                         net (fo=0)                   0.000     0.000    clk
    W5                   IBUF (Prop_ibuf_I_O)         0.414     0.414 r  clk_IBUF_inst/O
                         net (fo=1, routed)           0.685     1.099    clk_IBUF
    BUFGCTRL_X0Y1        BUFG (Prop_bufg_I_O)         0.029     1.128 r  clk_IBUF_BUFG_inst/O
                         net (fo=18, routed)          0.837     1.964    u_tick_gen/CLK
    SLICE_X50Y45         FDCE                                         r  u_tick_gen/r_tick_counter_reg[5]/C
                         clock pessimism             -0.499     1.465    
    SLICE_X50Y45         FDCE (Hold_fdce_C_D)         0.121     1.586    u_tick_gen/r_tick_counter_reg[5]
  -------------------------------------------------------------------
                         required time                         -1.586    
                         arrival time                           2.127    
  -------------------------------------------------------------------
                         slack                                  0.540    





Pulse Width Checks
--------------------------------------------------------------------------------------
Clock Name:         sys_clk_pin
Waveform(ns):       { 0.000 5.000 }
Period(ns):         10.000
Sources:            { clk }

Check Type        Corner  Lib Pin  Reference Pin  Required(ns)  Actual(ns)  Slack(ns)  Location       Pin
Min Period        n/a     BUFG/I   n/a            2.155         10.000      7.845      BUFGCTRL_X0Y1  clk_IBUF_BUFG_inst/I
Min Period        n/a     FDCE/C   n/a            1.000         10.000      9.000      SLICE_X51Y45   u_tick_gen/r_tick_counter_reg[0]/C
Min Period        n/a     FDCE/C   n/a            1.000         10.000      9.000      SLICE_X50Y46   u_tick_gen/r_tick_counter_reg[10]/C
Min Period        n/a     FDCE/C   n/a            1.000         10.000      9.000      SLICE_X50Y46   u_tick_gen/r_tick_counter_reg[11]/C
Min Period        n/a     FDCE/C   n/a            1.000         10.000      9.000      SLICE_X50Y46   u_tick_gen/r_tick_counter_reg[12]/C
Min Period        n/a     FDCE/C   n/a            1.000         10.000      9.000      SLICE_X50Y47   u_tick_gen/r_tick_counter_reg[13]/C
Min Period        n/a     FDCE/C   n/a            1.000         10.000      9.000      SLICE_X50Y47   u_tick_gen/r_tick_counter_reg[14]/C
Min Period        n/a     FDCE/C   n/a            1.000         10.000      9.000      SLICE_X50Y47   u_tick_gen/r_tick_counter_reg[15]/C
Min Period        n/a     FDCE/C   n/a            1.000         10.000      9.000      SLICE_X50Y47   u_tick_gen/r_tick_counter_reg[16]/C
Min Period        n/a     FDCE/C   n/a            1.000         10.000      9.000      SLICE_X50Y44   u_tick_gen/r_tick_counter_reg[1]/C
Low Pulse Width   Slow    FDCE/C   n/a            0.500         5.000       4.500      SLICE_X51Y45   u_tick_gen/r_tick_counter_reg[0]/C
Low Pulse Width   Fast    FDCE/C   n/a            0.500         5.000       4.500      SLICE_X51Y45   u_tick_gen/r_tick_counter_reg[0]/C
Low Pulse Width   Slow    FDCE/C   n/a            0.500         5.000       4.500      SLICE_X50Y46   u_tick_gen/r_tick_counter_reg[10]/C
Low Pulse Width   Fast    FDCE/C   n/a            0.500         5.000       4.500      SLICE_X50Y46   u_tick_gen/r_tick_counter_reg[10]/C
Low Pulse Width   Slow    FDCE/C   n/a            0.500         5.000       4.500      SLICE_X50Y46   u_tick_gen/r_tick_counter_reg[11]/C
Low Pulse Width   Fast    FDCE/C   n/a            0.500         5.000       4.500      SLICE_X50Y46   u_tick_gen/r_tick_counter_reg[11]/C
Low Pulse Width   Slow    FDCE/C   n/a            0.500         5.000       4.500      SLICE_X50Y46   u_tick_gen/r_tick_counter_reg[12]/C
Low Pulse Width   Fast    FDCE/C   n/a            0.500         5.000       4.500      SLICE_X50Y46   u_tick_gen/r_tick_counter_reg[12]/C
Low Pulse Width   Slow    FDCE/C   n/a            0.500         5.000       4.500      SLICE_X50Y47   u_tick_gen/r_tick_counter_reg[13]/C
Low Pulse Width   Fast    FDCE/C   n/a            0.500         5.000       4.500      SLICE_X50Y47   u_tick_gen/r_tick_counter_reg[13]/C
High Pulse Width  Slow    FDCE/C   n/a            0.500         5.000       4.500      SLICE_X51Y45   u_tick_gen/r_tick_counter_reg[0]/C
High Pulse Width  Fast    FDCE/C   n/a            0.500         5.000       4.500      SLICE_X51Y45   u_tick_gen/r_tick_counter_reg[0]/C
High Pulse Width  Slow    FDCE/C   n/a            0.500         5.000       4.500      SLICE_X50Y46   u_tick_gen/r_tick_counter_reg[10]/C
High Pulse Width  Fast    FDCE/C   n/a            0.500         5.000       4.500      SLICE_X50Y46   u_tick_gen/r_tick_counter_reg[10]/C
High Pulse Width  Slow    FDCE/C   n/a            0.500         5.000       4.500      SLICE_X50Y46   u_tick_gen/r_tick_counter_reg[11]/C
High Pulse Width  Fast    FDCE/C   n/a            0.500         5.000       4.500      SLICE_X50Y46   u_tick_gen/r_tick_counter_reg[11]/C
High Pulse Width  Slow    FDCE/C   n/a            0.500         5.000       4.500      SLICE_X50Y46   u_tick_gen/r_tick_counter_reg[12]/C
High Pulse Width  Fast    FDCE/C   n/a            0.500         5.000       4.500      SLICE_X50Y46   u_tick_gen/r_tick_counter_reg[12]/C
High Pulse Width  Slow    FDCE/C   n/a            0.500         5.000       4.500      SLICE_X50Y47   u_tick_gen/r_tick_counter_reg[13]/C
High Pulse Width  Fast    FDCE/C   n/a            0.500         5.000       4.500      SLICE_X50Y47   u_tick_gen/r_tick_counter_reg[13]/C



