Copyright 1986-2021 Xilinx, Inc. All Rights Reserved.
--------------------------------------------------------------------------------------------------------------------------------------------------------------------------------------------------------------------
| Tool Version : Vivado v.2021.1 (win64) Build 3247384 Thu Jun 10 19:36:33 MDT 2021
| Date         : Thu Feb 26 16:11:58 2026
| Host         : DESKTOP-PQ1PAHT running 64-bit major release  (build 9200)
| Command      : report_timing_summary -max_paths 10 -file top_pwm_dcmotor_timing_summary_routed.rpt -pb top_pwm_dcmotor_timing_summary_routed.pb -rpx top_pwm_dcmotor_timing_summary_routed.rpx -warn_on_violation
| Design       : top_pwm_dcmotor
| Device       : 7a35t-cpg236
| Speed File   : -1  PRODUCTION 1.23 2018-06-13
--------------------------------------------------------------------------------------------------------------------------------------------------------------------------------------------------------------------

Timing Summary Report

------------------------------------------------------------------------------------------------
| Timer Settings
| --------------
------------------------------------------------------------------------------------------------

  Enable Multi Corner Analysis               :  Yes
  Enable Pessimism Removal                   :  Yes
  Pessimism Removal Resolution               :  Nearest Common Node
  Enable Input Delay Default Clock           :  No
  Enable Preset / Clear Arcs                 :  No
  Disable Flight Delays                      :  No
  Ignore I/O Paths                           :  No
  Timing Early Launch at Borrowing Latches   :  No
  Borrow Time for Max Delay Exceptions       :  Yes
  Merge Timing Exceptions                    :  Yes

  Corner  Analyze    Analyze    
  Name    Max Paths  Min Paths  
  ------  ---------  ---------  
  Slow    Yes        Yes        
  Fast    Yes        Yes        


------------------------------------------------------------------------------------------------
| Report Methodology
| ------------------
------------------------------------------------------------------------------------------------

Rule       Severity  Description                    Violations  
---------  --------  -----------------------------  ----------  
TIMING-18  Warning   Missing input or output delay  17          

Note: This report is based on the most recent report_methodology run and may not be up-to-date. Run report_methodology on the current design for the latest report.



check_timing report

Table of Contents
-----------------
1. checking no_clock (0)
2. checking constant_clock (0)
3. checking pulse_width_clock (0)
4. checking unconstrained_internal_endpoints (0)
5. checking no_input_delay (3)
6. checking no_output_delay (13)
7. checking multiple_clock (0)
8. checking generated_clocks (0)
9. checking loops (0)
10. checking partial_input_delay (0)
11. checking partial_output_delay (0)
12. checking latch_loops (0)

1. checking no_clock (0)
------------------------
 There are 0 register/latch pins with no clock.


2. checking constant_clock (0)
------------------------------
 There are 0 register/latch pins with constant_clock.


3. checking pulse_width_clock (0)
---------------------------------
 There are 0 register/latch pins which need pulse_width check


4. checking unconstrained_internal_endpoints (0)
------------------------------------------------
 There are 0 pins that are not constrained for maximum delay.

 There are 0 pins that are not constrained for maximum delay due to constant clock.


5. checking no_input_delay (3)
------------------------------
 There are 3 input ports with no input delay specified. (HIGH)

 There are 0 input ports with no input delay but user has a false path constraint.


6. checking no_output_delay (13)
--------------------------------
 There are 13 ports with no output delay specified. (HIGH)

 There are 0 ports with no output delay but user has a false path constraint

 There are 0 ports with no output delay but with a timing clock defined on it or propagating through it


7. checking multiple_clock (0)
------------------------------
 There are 0 register/latch pins with multiple clocks.


8. checking generated_clocks (0)
--------------------------------
 There are 0 generated clocks that are not connected to a clock source.


9. checking loops (0)
---------------------
 There are 0 combinational loops in the design.


10. checking partial_input_delay (0)
------------------------------------
 There are 0 input ports with partial input delay specified.


11. checking partial_output_delay (0)
-------------------------------------
 There are 0 ports with partial output delay specified.


12. checking latch_loops (0)
----------------------------
 There are 0 combinational latch loops in the design through latch input



------------------------------------------------------------------------------------------------
| Design Timing Summary
| ---------------------
------------------------------------------------------------------------------------------------

    WNS(ns)      TNS(ns)  TNS Failing Endpoints  TNS Total Endpoints      WHS(ns)      THS(ns)  THS Failing Endpoints  THS Total Endpoints     WPWS(ns)     TPWS(ns)  TPWS Failing Endpoints  TPWS Total Endpoints  
    -------      -------  ---------------------  -------------------      -------      -------  ---------------------  -------------------     --------     --------  ----------------------  --------------------  
      5.862        0.000                      0                  104        0.246        0.000                      0                  104        4.500        0.000                       0                   101  


All user specified timing constraints are met.


------------------------------------------------------------------------------------------------
| Clock Summary
| -------------
------------------------------------------------------------------------------------------------

Clock        Waveform(ns)       Period(ns)      Frequency(MHz)
-----        ------------       ----------      --------------
sys_clk_pin  {0.000 5.000}      10.000          100.000         


------------------------------------------------------------------------------------------------
| Intra Clock Table
| -----------------
------------------------------------------------------------------------------------------------

Clock             WNS(ns)      TNS(ns)  TNS Failing Endpoints  TNS Total Endpoints      WHS(ns)      THS(ns)  THS Failing Endpoints  THS Total Endpoints     WPWS(ns)     TPWS(ns)  TPWS Failing Endpoints  TPWS Total Endpoints  
-----             -------      -------  ---------------------  -------------------      -------      -------  ---------------------  -------------------     --------     --------  ----------------------  --------------------  
sys_clk_pin         5.862        0.000                      0                  104        0.246        0.000                      0                  104        4.500        0.000                       0                   101  


------------------------------------------------------------------------------------------------
| Inter Clock Table
| -----------------
------------------------------------------------------------------------------------------------

From Clock    To Clock          WNS(ns)      TNS(ns)  TNS Failing Endpoints  TNS Total Endpoints      WHS(ns)      THS(ns)  THS Failing Endpoints  THS Total Endpoints  
----------    --------          -------      -------  ---------------------  -------------------      -------      -------  ---------------------  -------------------  


------------------------------------------------------------------------------------------------
| Other Path Groups Table
| -----------------------
------------------------------------------------------------------------------------------------

Path Group    From Clock    To Clock          WNS(ns)      TNS(ns)  TNS Failing Endpoints  TNS Total Endpoints      WHS(ns)      THS(ns)  THS Failing Endpoints  THS Total Endpoints  
----------    ----------    --------          -------      -------  ---------------------  -------------------      -------      -------  ---------------------  -------------------  


------------------------------------------------------------------------------------------------
| Timing Details
| --------------
------------------------------------------------------------------------------------------------


---------------------------------------------------------------------------------------------------
From Clock:  sys_clk_pin
  To Clock:  sys_clk_pin

Setup :            0  Failing Endpoints,  Worst Slack        5.862ns,  Total Violation        0.000ns
Hold  :            0  Failing Endpoints,  Worst Slack        0.246ns,  Total Violation        0.000ns
PW    :            0  Failing Endpoints,  Worst Slack        4.500ns,  Total Violation        0.000ns
---------------------------------------------------------------------------------------------------


Max Delay Paths
--------------------------------------------------------------------------------------
Slack (MET) :             5.862ns  (required time - arrival time)
  Source:                 u_fnd_control/r_1s_counter_reg[12]/C
                            (rising edge-triggered cell FDCE clocked by sys_clk_pin  {rise@0.000ns fall@5.000ns period=10.000ns})
  Destination:            u_fnd_control/r_1s_counter_reg[21]/D
                            (rising edge-triggered cell FDCE clocked by sys_clk_pin  {rise@0.000ns fall@5.000ns period=10.000ns})
  Path Group:             sys_clk_pin
  Path Type:              Setup (Max at Slow Process Corner)
  Requirement:            10.000ns  (sys_clk_pin rise@10.000ns - sys_clk_pin rise@0.000ns)
  Data Path Delay:        4.115ns  (logic 0.966ns (23.477%)  route 3.149ns (76.523%))
  Logic Levels:           3  (LUT4=2 LUT5=1)
  Clock Path Skew:        -0.017ns (DCD - SCD + CPR)
    Destination Clock Delay (DCD):    4.847ns = ( 14.847 - 10.000 ) 
    Source Clock Delay      (SCD):    5.138ns
    Clock Pessimism Removal (CPR):    0.274ns
  Clock Uncertainty:      0.035ns  ((TSJ^2 + TIJ^2)^1/2 + DJ) / 2 + PE
    Total System Jitter     (TSJ):    0.071ns
    Total Input Jitter      (TIJ):    0.000ns
    Discrete Jitter          (DJ):    0.000ns
    Phase Error              (PE):    0.000ns

    Location             Delay type                Incr(ns)  Path(ns)    Netlist Resource(s)
  -------------------------------------------------------------------    -------------------
                         (clock sys_clk_pin rise edge)
                                                      0.000     0.000 r  
    W5                                                0.000     0.000 r  clk (IN)
                         net (fo=0)                   0.000     0.000    clk
    W5                   IBUF (Prop_ibuf_I_O)         1.458     1.458 r  clk_IBUF_inst/O
                         net (fo=1, routed)           1.967     3.425    clk_IBUF
    BUFGCTRL_X0Y0        BUFG (Prop_bufg_I_O)         0.096     3.521 r  clk_IBUF_BUFG_inst/O
                         net (fo=100, routed)         1.617     5.138    u_fnd_control/clk_IBUF_BUFG
    SLICE_X61Y25         FDCE                                         r  u_fnd_control/r_1s_counter_reg[12]/C
  -------------------------------------------------------------------    -------------------
    SLICE_X61Y25         FDCE (Prop_fdce_C_Q)         0.419     5.557 r  u_fnd_control/r_1s_counter_reg[12]/Q
                         net (fo=2, routed)           0.875     6.432    u_fnd_control/r_1s_counter[12]
    SLICE_X61Y25         LUT4 (Prop_lut4_I2_O)        0.299     6.731 r  u_fnd_control/r_1s_counter[26]_i_7/O
                         net (fo=1, routed)           0.668     7.400    u_fnd_control/r_1s_counter[26]_i_7_n_0
    SLICE_X61Y24         LUT5 (Prop_lut5_I4_O)        0.124     7.524 r  u_fnd_control/r_1s_counter[26]_i_3/O
                         net (fo=27, routed)          1.605     9.129    u_fnd_control/r_1s_counter[26]_i_3_n_0
    SLICE_X61Y28         LUT4 (Prop_lut4_I1_O)        0.124     9.253 r  u_fnd_control/r_1s_counter[21]_i_1/O
                         net (fo=1, routed)           0.000     9.253    u_fnd_control/r_1s_counter_0[21]
    SLICE_X61Y28         FDCE                                         r  u_fnd_control/r_1s_counter_reg[21]/D
  -------------------------------------------------------------------    -------------------

                         (clock sys_clk_pin rise edge)
                                                     10.000    10.000 r  
    W5                                                0.000    10.000 r  clk (IN)
                         net (fo=0)                   0.000    10.000    clk
    W5                   IBUF (Prop_ibuf_I_O)         1.388    11.388 r  clk_IBUF_inst/O
                         net (fo=1, routed)           1.862    13.250    clk_IBUF
    BUFGCTRL_X0Y0        BUFG (Prop_bufg_I_O)         0.091    13.341 r  clk_IBUF_BUFG_inst/O
                         net (fo=100, routed)         1.506    14.847    u_fnd_control/clk_IBUF_BUFG
    SLICE_X61Y28         FDCE                                         r  u_fnd_control/r_1s_counter_reg[21]/C
                         clock pessimism              0.274    15.121    
                         clock uncertainty           -0.035    15.086    
    SLICE_X61Y28         FDCE (Setup_fdce_C_D)        0.029    15.115    u_fnd_control/r_1s_counter_reg[21]
  -------------------------------------------------------------------
                         required time                         15.115    
                         arrival time                          -9.253    
  -------------------------------------------------------------------
                         slack                                  5.862    

Slack (MET) :             5.868ns  (required time - arrival time)
  Source:                 u_fnd_control/r_1s_counter_reg[4]/C
                            (rising edge-triggered cell FDCE clocked by sys_clk_pin  {rise@0.000ns fall@5.000ns period=10.000ns})
  Destination:            u_fnd_control/r_1s_counter_reg[2]/D
                            (rising edge-triggered cell FDCE clocked by sys_clk_pin  {rise@0.000ns fall@5.000ns period=10.000ns})
  Path Group:             sys_clk_pin
  Path Type:              Setup (Max at Slow Process Corner)
  Requirement:            10.000ns  (sys_clk_pin rise@10.000ns - sys_clk_pin rise@0.000ns)
  Data Path Delay:        4.128ns  (logic 0.963ns (23.330%)  route 3.165ns (76.670%))
  Logic Levels:           3  (LUT4=2 LUT5=1)
  Clock Path Skew:        0.000ns (DCD - SCD + CPR)
    Destination Clock Delay (DCD):    4.844ns = ( 14.844 - 10.000 ) 
    Source Clock Delay      (SCD):    5.140ns
    Clock Pessimism Removal (CPR):    0.296ns
  Clock Uncertainty:      0.035ns  ((TSJ^2 + TIJ^2)^1/2 + DJ) / 2 + PE
    Total System Jitter     (TSJ):    0.071ns
    Total Input Jitter      (TIJ):    0.000ns
    Discrete Jitter          (DJ):    0.000ns
    Phase Error              (PE):    0.000ns

    Location             Delay type                Incr(ns)  Path(ns)    Netlist Resource(s)
  -------------------------------------------------------------------    -------------------
                         (clock sys_clk_pin rise edge)
                                                      0.000     0.000 r  
    W5                                                0.000     0.000 r  clk (IN)
                         net (fo=0)                   0.000     0.000    clk
    W5                   IBUF (Prop_ibuf_I_O)         1.458     1.458 r  clk_IBUF_inst/O
                         net (fo=1, routed)           1.967     3.425    clk_IBUF
    BUFGCTRL_X0Y0        BUFG (Prop_bufg_I_O)         0.096     3.521 r  clk_IBUF_BUFG_inst/O
                         net (fo=100, routed)         1.619     5.140    u_fnd_control/clk_IBUF_BUFG
    SLICE_X61Y23         FDCE                                         r  u_fnd_control/r_1s_counter_reg[4]/C
  -------------------------------------------------------------------    -------------------
    SLICE_X61Y23         FDCE (Prop_fdce_C_Q)         0.419     5.559 f  u_fnd_control/r_1s_counter_reg[4]/Q
                         net (fo=2, routed)           0.821     6.380    u_fnd_control/r_1s_counter[4]
    SLICE_X61Y24         LUT4 (Prop_lut4_I2_O)        0.296     6.676 r  u_fnd_control/r_1s_counter[26]_i_6/O
                         net (fo=1, routed)           0.816     7.492    u_fnd_control/r_1s_counter[26]_i_6_n_0
    SLICE_X61Y28         LUT5 (Prop_lut5_I4_O)        0.124     7.616 r  u_fnd_control/r_1s_counter[26]_i_2/O
                         net (fo=27, routed)          1.528     9.144    u_fnd_control/r_1s_counter[26]_i_2_n_0
    SLICE_X61Y23         LUT4 (Prop_lut4_I0_O)        0.124     9.268 r  u_fnd_control/r_1s_counter[2]_i_1/O
                         net (fo=1, routed)           0.000     9.268    u_fnd_control/r_1s_counter_0[2]
    SLICE_X61Y23         FDCE                                         r  u_fnd_control/r_1s_counter_reg[2]/D
  -------------------------------------------------------------------    -------------------

                         (clock sys_clk_pin rise edge)
                                                     10.000    10.000 r  
    W5                                                0.000    10.000 r  clk (IN)
                         net (fo=0)                   0.000    10.000    clk
    W5                   IBUF (Prop_ibuf_I_O)         1.388    11.388 r  clk_IBUF_inst/O
                         net (fo=1, routed)           1.862    13.250    clk_IBUF
    BUFGCTRL_X0Y0        BUFG (Prop_bufg_I_O)         0.091    13.341 r  clk_IBUF_BUFG_inst/O
                         net (fo=100, routed)         1.503    14.844    u_fnd_control/clk_IBUF_BUFG
    SLICE_X61Y23         FDCE                                         r  u_fnd_control/r_1s_counter_reg[2]/C
                         clock pessimism              0.296    15.140    
                         clock uncertainty           -0.035    15.105    
    SLICE_X61Y23         FDCE (Setup_fdce_C_D)        0.031    15.136    u_fnd_control/r_1s_counter_reg[2]
  -------------------------------------------------------------------
                         required time                         15.136    
                         arrival time                          -9.268    
  -------------------------------------------------------------------
                         slack                                  5.868    

Slack (MET) :             5.880ns  (required time - arrival time)
  Source:                 u_fnd_control/r_1s_counter_reg[12]/C
                            (rising edge-triggered cell FDCE clocked by sys_clk_pin  {rise@0.000ns fall@5.000ns period=10.000ns})
  Destination:            u_fnd_control/r_1s_counter_reg[23]/D
                            (rising edge-triggered cell FDCE clocked by sys_clk_pin  {rise@0.000ns fall@5.000ns period=10.000ns})
  Path Group:             sys_clk_pin
  Path Type:              Setup (Max at Slow Process Corner)
  Requirement:            10.000ns  (sys_clk_pin rise@10.000ns - sys_clk_pin rise@0.000ns)
  Data Path Delay:        4.143ns  (logic 0.994ns (23.994%)  route 3.149ns (76.006%))
  Logic Levels:           3  (LUT4=2 LUT5=1)
  Clock Path Skew:        -0.017ns (DCD - SCD + CPR)
    Destination Clock Delay (DCD):    4.847ns = ( 14.847 - 10.000 ) 
    Source Clock Delay      (SCD):    5.138ns
    Clock Pessimism Removal (CPR):    0.274ns
  Clock Uncertainty:      0.035ns  ((TSJ^2 + TIJ^2)^1/2 + DJ) / 2 + PE
    Total System Jitter     (TSJ):    0.071ns
    Total Input Jitter      (TIJ):    0.000ns
    Discrete Jitter          (DJ):    0.000ns
    Phase Error              (PE):    0.000ns

    Location             Delay type                Incr(ns)  Path(ns)    Netlist Resource(s)
  -------------------------------------------------------------------    -------------------
                         (clock sys_clk_pin rise edge)
                                                      0.000     0.000 r  
    W5                                                0.000     0.000 r  clk (IN)
                         net (fo=0)                   0.000     0.000    clk
    W5                   IBUF (Prop_ibuf_I_O)         1.458     1.458 r  clk_IBUF_inst/O
                         net (fo=1, routed)           1.967     3.425    clk_IBUF
    BUFGCTRL_X0Y0        BUFG (Prop_bufg_I_O)         0.096     3.521 r  clk_IBUF_BUFG_inst/O
                         net (fo=100, routed)         1.617     5.138    u_fnd_control/clk_IBUF_BUFG
    SLICE_X61Y25         FDCE                                         r  u_fnd_control/r_1s_counter_reg[12]/C
  -------------------------------------------------------------------    -------------------
    SLICE_X61Y25         FDCE (Prop_fdce_C_Q)         0.419     5.557 r  u_fnd_control/r_1s_counter_reg[12]/Q
                         net (fo=2, routed)           0.875     6.432    u_fnd_control/r_1s_counter[12]
    SLICE_X61Y25         LUT4 (Prop_lut4_I2_O)        0.299     6.731 r  u_fnd_control/r_1s_counter[26]_i_7/O
                         net (fo=1, routed)           0.668     7.400    u_fnd_control/r_1s_counter[26]_i_7_n_0
    SLICE_X61Y24         LUT5 (Prop_lut5_I4_O)        0.124     7.524 r  u_fnd_control/r_1s_counter[26]_i_3/O
                         net (fo=27, routed)          1.605     9.129    u_fnd_control/r_1s_counter[26]_i_3_n_0
    SLICE_X61Y28         LUT4 (Prop_lut4_I1_O)        0.152     9.281 r  u_fnd_control/r_1s_counter[23]_i_1/O
                         net (fo=1, routed)           0.000     9.281    u_fnd_control/r_1s_counter_0[23]
    SLICE_X61Y28         FDCE                                         r  u_fnd_control/r_1s_counter_reg[23]/D
  -------------------------------------------------------------------    -------------------

                         (clock sys_clk_pin rise edge)
                                                     10.000    10.000 r  
    W5                                                0.000    10.000 r  clk (IN)
                         net (fo=0)                   0.000    10.000    clk
    W5                   IBUF (Prop_ibuf_I_O)         1.388    11.388 r  clk_IBUF_inst/O
                         net (fo=1, routed)           1.862    13.250    clk_IBUF
    BUFGCTRL_X0Y0        BUFG (Prop_bufg_I_O)         0.091    13.341 r  clk_IBUF_BUFG_inst/O
                         net (fo=100, routed)         1.506    14.847    u_fnd_control/clk_IBUF_BUFG
    SLICE_X61Y28         FDCE                                         r  u_fnd_control/r_1s_counter_reg[23]/C
                         clock pessimism              0.274    15.121    
                         clock uncertainty           -0.035    15.086    
    SLICE_X61Y28         FDCE (Setup_fdce_C_D)        0.075    15.161    u_fnd_control/r_1s_counter_reg[23]
  -------------------------------------------------------------------
                         required time                         15.161    
                         arrival time                          -9.281    
  -------------------------------------------------------------------
                         slack                                  5.880    

Slack (MET) :             5.884ns  (required time - arrival time)
  Source:                 u_fnd_control/r_1s_counter_reg[4]/C
                            (rising edge-triggered cell FDCE clocked by sys_clk_pin  {rise@0.000ns fall@5.000ns period=10.000ns})
  Destination:            u_fnd_control/r_1s_counter_reg[4]/D
                            (rising edge-triggered cell FDCE clocked by sys_clk_pin  {rise@0.000ns fall@5.000ns period=10.000ns})
  Path Group:             sys_clk_pin
  Path Type:              Setup (Max at Slow Process Corner)
  Requirement:            10.000ns  (sys_clk_pin rise@10.000ns - sys_clk_pin rise@0.000ns)
  Data Path Delay:        4.156ns  (logic 0.991ns (23.847%)  route 3.165ns (76.153%))
  Logic Levels:           3  (LUT4=2 LUT5=1)
  Clock Path Skew:        0.000ns (DCD - SCD + CPR)
    Destination Clock Delay (DCD):    4.844ns = ( 14.844 - 10.000 ) 
    Source Clock Delay      (SCD):    5.140ns
    Clock Pessimism Removal (CPR):    0.296ns
  Clock Uncertainty:      0.035ns  ((TSJ^2 + TIJ^2)^1/2 + DJ) / 2 + PE
    Total System Jitter     (TSJ):    0.071ns
    Total Input Jitter      (TIJ):    0.000ns
    Discrete Jitter          (DJ):    0.000ns
    Phase Error              (PE):    0.000ns

    Location             Delay type                Incr(ns)  Path(ns)    Netlist Resource(s)
  -------------------------------------------------------------------    -------------------
                         (clock sys_clk_pin rise edge)
                                                      0.000     0.000 r  
    W5                                                0.000     0.000 r  clk (IN)
                         net (fo=0)                   0.000     0.000    clk
    W5                   IBUF (Prop_ibuf_I_O)         1.458     1.458 r  clk_IBUF_inst/O
                         net (fo=1, routed)           1.967     3.425    clk_IBUF
    BUFGCTRL_X0Y0        BUFG (Prop_bufg_I_O)         0.096     3.521 r  clk_IBUF_BUFG_inst/O
                         net (fo=100, routed)         1.619     5.140    u_fnd_control/clk_IBUF_BUFG
    SLICE_X61Y23         FDCE                                         r  u_fnd_control/r_1s_counter_reg[4]/C
  -------------------------------------------------------------------    -------------------
    SLICE_X61Y23         FDCE (Prop_fdce_C_Q)         0.419     5.559 f  u_fnd_control/r_1s_counter_reg[4]/Q
                         net (fo=2, routed)           0.821     6.380    u_fnd_control/r_1s_counter[4]
    SLICE_X61Y24         LUT4 (Prop_lut4_I2_O)        0.296     6.676 r  u_fnd_control/r_1s_counter[26]_i_6/O
                         net (fo=1, routed)           0.816     7.492    u_fnd_control/r_1s_counter[26]_i_6_n_0
    SLICE_X61Y28         LUT5 (Prop_lut5_I4_O)        0.124     7.616 r  u_fnd_control/r_1s_counter[26]_i_2/O
                         net (fo=27, routed)          1.528     9.144    u_fnd_control/r_1s_counter[26]_i_2_n_0
    SLICE_X61Y23         LUT4 (Prop_lut4_I0_O)        0.152     9.296 r  u_fnd_control/r_1s_counter[4]_i_1/O
                         net (fo=1, routed)           0.000     9.296    u_fnd_control/r_1s_counter_0[4]
    SLICE_X61Y23         FDCE                                         r  u_fnd_control/r_1s_counter_reg[4]/D
  -------------------------------------------------------------------    -------------------

                         (clock sys_clk_pin rise edge)
                                                     10.000    10.000 r  
    W5                                                0.000    10.000 r  clk (IN)
                         net (fo=0)                   0.000    10.000    clk
    W5                   IBUF (Prop_ibuf_I_O)         1.388    11.388 r  clk_IBUF_inst/O
                         net (fo=1, routed)           1.862    13.250    clk_IBUF
    BUFGCTRL_X0Y0        BUFG (Prop_bufg_I_O)         0.091    13.341 r  clk_IBUF_BUFG_inst/O
                         net (fo=100, routed)         1.503    14.844    u_fnd_control/clk_IBUF_BUFG
    SLICE_X61Y23         FDCE                                         r  u_fnd_control/r_1s_counter_reg[4]/C
                         clock pessimism              0.296    15.140    
                         clock uncertainty           -0.035    15.105    
    SLICE_X61Y23         FDCE (Setup_fdce_C_D)        0.075    15.180    u_fnd_control/r_1s_counter_reg[4]
  -------------------------------------------------------------------
                         required time                         15.180    
                         arrival time                          -9.296    
  -------------------------------------------------------------------
                         slack                                  5.884    

Slack (MET) :             5.891ns  (required time - arrival time)
  Source:                 u_fnd_control/r_1s_counter_reg[12]/C
                            (rising edge-triggered cell FDCE clocked by sys_clk_pin  {rise@0.000ns fall@5.000ns period=10.000ns})
  Destination:            u_fnd_control/r_1s_counter_reg[11]/D
                            (rising edge-triggered cell FDCE clocked by sys_clk_pin  {rise@0.000ns fall@5.000ns period=10.000ns})
  Path Group:             sys_clk_pin
  Path Type:              Setup (Max at Slow Process Corner)
  Requirement:            10.000ns  (sys_clk_pin rise@10.000ns - sys_clk_pin rise@0.000ns)
  Data Path Delay:        4.104ns  (logic 0.966ns (23.536%)  route 3.138ns (76.464%))
  Logic Levels:           3  (LUT4=2 LUT5=1)
  Clock Path Skew:        0.000ns (DCD - SCD + CPR)
    Destination Clock Delay (DCD):    4.842ns = ( 14.842 - 10.000 ) 
    Source Clock Delay      (SCD):    5.138ns
    Clock Pessimism Removal (CPR):    0.296ns
  Clock Uncertainty:      0.035ns  ((TSJ^2 + TIJ^2)^1/2 + DJ) / 2 + PE
    Total System Jitter     (TSJ):    0.071ns
    Total Input Jitter      (TIJ):    0.000ns
    Discrete Jitter          (DJ):    0.000ns
    Phase Error              (PE):    0.000ns

    Location             Delay type                Incr(ns)  Path(ns)    Netlist Resource(s)
  -------------------------------------------------------------------    -------------------
                         (clock sys_clk_pin rise edge)
                                                      0.000     0.000 r  
    W5                                                0.000     0.000 r  clk (IN)
                         net (fo=0)                   0.000     0.000    clk
    W5                   IBUF (Prop_ibuf_I_O)         1.458     1.458 r  clk_IBUF_inst/O
                         net (fo=1, routed)           1.967     3.425    clk_IBUF
    BUFGCTRL_X0Y0        BUFG (Prop_bufg_I_O)         0.096     3.521 r  clk_IBUF_BUFG_inst/O
                         net (fo=100, routed)         1.617     5.138    u_fnd_control/clk_IBUF_BUFG
    SLICE_X61Y25         FDCE                                         r  u_fnd_control/r_1s_counter_reg[12]/C
  -------------------------------------------------------------------    -------------------
    SLICE_X61Y25         FDCE (Prop_fdce_C_Q)         0.419     5.557 r  u_fnd_control/r_1s_counter_reg[12]/Q
                         net (fo=2, routed)           0.875     6.432    u_fnd_control/r_1s_counter[12]
    SLICE_X61Y25         LUT4 (Prop_lut4_I2_O)        0.299     6.731 r  u_fnd_control/r_1s_counter[26]_i_7/O
                         net (fo=1, routed)           0.668     7.400    u_fnd_control/r_1s_counter[26]_i_7_n_0
    SLICE_X61Y24         LUT5 (Prop_lut5_I4_O)        0.124     7.524 r  u_fnd_control/r_1s_counter[26]_i_3/O
                         net (fo=27, routed)          1.595     9.119    u_fnd_control/r_1s_counter[26]_i_3_n_0
    SLICE_X61Y25         LUT4 (Prop_lut4_I1_O)        0.124     9.243 r  u_fnd_control/r_1s_counter[11]_i_1/O
                         net (fo=1, routed)           0.000     9.243    u_fnd_control/r_1s_counter_0[11]
    SLICE_X61Y25         FDCE                                         r  u_fnd_control/r_1s_counter_reg[11]/D
  -------------------------------------------------------------------    -------------------

                         (clock sys_clk_pin rise edge)
                                                     10.000    10.000 r  
    W5                                                0.000    10.000 r  clk (IN)
                         net (fo=0)                   0.000    10.000    clk
    W5                   IBUF (Prop_ibuf_I_O)         1.388    11.388 r  clk_IBUF_inst/O
                         net (fo=1, routed)           1.862    13.250    clk_IBUF
    BUFGCTRL_X0Y0        BUFG (Prop_bufg_I_O)         0.091    13.341 r  clk_IBUF_BUFG_inst/O
                         net (fo=100, routed)         1.501    14.842    u_fnd_control/clk_IBUF_BUFG
    SLICE_X61Y25         FDCE                                         r  u_fnd_control/r_1s_counter_reg[11]/C
                         clock pessimism              0.296    15.138    
                         clock uncertainty           -0.035    15.103    
    SLICE_X61Y25         FDCE (Setup_fdce_C_D)        0.031    15.134    u_fnd_control/r_1s_counter_reg[11]
  -------------------------------------------------------------------
                         required time                         15.134    
                         arrival time                          -9.243    
  -------------------------------------------------------------------
                         slack                                  5.891    

Slack (MET) :             5.907ns  (required time - arrival time)
  Source:                 u_fnd_control/r_1s_counter_reg[12]/C
                            (rising edge-triggered cell FDCE clocked by sys_clk_pin  {rise@0.000ns fall@5.000ns period=10.000ns})
  Destination:            u_fnd_control/r_1s_counter_reg[9]/D
                            (rising edge-triggered cell FDCE clocked by sys_clk_pin  {rise@0.000ns fall@5.000ns period=10.000ns})
  Path Group:             sys_clk_pin
  Path Type:              Setup (Max at Slow Process Corner)
  Requirement:            10.000ns  (sys_clk_pin rise@10.000ns - sys_clk_pin rise@0.000ns)
  Data Path Delay:        4.132ns  (logic 0.994ns (24.054%)  route 3.138ns (75.946%))
  Logic Levels:           3  (LUT4=2 LUT5=1)
  Clock Path Skew:        0.000ns (DCD - SCD + CPR)
    Destination Clock Delay (DCD):    4.842ns = ( 14.842 - 10.000 ) 
    Source Clock Delay      (SCD):    5.138ns
    Clock Pessimism Removal (CPR):    0.296ns
  Clock Uncertainty:      0.035ns  ((TSJ^2 + TIJ^2)^1/2 + DJ) / 2 + PE
    Total System Jitter     (TSJ):    0.071ns
    Total Input Jitter      (TIJ):    0.000ns
    Discrete Jitter          (DJ):    0.000ns
    Phase Error              (PE):    0.000ns

    Location             Delay type                Incr(ns)  Path(ns)    Netlist Resource(s)
  -------------------------------------------------------------------    -------------------
                         (clock sys_clk_pin rise edge)
                                                      0.000     0.000 r  
    W5                                                0.000     0.000 r  clk (IN)
                         net (fo=0)                   0.000     0.000    clk
    W5                   IBUF (Prop_ibuf_I_O)         1.458     1.458 r  clk_IBUF_inst/O
                         net (fo=1, routed)           1.967     3.425    clk_IBUF
    BUFGCTRL_X0Y0        BUFG (Prop_bufg_I_O)         0.096     3.521 r  clk_IBUF_BUFG_inst/O
                         net (fo=100, routed)         1.617     5.138    u_fnd_control/clk_IBUF_BUFG
    SLICE_X61Y25         FDCE                                         r  u_fnd_control/r_1s_counter_reg[12]/C
  -------------------------------------------------------------------    -------------------
    SLICE_X61Y25         FDCE (Prop_fdce_C_Q)         0.419     5.557 r  u_fnd_control/r_1s_counter_reg[12]/Q
                         net (fo=2, routed)           0.875     6.432    u_fnd_control/r_1s_counter[12]
    SLICE_X61Y25         LUT4 (Prop_lut4_I2_O)        0.299     6.731 r  u_fnd_control/r_1s_counter[26]_i_7/O
                         net (fo=1, routed)           0.668     7.400    u_fnd_control/r_1s_counter[26]_i_7_n_0
    SLICE_X61Y24         LUT5 (Prop_lut5_I4_O)        0.124     7.524 r  u_fnd_control/r_1s_counter[26]_i_3/O
                         net (fo=27, routed)          1.595     9.119    u_fnd_control/r_1s_counter[26]_i_3_n_0
    SLICE_X61Y25         LUT4 (Prop_lut4_I1_O)        0.152     9.271 r  u_fnd_control/r_1s_counter[9]_i_1/O
                         net (fo=1, routed)           0.000     9.271    u_fnd_control/r_1s_counter_0[9]
    SLICE_X61Y25         FDCE                                         r  u_fnd_control/r_1s_counter_reg[9]/D
  -------------------------------------------------------------------    -------------------

                         (clock sys_clk_pin rise edge)
                                                     10.000    10.000 r  
    W5                                                0.000    10.000 r  clk (IN)
                         net (fo=0)                   0.000    10.000    clk
    W5                   IBUF (Prop_ibuf_I_O)         1.388    11.388 r  clk_IBUF_inst/O
                         net (fo=1, routed)           1.862    13.250    clk_IBUF
    BUFGCTRL_X0Y0        BUFG (Prop_bufg_I_O)         0.091    13.341 r  clk_IBUF_BUFG_inst/O
                         net (fo=100, routed)         1.501    14.842    u_fnd_control/clk_IBUF_BUFG
    SLICE_X61Y25         FDCE                                         r  u_fnd_control/r_1s_counter_reg[9]/C
                         clock pessimism              0.296    15.138    
                         clock uncertainty           -0.035    15.103    
    SLICE_X61Y25         FDCE (Setup_fdce_C_D)        0.075    15.178    u_fnd_control/r_1s_counter_reg[9]
  -------------------------------------------------------------------
                         required time                         15.178    
                         arrival time                          -9.271    
  -------------------------------------------------------------------
                         slack                                  5.907    

Slack (MET) :             5.953ns  (required time - arrival time)
  Source:                 u_fnd_control/r_1s_counter_reg[17]/C
                            (rising edge-triggered cell FDCE clocked by sys_clk_pin  {rise@0.000ns fall@5.000ns period=10.000ns})
  Destination:            u_fnd_control/r_1s_counter_reg[22]/D
                            (rising edge-triggered cell FDCE clocked by sys_clk_pin  {rise@0.000ns fall@5.000ns period=10.000ns})
  Path Group:             sys_clk_pin
  Path Type:              Setup (Max at Slow Process Corner)
  Requirement:            10.000ns  (sys_clk_pin rise@10.000ns - sys_clk_pin rise@0.000ns)
  Data Path Delay:        4.023ns  (logic 0.828ns (20.584%)  route 3.195ns (79.416%))
  Logic Levels:           3  (LUT4=2 LUT5=1)
  Clock Path Skew:        -0.020ns (DCD - SCD + CPR)
    Destination Clock Delay (DCD):    4.847ns = ( 14.847 - 10.000 ) 
    Source Clock Delay      (SCD):    5.141ns
    Clock Pessimism Removal (CPR):    0.274ns
  Clock Uncertainty:      0.035ns  ((TSJ^2 + TIJ^2)^1/2 + DJ) / 2 + PE
    Total System Jitter     (TSJ):    0.071ns
    Total Input Jitter      (TIJ):    0.000ns
    Discrete Jitter          (DJ):    0.000ns
    Phase Error              (PE):    0.000ns

    Location             Delay type                Incr(ns)  Path(ns)    Netlist Resource(s)
  -------------------------------------------------------------------    -------------------
                         (clock sys_clk_pin rise edge)
                                                      0.000     0.000 r  
    W5                                                0.000     0.000 r  clk (IN)
                         net (fo=0)                   0.000     0.000    clk
    W5                   IBUF (Prop_ibuf_I_O)         1.458     1.458 r  clk_IBUF_inst/O
                         net (fo=1, routed)           1.967     3.425    clk_IBUF
    BUFGCTRL_X0Y0        BUFG (Prop_bufg_I_O)         0.096     3.521 r  clk_IBUF_BUFG_inst/O
                         net (fo=100, routed)         1.620     5.141    u_fnd_control/clk_IBUF_BUFG
    SLICE_X61Y27         FDCE                                         r  u_fnd_control/r_1s_counter_reg[17]/C
  -------------------------------------------------------------------    -------------------
    SLICE_X61Y27         FDCE (Prop_fdce_C_Q)         0.456     5.597 r  u_fnd_control/r_1s_counter_reg[17]/Q
                         net (fo=2, routed)           0.859     6.456    u_fnd_control/r_1s_counter[17]
    SLICE_X61Y27         LUT4 (Prop_lut4_I1_O)        0.124     6.580 r  u_fnd_control/r_1s_counter[26]_i_8/O
                         net (fo=1, routed)           0.573     7.153    u_fnd_control/r_1s_counter[26]_i_8_n_0
    SLICE_X62Y26         LUT5 (Prop_lut5_I4_O)        0.124     7.277 r  u_fnd_control/r_1s_counter[26]_i_4/O
                         net (fo=27, routed)          1.763     9.040    u_fnd_control/r_1s_counter[26]_i_4_n_0
    SLICE_X61Y28         LUT4 (Prop_lut4_I2_O)        0.124     9.164 r  u_fnd_control/r_1s_counter[22]_i_1/O
                         net (fo=1, routed)           0.000     9.164    u_fnd_control/r_1s_counter_0[22]
    SLICE_X61Y28         FDCE                                         r  u_fnd_control/r_1s_counter_reg[22]/D
  -------------------------------------------------------------------    -------------------

                         (clock sys_clk_pin rise edge)
                                                     10.000    10.000 r  
    W5                                                0.000    10.000 r  clk (IN)
                         net (fo=0)                   0.000    10.000    clk
    W5                   IBUF (Prop_ibuf_I_O)         1.388    11.388 r  clk_IBUF_inst/O
                         net (fo=1, routed)           1.862    13.250    clk_IBUF
    BUFGCTRL_X0Y0        BUFG (Prop_bufg_I_O)         0.091    13.341 r  clk_IBUF_BUFG_inst/O
                         net (fo=100, routed)         1.506    14.847    u_fnd_control/clk_IBUF_BUFG
    SLICE_X61Y28         FDCE                                         r  u_fnd_control/r_1s_counter_reg[22]/C
                         clock pessimism              0.274    15.121    
                         clock uncertainty           -0.035    15.086    
    SLICE_X61Y28         FDCE (Setup_fdce_C_D)        0.031    15.117    u_fnd_control/r_1s_counter_reg[22]
  -------------------------------------------------------------------
                         required time                         15.117    
                         arrival time                          -9.164    
  -------------------------------------------------------------------
                         slack                                  5.953    

Slack (MET) :             5.969ns  (required time - arrival time)
  Source:                 u_fnd_control/r_1s_counter_reg[17]/C
                            (rising edge-triggered cell FDCE clocked by sys_clk_pin  {rise@0.000ns fall@5.000ns period=10.000ns})
  Destination:            u_fnd_control/r_1s_counter_reg[24]/D
                            (rising edge-triggered cell FDCE clocked by sys_clk_pin  {rise@0.000ns fall@5.000ns period=10.000ns})
  Path Group:             sys_clk_pin
  Path Type:              Setup (Max at Slow Process Corner)
  Requirement:            10.000ns  (sys_clk_pin rise@10.000ns - sys_clk_pin rise@0.000ns)
  Data Path Delay:        4.051ns  (logic 0.856ns (21.133%)  route 3.195ns (78.867%))
  Logic Levels:           3  (LUT4=2 LUT5=1)
  Clock Path Skew:        -0.020ns (DCD - SCD + CPR)
    Destination Clock Delay (DCD):    4.847ns = ( 14.847 - 10.000 ) 
    Source Clock Delay      (SCD):    5.141ns
    Clock Pessimism Removal (CPR):    0.274ns
  Clock Uncertainty:      0.035ns  ((TSJ^2 + TIJ^2)^1/2 + DJ) / 2 + PE
    Total System Jitter     (TSJ):    0.071ns
    Total Input Jitter      (TIJ):    0.000ns
    Discrete Jitter          (DJ):    0.000ns
    Phase Error              (PE):    0.000ns

    Location             Delay type                Incr(ns)  Path(ns)    Netlist Resource(s)
  -------------------------------------------------------------------    -------------------
                         (clock sys_clk_pin rise edge)
                                                      0.000     0.000 r  
    W5                                                0.000     0.000 r  clk (IN)
                         net (fo=0)                   0.000     0.000    clk
    W5                   IBUF (Prop_ibuf_I_O)         1.458     1.458 r  clk_IBUF_inst/O
                         net (fo=1, routed)           1.967     3.425    clk_IBUF
    BUFGCTRL_X0Y0        BUFG (Prop_bufg_I_O)         0.096     3.521 r  clk_IBUF_BUFG_inst/O
                         net (fo=100, routed)         1.620     5.141    u_fnd_control/clk_IBUF_BUFG
    SLICE_X61Y27         FDCE                                         r  u_fnd_control/r_1s_counter_reg[17]/C
  -------------------------------------------------------------------    -------------------
    SLICE_X61Y27         FDCE (Prop_fdce_C_Q)         0.456     5.597 r  u_fnd_control/r_1s_counter_reg[17]/Q
                         net (fo=2, routed)           0.859     6.456    u_fnd_control/r_1s_counter[17]
    SLICE_X61Y27         LUT4 (Prop_lut4_I1_O)        0.124     6.580 r  u_fnd_control/r_1s_counter[26]_i_8/O
                         net (fo=1, routed)           0.573     7.153    u_fnd_control/r_1s_counter[26]_i_8_n_0
    SLICE_X62Y26         LUT5 (Prop_lut5_I4_O)        0.124     7.277 r  u_fnd_control/r_1s_counter[26]_i_4/O
                         net (fo=27, routed)          1.763     9.040    u_fnd_control/r_1s_counter[26]_i_4_n_0
    SLICE_X61Y28         LUT4 (Prop_lut4_I2_O)        0.152     9.192 r  u_fnd_control/r_1s_counter[24]_i_1/O
                         net (fo=1, routed)           0.000     9.192    u_fnd_control/r_1s_counter_0[24]
    SLICE_X61Y28         FDCE                                         r  u_fnd_control/r_1s_counter_reg[24]/D
  -------------------------------------------------------------------    -------------------

                         (clock sys_clk_pin rise edge)
                                                     10.000    10.000 r  
    W5                                                0.000    10.000 r  clk (IN)
                         net (fo=0)                   0.000    10.000    clk
    W5                   IBUF (Prop_ibuf_I_O)         1.388    11.388 r  clk_IBUF_inst/O
                         net (fo=1, routed)           1.862    13.250    clk_IBUF
    BUFGCTRL_X0Y0        BUFG (Prop_bufg_I_O)         0.091    13.341 r  clk_IBUF_BUFG_inst/O
                         net (fo=100, routed)         1.506    14.847    u_fnd_control/clk_IBUF_BUFG
    SLICE_X61Y28         FDCE                                         r  u_fnd_control/r_1s_counter_reg[24]/C
                         clock pessimism              0.274    15.121    
                         clock uncertainty           -0.035    15.086    
    SLICE_X61Y28         FDCE (Setup_fdce_C_D)        0.075    15.161    u_fnd_control/r_1s_counter_reg[24]
  -------------------------------------------------------------------
                         required time                         15.161    
                         arrival time                          -9.192    
  -------------------------------------------------------------------
                         slack                                  5.969    

Slack (MET) :             5.984ns  (required time - arrival time)
  Source:                 u_fnd_control/r_1s_counter_reg[4]/C
                            (rising edge-triggered cell FDCE clocked by sys_clk_pin  {rise@0.000ns fall@5.000ns period=10.000ns})
  Destination:            u_fnd_control/r_1s_counter_reg[6]/D
                            (rising edge-triggered cell FDCE clocked by sys_clk_pin  {rise@0.000ns fall@5.000ns period=10.000ns})
  Path Group:             sys_clk_pin
  Path Type:              Setup (Max at Slow Process Corner)
  Requirement:            10.000ns  (sys_clk_pin rise@10.000ns - sys_clk_pin rise@0.000ns)
  Data Path Delay:        3.988ns  (logic 0.963ns (24.149%)  route 3.025ns (75.851%))
  Logic Levels:           3  (LUT4=2 LUT5=1)
  Clock Path Skew:        -0.024ns (DCD - SCD + CPR)
    Destination Clock Delay (DCD):    4.842ns = ( 14.842 - 10.000 ) 
    Source Clock Delay      (SCD):    5.140ns
    Clock Pessimism Removal (CPR):    0.274ns
  Clock Uncertainty:      0.035ns  ((TSJ^2 + TIJ^2)^1/2 + DJ) / 2 + PE
    Total System Jitter     (TSJ):    0.071ns
    Total Input Jitter      (TIJ):    0.000ns
    Discrete Jitter          (DJ):    0.000ns
    Phase Error              (PE):    0.000ns

    Location             Delay type                Incr(ns)  Path(ns)    Netlist Resource(s)
  -------------------------------------------------------------------    -------------------
                         (clock sys_clk_pin rise edge)
                                                      0.000     0.000 r  
    W5                                                0.000     0.000 r  clk (IN)
                         net (fo=0)                   0.000     0.000    clk
    W5                   IBUF (Prop_ibuf_I_O)         1.458     1.458 r  clk_IBUF_inst/O
                         net (fo=1, routed)           1.967     3.425    clk_IBUF
    BUFGCTRL_X0Y0        BUFG (Prop_bufg_I_O)         0.096     3.521 r  clk_IBUF_BUFG_inst/O
                         net (fo=100, routed)         1.619     5.140    u_fnd_control/clk_IBUF_BUFG
    SLICE_X61Y23         FDCE                                         r  u_fnd_control/r_1s_counter_reg[4]/C
  -------------------------------------------------------------------    -------------------
    SLICE_X61Y23         FDCE (Prop_fdce_C_Q)         0.419     5.559 f  u_fnd_control/r_1s_counter_reg[4]/Q
                         net (fo=2, routed)           0.821     6.380    u_fnd_control/r_1s_counter[4]
    SLICE_X61Y24         LUT4 (Prop_lut4_I2_O)        0.296     6.676 r  u_fnd_control/r_1s_counter[26]_i_6/O
                         net (fo=1, routed)           0.816     7.492    u_fnd_control/r_1s_counter[26]_i_6_n_0
    SLICE_X61Y28         LUT5 (Prop_lut5_I4_O)        0.124     7.616 r  u_fnd_control/r_1s_counter[26]_i_2/O
                         net (fo=27, routed)          1.388     9.004    u_fnd_control/r_1s_counter[26]_i_2_n_0
    SLICE_X61Y24         LUT4 (Prop_lut4_I0_O)        0.124     9.128 r  u_fnd_control/r_1s_counter[6]_i_1/O
                         net (fo=1, routed)           0.000     9.128    u_fnd_control/r_1s_counter_0[6]
    SLICE_X61Y24         FDCE                                         r  u_fnd_control/r_1s_counter_reg[6]/D
  -------------------------------------------------------------------    -------------------

                         (clock sys_clk_pin rise edge)
                                                     10.000    10.000 r  
    W5                                                0.000    10.000 r  clk (IN)
                         net (fo=0)                   0.000    10.000    clk
    W5                   IBUF (Prop_ibuf_I_O)         1.388    11.388 r  clk_IBUF_inst/O
                         net (fo=1, routed)           1.862    13.250    clk_IBUF
    BUFGCTRL_X0Y0        BUFG (Prop_bufg_I_O)         0.091    13.341 r  clk_IBUF_BUFG_inst/O
                         net (fo=100, routed)         1.501    14.842    u_fnd_control/clk_IBUF_BUFG
    SLICE_X61Y24         FDCE                                         r  u_fnd_control/r_1s_counter_reg[6]/C
                         clock pessimism              0.274    15.116    
                         clock uncertainty           -0.035    15.081    
    SLICE_X61Y24         FDCE (Setup_fdce_C_D)        0.031    15.112    u_fnd_control/r_1s_counter_reg[6]
  -------------------------------------------------------------------
                         required time                         15.112    
                         arrival time                          -9.128    
  -------------------------------------------------------------------
                         slack                                  5.984    

Slack (MET) :             5.998ns  (required time - arrival time)
  Source:                 u_fnd_control/r_1s_counter_reg[4]/C
                            (rising edge-triggered cell FDCE clocked by sys_clk_pin  {rise@0.000ns fall@5.000ns period=10.000ns})
  Destination:            u_fnd_control/r_1s_counter_reg[26]/D
                            (rising edge-triggered cell FDCE clocked by sys_clk_pin  {rise@0.000ns fall@5.000ns period=10.000ns})
  Path Group:             sys_clk_pin
  Path Type:              Setup (Max at Slow Process Corner)
  Requirement:            10.000ns  (sys_clk_pin rise@10.000ns - sys_clk_pin rise@0.000ns)
  Data Path Delay:        4.010ns  (logic 2.333ns (58.178%)  route 1.677ns (41.822%))
  Logic Levels:           8  (CARRY4=7 LUT4=1)
  Clock Path Skew:        -0.032ns (DCD - SCD + CPR)
    Destination Clock Delay (DCD):    4.848ns = ( 14.848 - 10.000 ) 
    Source Clock Delay      (SCD):    5.140ns
    Clock Pessimism Removal (CPR):    0.260ns
  Clock Uncertainty:      0.035ns  ((TSJ^2 + TIJ^2)^1/2 + DJ) / 2 + PE
    Total System Jitter     (TSJ):    0.071ns
    Total Input Jitter      (TIJ):    0.000ns
    Discrete Jitter          (DJ):    0.000ns
    Phase Error              (PE):    0.000ns

    Location             Delay type                Incr(ns)  Path(ns)    Netlist Resource(s)
  -------------------------------------------------------------------    -------------------
                         (clock sys_clk_pin rise edge)
                                                      0.000     0.000 r  
    W5                                                0.000     0.000 r  clk (IN)
                         net (fo=0)                   0.000     0.000    clk
    W5                   IBUF (Prop_ibuf_I_O)         1.458     1.458 r  clk_IBUF_inst/O
                         net (fo=1, routed)           1.967     3.425    clk_IBUF
    BUFGCTRL_X0Y0        BUFG (Prop_bufg_I_O)         0.096     3.521 r  clk_IBUF_BUFG_inst/O
                         net (fo=100, routed)         1.619     5.140    u_fnd_control/clk_IBUF_BUFG
    SLICE_X61Y23         FDCE                                         r  u_fnd_control/r_1s_counter_reg[4]/C
  -------------------------------------------------------------------    -------------------
    SLICE_X61Y23         FDCE (Prop_fdce_C_Q)         0.419     5.559 r  u_fnd_control/r_1s_counter_reg[4]/Q
                         net (fo=2, routed)           0.828     6.387    u_fnd_control/r_1s_counter[4]
    SLICE_X60Y23         CARRY4 (Prop_carry4_S[3]_CO[3])
                                                      0.672     7.059 r  u_fnd_control/r_1s_counter0_carry/CO[3]
                         net (fo=1, routed)           0.000     7.059    u_fnd_control/r_1s_counter0_carry_n_0
    SLICE_X60Y24         CARRY4 (Prop_carry4_CI_CO[3])
                                                      0.117     7.176 r  u_fnd_control/r_1s_counter0_carry__0/CO[3]
                         net (fo=1, routed)           0.009     7.185    u_fnd_control/r_1s_counter0_carry__0_n_0
    SLICE_X60Y25         CARRY4 (Prop_carry4_CI_CO[3])
                                                      0.117     7.302 r  u_fnd_control/r_1s_counter0_carry__1/CO[3]
                         net (fo=1, routed)           0.000     7.302    u_fnd_control/r_1s_counter0_carry__1_n_0
    SLICE_X60Y26         CARRY4 (Prop_carry4_CI_CO[3])
                                                      0.117     7.419 r  u_fnd_control/r_1s_counter0_carry__2/CO[3]
                         net (fo=1, routed)           0.000     7.419    u_fnd_control/r_1s_counter0_carry__2_n_0
    SLICE_X60Y27         CARRY4 (Prop_carry4_CI_CO[3])
                                                      0.117     7.536 r  u_fnd_control/r_1s_counter0_carry__3/CO[3]
                         net (fo=1, routed)           0.000     7.536    u_fnd_control/r_1s_counter0_carry__3_n_0
    SLICE_X60Y28         CARRY4 (Prop_carry4_CI_CO[3])
                                                      0.117     7.653 r  u_fnd_control/r_1s_counter0_carry__4/CO[3]
                         net (fo=1, routed)           0.000     7.653    u_fnd_control/r_1s_counter0_carry__4_n_0
    SLICE_X60Y29         CARRY4 (Prop_carry4_CI_O[1])
                                                      0.323     7.976 r  u_fnd_control/r_1s_counter0_carry__5/O[1]
                         net (fo=1, routed)           0.840     8.816    u_fnd_control/r_1s_counter0_carry__5_n_6
    SLICE_X62Y28         LUT4 (Prop_lut4_I3_O)        0.334     9.150 r  u_fnd_control/r_1s_counter[26]_i_1/O
                         net (fo=1, routed)           0.000     9.150    u_fnd_control/r_1s_counter_0[26]
    SLICE_X62Y28         FDCE                                         r  u_fnd_control/r_1s_counter_reg[26]/D
  -------------------------------------------------------------------    -------------------

                         (clock sys_clk_pin rise edge)
                                                     10.000    10.000 r  
    W5                                                0.000    10.000 r  clk (IN)
                         net (fo=0)                   0.000    10.000    clk
    W5                   IBUF (Prop_ibuf_I_O)         1.388    11.388 r  clk_IBUF_inst/O
                         net (fo=1, routed)           1.862    13.250    clk_IBUF
    BUFGCTRL_X0Y0        BUFG (Prop_bufg_I_O)         0.091    13.341 r  clk_IBUF_BUFG_inst/O
                         net (fo=100, routed)         1.507    14.848    u_fnd_control/clk_IBUF_BUFG
    SLICE_X62Y28         FDCE                                         r  u_fnd_control/r_1s_counter_reg[26]/C
                         clock pessimism              0.260    15.108    
                         clock uncertainty           -0.035    15.073    
    SLICE_X62Y28         FDCE (Setup_fdce_C_D)        0.075    15.148    u_fnd_control/r_1s_counter_reg[26]
  -------------------------------------------------------------------
                         required time                         15.148    
                         arrival time                          -9.150    
  -------------------------------------------------------------------
                         slack                                  5.998    





Min Delay Paths
--------------------------------------------------------------------------------------
Slack (MET) :             0.246ns  (arrival time - required time)
  Source:                 u_increase_duty_dtn/count_reg[15]/C
                            (rising edge-triggered cell FDCE clocked by sys_clk_pin  {rise@0.000ns fall@5.000ns period=10.000ns})
  Destination:            u_increase_duty_dtn/count_reg[14]/D
                            (rising edge-triggered cell FDCE clocked by sys_clk_pin  {rise@0.000ns fall@5.000ns period=10.000ns})
  Path Group:             sys_clk_pin
  Path Type:              Hold (Min at Fast Process Corner)
  Requirement:            0.000ns  (sys_clk_pin rise@0.000ns - sys_clk_pin rise@0.000ns)
  Data Path Delay:        0.351ns  (logic 0.186ns (53.028%)  route 0.165ns (46.972%))
  Logic Levels:           1  (LUT6=1)
  Clock Path Skew:        0.013ns (DCD - SCD - CPR)
    Destination Clock Delay (DCD):    1.978ns
    Source Clock Delay      (SCD):    1.467ns
    Clock Pessimism Removal (CPR):    0.498ns

    Location             Delay type                Incr(ns)  Path(ns)    Netlist Resource(s)
  -------------------------------------------------------------------    -------------------
                         (clock sys_clk_pin rise edge)
                                                      0.000     0.000 r  
    W5                                                0.000     0.000 r  clk (IN)
                         net (fo=0)                   0.000     0.000    clk
    W5                   IBUF (Prop_ibuf_I_O)         0.226     0.226 r  clk_IBUF_inst/O
                         net (fo=1, routed)           0.631     0.858    clk_IBUF
    BUFGCTRL_X0Y0        BUFG (Prop_bufg_I_O)         0.026     0.884 r  clk_IBUF_BUFG_inst/O
                         net (fo=100, routed)         0.584     1.467    u_increase_duty_dtn/clk_IBUF_BUFG
    SLICE_X61Y27         FDCE                                         r  u_increase_duty_dtn/count_reg[15]/C
  -------------------------------------------------------------------    -------------------
    SLICE_X61Y27         FDCE (Prop_fdce_C_Q)         0.141     1.608 f  u_increase_duty_dtn/count_reg[15]/Q
                         net (fo=22, routed)          0.165     1.773    u_increase_duty_dtn/count[15]
    SLICE_X59Y27         LUT6 (Prop_lut6_I1_O)        0.045     1.818 r  u_increase_duty_dtn/count[14]_i_1/O
                         net (fo=1, routed)           0.000     1.818    u_increase_duty_dtn/count[14]_i_1_n_0
    SLICE_X59Y27         FDCE                                         r  u_increase_duty_dtn/count_reg[14]/D
  -------------------------------------------------------------------    -------------------

                         (clock sys_clk_pin rise edge)
                                                      0.000     0.000 r  
    W5                                                0.000     0.000 r  clk (IN)
                         net (fo=0)                   0.000     0.000    clk
    W5                   IBUF (Prop_ibuf_I_O)         0.414     0.414 r  clk_IBUF_inst/O
                         net (fo=1, routed)           0.685     1.099    clk_IBUF
    BUFGCTRL_X0Y0        BUFG (Prop_bufg_I_O)         0.029     1.128 r  clk_IBUF_BUFG_inst/O
                         net (fo=100, routed)         0.851     1.978    u_increase_duty_dtn/clk_IBUF_BUFG
    SLICE_X59Y27         FDCE                                         r  u_increase_duty_dtn/count_reg[14]/C
                         clock pessimism             -0.498     1.480    
    SLICE_X59Y27         FDCE (Hold_fdce_C_D)         0.092     1.572    u_increase_duty_dtn/count_reg[14]
  -------------------------------------------------------------------
                         required time                         -1.572    
                         arrival time                           1.818    
  -------------------------------------------------------------------
                         slack                                  0.246    

Slack (MET) :             0.246ns  (arrival time - required time)
  Source:                 u_pwm_duty_control/r_prev_duty_inc_reg/C
                            (rising edge-triggered cell FDRE clocked by sys_clk_pin  {rise@0.000ns fall@5.000ns period=10.000ns})
  Destination:            u_pwm_duty_control/r_prev_duty_inc_reg/D
                            (rising edge-triggered cell FDRE clocked by sys_clk_pin  {rise@0.000ns fall@5.000ns period=10.000ns})
  Path Group:             sys_clk_pin
  Path Type:              Hold (Min at Fast Process Corner)
  Requirement:            0.000ns  (sys_clk_pin rise@0.000ns - sys_clk_pin rise@0.000ns)
  Data Path Delay:        0.351ns  (logic 0.183ns (52.101%)  route 0.168ns (47.899%))
  Logic Levels:           1  (LUT3=1)
  Clock Path Skew:        0.000ns (DCD - SCD - CPR)
    Destination Clock Delay (DCD):    1.976ns
    Source Clock Delay      (SCD):    1.465ns
    Clock Pessimism Removal (CPR):    0.511ns

    Location             Delay type                Incr(ns)  Path(ns)    Netlist Resource(s)
  -------------------------------------------------------------------    -------------------
                         (clock sys_clk_pin rise edge)
                                                      0.000     0.000 r  
    W5                                                0.000     0.000 r  clk (IN)
                         net (fo=0)                   0.000     0.000    clk
    W5                   IBUF (Prop_ibuf_I_O)         0.226     0.226 r  clk_IBUF_inst/O
                         net (fo=1, routed)           0.631     0.858    clk_IBUF
    BUFGCTRL_X0Y0        BUFG (Prop_bufg_I_O)         0.026     0.884 r  clk_IBUF_BUFG_inst/O
                         net (fo=100, routed)         0.582     1.465    u_pwm_duty_control/clk_IBUF_BUFG
    SLICE_X59Y23         FDRE                                         r  u_pwm_duty_control/r_prev_duty_inc_reg/C
  -------------------------------------------------------------------    -------------------
    SLICE_X59Y23         FDRE (Prop_fdre_C_Q)         0.141     1.606 r  u_pwm_duty_control/r_prev_duty_inc_reg/Q
                         net (fo=2, routed)           0.168     1.774    u_increase_duty_dtn/r_prev_duty_inc
    SLICE_X59Y23         LUT3 (Prop_lut3_I2_O)        0.042     1.816 r  u_increase_duty_dtn/r_prev_duty_inc_i_1/O
                         net (fo=1, routed)           0.000     1.816    u_pwm_duty_control/r_prev_duty_inc_reg_0
    SLICE_X59Y23         FDRE                                         r  u_pwm_duty_control/r_prev_duty_inc_reg/D
  -------------------------------------------------------------------    -------------------

                         (clock sys_clk_pin rise edge)
                                                      0.000     0.000 r  
    W5                                                0.000     0.000 r  clk (IN)
                         net (fo=0)                   0.000     0.000    clk
    W5                   IBUF (Prop_ibuf_I_O)         0.414     0.414 r  clk_IBUF_inst/O
                         net (fo=1, routed)           0.685     1.099    clk_IBUF
    BUFGCTRL_X0Y0        BUFG (Prop_bufg_I_O)         0.029     1.128 r  clk_IBUF_BUFG_inst/O
                         net (fo=100, routed)         0.849     1.976    u_pwm_duty_control/clk_IBUF_BUFG
    SLICE_X59Y23         FDRE                                         r  u_pwm_duty_control/r_prev_duty_inc_reg/C
                         clock pessimism             -0.511     1.465    
    SLICE_X59Y23         FDRE (Hold_fdre_C_D)         0.105     1.570    u_pwm_duty_control/r_prev_duty_inc_reg
  -------------------------------------------------------------------
                         required time                         -1.570    
                         arrival time                           1.816    
  -------------------------------------------------------------------
                         slack                                  0.246    

Slack (MET) :             0.246ns  (arrival time - required time)
  Source:                 u_decrease_duty_dtn/count_reg[14]/C
                            (rising edge-triggered cell FDCE clocked by sys_clk_pin  {rise@0.000ns fall@5.000ns period=10.000ns})
  Destination:            u_decrease_duty_dtn/count_reg[12]/D
                            (rising edge-triggered cell FDCE clocked by sys_clk_pin  {rise@0.000ns fall@5.000ns period=10.000ns})
  Path Group:             sys_clk_pin
  Path Type:              Hold (Min at Fast Process Corner)
  Requirement:            0.000ns  (sys_clk_pin rise@0.000ns - sys_clk_pin rise@0.000ns)
  Data Path Delay:        0.373ns  (logic 0.186ns (49.826%)  route 0.187ns (50.174%))
  Logic Levels:           1  (LUT6=1)
  Clock Path Skew:        0.035ns (DCD - SCD - CPR)
    Destination Clock Delay (DCD):    1.952ns
    Source Clock Delay      (SCD):    1.439ns
    Clock Pessimism Removal (CPR):    0.478ns

    Location             Delay type                Incr(ns)  Path(ns)    Netlist Resource(s)
  -------------------------------------------------------------------    -------------------
                         (clock sys_clk_pin rise edge)
                                                      0.000     0.000 r  
    W5                                                0.000     0.000 r  clk (IN)
                         net (fo=0)                   0.000     0.000    clk
    W5                   IBUF (Prop_ibuf_I_O)         0.226     0.226 r  clk_IBUF_inst/O
                         net (fo=1, routed)           0.631     0.858    clk_IBUF
    BUFGCTRL_X0Y0        BUFG (Prop_bufg_I_O)         0.026     0.884 r  clk_IBUF_BUFG_inst/O
                         net (fo=100, routed)         0.556     1.439    u_decrease_duty_dtn/clk_IBUF_BUFG
    SLICE_X55Y28         FDCE                                         r  u_decrease_duty_dtn/count_reg[14]/C
  -------------------------------------------------------------------    -------------------
    SLICE_X55Y28         FDCE (Prop_fdce_C_Q)         0.141     1.580 f  u_decrease_duty_dtn/count_reg[14]/Q
                         net (fo=22, routed)          0.187     1.767    u_decrease_duty_dtn/count_reg_n_0_[14]
    SLICE_X57Y28         LUT6 (Prop_lut6_I3_O)        0.045     1.812 r  u_decrease_duty_dtn/count[12]_i_1__0/O
                         net (fo=1, routed)           0.000     1.812    u_decrease_duty_dtn/count[12]_i_1__0_n_0
    SLICE_X57Y28         FDCE                                         r  u_decrease_duty_dtn/count_reg[12]/D
  -------------------------------------------------------------------    -------------------

                         (clock sys_clk_pin rise edge)
                                                      0.000     0.000 r  
    W5                                                0.000     0.000 r  clk (IN)
                         net (fo=0)                   0.000     0.000    clk
    W5                   IBUF (Prop_ibuf_I_O)         0.414     0.414 r  clk_IBUF_inst/O
                         net (fo=1, routed)           0.685     1.099    clk_IBUF
    BUFGCTRL_X0Y0        BUFG (Prop_bufg_I_O)         0.029     1.128 r  clk_IBUF_BUFG_inst/O
                         net (fo=100, routed)         0.825     1.952    u_decrease_duty_dtn/clk_IBUF_BUFG
    SLICE_X57Y28         FDCE                                         r  u_decrease_duty_dtn/count_reg[12]/C
                         clock pessimism             -0.478     1.474    
    SLICE_X57Y28         FDCE (Hold_fdce_C_D)         0.092     1.566    u_decrease_duty_dtn/count_reg[12]
  -------------------------------------------------------------------
                         required time                         -1.566    
                         arrival time                           1.812    
  -------------------------------------------------------------------
                         slack                                  0.246    

Slack (MET) :             0.248ns  (arrival time - required time)
  Source:                 u_decrease_duty_dtn/count_reg[14]/C
                            (rising edge-triggered cell FDCE clocked by sys_clk_pin  {rise@0.000ns fall@5.000ns period=10.000ns})
  Destination:            u_decrease_duty_dtn/count_reg[10]/D
                            (rising edge-triggered cell FDCE clocked by sys_clk_pin  {rise@0.000ns fall@5.000ns period=10.000ns})
  Path Group:             sys_clk_pin
  Path Type:              Hold (Min at Fast Process Corner)
  Requirement:            0.000ns  (sys_clk_pin rise@0.000ns - sys_clk_pin rise@0.000ns)
  Data Path Delay:        0.374ns  (logic 0.186ns (49.693%)  route 0.188ns (50.307%))
  Logic Levels:           1  (LUT6=1)
  Clock Path Skew:        0.035ns (DCD - SCD - CPR)
    Destination Clock Delay (DCD):    1.952ns
    Source Clock Delay      (SCD):    1.439ns
    Clock Pessimism Removal (CPR):    0.478ns

    Location             Delay type                Incr(ns)  Path(ns)    Netlist Resource(s)
  -------------------------------------------------------------------    -------------------
                         (clock sys_clk_pin rise edge)
                                                      0.000     0.000 r  
    W5                                                0.000     0.000 r  clk (IN)
                         net (fo=0)                   0.000     0.000    clk
    W5                   IBUF (Prop_ibuf_I_O)         0.226     0.226 r  clk_IBUF_inst/O
                         net (fo=1, routed)           0.631     0.858    clk_IBUF
    BUFGCTRL_X0Y0        BUFG (Prop_bufg_I_O)         0.026     0.884 r  clk_IBUF_BUFG_inst/O
                         net (fo=100, routed)         0.556     1.439    u_decrease_duty_dtn/clk_IBUF_BUFG
    SLICE_X55Y28         FDCE                                         r  u_decrease_duty_dtn/count_reg[14]/C
  -------------------------------------------------------------------    -------------------
    SLICE_X55Y28         FDCE (Prop_fdce_C_Q)         0.141     1.580 f  u_decrease_duty_dtn/count_reg[14]/Q
                         net (fo=22, routed)          0.188     1.768    u_decrease_duty_dtn/count_reg_n_0_[14]
    SLICE_X57Y28         LUT6 (Prop_lut6_I3_O)        0.045     1.813 r  u_decrease_duty_dtn/count[10]_i_1__0/O
                         net (fo=1, routed)           0.000     1.813    u_decrease_duty_dtn/count[10]_i_1__0_n_0
    SLICE_X57Y28         FDCE                                         r  u_decrease_duty_dtn/count_reg[10]/D
  -------------------------------------------------------------------    -------------------

                         (clock sys_clk_pin rise edge)
                                                      0.000     0.000 r  
    W5                                                0.000     0.000 r  clk (IN)
                         net (fo=0)                   0.000     0.000    clk
    W5                   IBUF (Prop_ibuf_I_O)         0.414     0.414 r  clk_IBUF_inst/O
                         net (fo=1, routed)           0.685     1.099    clk_IBUF
    BUFGCTRL_X0Y0        BUFG (Prop_bufg_I_O)         0.029     1.128 r  clk_IBUF_BUFG_inst/O
                         net (fo=100, routed)         0.825     1.952    u_decrease_duty_dtn/clk_IBUF_BUFG
    SLICE_X57Y28         FDCE                                         r  u_decrease_duty_dtn/count_reg[10]/C
                         clock pessimism             -0.478     1.474    
    SLICE_X57Y28         FDCE (Hold_fdce_C_D)         0.091     1.565    u_decrease_duty_dtn/count_reg[10]
  -------------------------------------------------------------------
                         required time                         -1.565    
                         arrival time                           1.813    
  -------------------------------------------------------------------
                         slack                                  0.248    

Slack (MET) :             0.249ns  (arrival time - required time)
  Source:                 u_increase_duty_dtn/count_reg[15]/C
                            (rising edge-triggered cell FDCE clocked by sys_clk_pin  {rise@0.000ns fall@5.000ns period=10.000ns})
  Destination:            u_increase_duty_dtn/count_reg[16]/D
                            (rising edge-triggered cell FDCE clocked by sys_clk_pin  {rise@0.000ns fall@5.000ns period=10.000ns})
  Path Group:             sys_clk_pin
  Path Type:              Hold (Min at Fast Process Corner)
  Requirement:            0.000ns  (sys_clk_pin rise@0.000ns - sys_clk_pin rise@0.000ns)
  Data Path Delay:        0.354ns  (logic 0.186ns (52.578%)  route 0.168ns (47.422%))
  Logic Levels:           1  (LUT6=1)
  Clock Path Skew:        0.013ns (DCD - SCD - CPR)
    Destination Clock Delay (DCD):    1.978ns
    Source Clock Delay      (SCD):    1.467ns
    Clock Pessimism Removal (CPR):    0.498ns

    Location             Delay type                Incr(ns)  Path(ns)    Netlist Resource(s)
  -------------------------------------------------------------------    -------------------
                         (clock sys_clk_pin rise edge)
                                                      0.000     0.000 r  
    W5                                                0.000     0.000 r  clk (IN)
                         net (fo=0)                   0.000     0.000    clk
    W5                   IBUF (Prop_ibuf_I_O)         0.226     0.226 r  clk_IBUF_inst/O
                         net (fo=1, routed)           0.631     0.858    clk_IBUF
    BUFGCTRL_X0Y0        BUFG (Prop_bufg_I_O)         0.026     0.884 r  clk_IBUF_BUFG_inst/O
                         net (fo=100, routed)         0.584     1.467    u_increase_duty_dtn/clk_IBUF_BUFG
    SLICE_X61Y27         FDCE                                         r  u_increase_duty_dtn/count_reg[15]/C
  -------------------------------------------------------------------    -------------------
    SLICE_X61Y27         FDCE (Prop_fdce_C_Q)         0.141     1.608 f  u_increase_duty_dtn/count_reg[15]/Q
                         net (fo=22, routed)          0.168     1.776    u_increase_duty_dtn/count[15]
    SLICE_X59Y27         LUT6 (Prop_lut6_I1_O)        0.045     1.821 r  u_increase_duty_dtn/count[16]_i_1/O
                         net (fo=1, routed)           0.000     1.821    u_increase_duty_dtn/count[16]_i_1_n_0
    SLICE_X59Y27         FDCE                                         r  u_increase_duty_dtn/count_reg[16]/D
  -------------------------------------------------------------------    -------------------

                         (clock sys_clk_pin rise edge)
                                                      0.000     0.000 r  
    W5                                                0.000     0.000 r  clk (IN)
                         net (fo=0)                   0.000     0.000    clk
    W5                   IBUF (Prop_ibuf_I_O)         0.414     0.414 r  clk_IBUF_inst/O
                         net (fo=1, routed)           0.685     1.099    clk_IBUF
    BUFGCTRL_X0Y0        BUFG (Prop_bufg_I_O)         0.029     1.128 r  clk_IBUF_BUFG_inst/O
                         net (fo=100, routed)         0.851     1.978    u_increase_duty_dtn/clk_IBUF_BUFG
    SLICE_X59Y27         FDCE                                         r  u_increase_duty_dtn/count_reg[16]/C
                         clock pessimism             -0.498     1.480    
    SLICE_X59Y27         FDCE (Hold_fdce_C_D)         0.092     1.572    u_increase_duty_dtn/count_reg[16]
  -------------------------------------------------------------------
                         required time                         -1.572    
                         arrival time                           1.821    
  -------------------------------------------------------------------
                         slack                                  0.249    

Slack (MET) :             0.249ns  (arrival time - required time)
  Source:                 u_pwm_duty_control/r_DUTY_CYCLE_reg[3]/C
                            (rising edge-triggered cell FDCE clocked by sys_clk_pin  {rise@0.000ns fall@5.000ns period=10.000ns})
  Destination:            u_pwm_duty_control/r_DUTY_CYCLE_reg[3]/D
                            (rising edge-triggered cell FDCE clocked by sys_clk_pin  {rise@0.000ns fall@5.000ns period=10.000ns})
  Path Group:             sys_clk_pin
  Path Type:              Hold (Min at Fast Process Corner)
  Requirement:            0.000ns  (sys_clk_pin rise@0.000ns - sys_clk_pin rise@0.000ns)
  Data Path Delay:        0.340ns  (logic 0.186ns (54.689%)  route 0.154ns (45.311%))
  Logic Levels:           1  (LUT6=1)
  Clock Path Skew:        0.000ns (DCD - SCD - CPR)
    Destination Clock Delay (DCD):    1.978ns
    Source Clock Delay      (SCD):    1.467ns
    Clock Pessimism Removal (CPR):    0.511ns

    Location             Delay type                Incr(ns)  Path(ns)    Netlist Resource(s)
  -------------------------------------------------------------------    -------------------
                         (clock sys_clk_pin rise edge)
                                                      0.000     0.000 r  
    W5                                                0.000     0.000 r  clk (IN)
                         net (fo=0)                   0.000     0.000    clk
    W5                   IBUF (Prop_ibuf_I_O)         0.226     0.226 r  clk_IBUF_inst/O
                         net (fo=1, routed)           0.631     0.858    clk_IBUF
    BUFGCTRL_X0Y0        BUFG (Prop_bufg_I_O)         0.026     0.884 r  clk_IBUF_BUFG_inst/O
                         net (fo=100, routed)         0.584     1.467    u_pwm_duty_control/clk_IBUF_BUFG
    SLICE_X61Y22         FDCE                                         r  u_pwm_duty_control/r_DUTY_CYCLE_reg[3]/C
  -------------------------------------------------------------------    -------------------
    SLICE_X61Y22         FDCE (Prop_fdce_C_Q)         0.141     1.608 r  u_pwm_duty_control/r_DUTY_CYCLE_reg[3]/Q
                         net (fo=13, routed)          0.154     1.762    u_pwm_duty_control/Q[3]
    SLICE_X61Y22         LUT6 (Prop_lut6_I4_O)        0.045     1.807 r  u_pwm_duty_control/r_DUTY_CYCLE[3]_i_2/O
                         net (fo=1, routed)           0.000     1.807    u_pwm_duty_control/r_DUTY_CYCLE[3]_i_2_n_0
    SLICE_X61Y22         FDCE                                         r  u_pwm_duty_control/r_DUTY_CYCLE_reg[3]/D
  -------------------------------------------------------------------    -------------------

                         (clock sys_clk_pin rise edge)
                                                      0.000     0.000 r  
    W5                                                0.000     0.000 r  clk (IN)
                         net (fo=0)                   0.000     0.000    clk
    W5                   IBUF (Prop_ibuf_I_O)         0.414     0.414 r  clk_IBUF_inst/O
                         net (fo=1, routed)           0.685     1.099    clk_IBUF
    BUFGCTRL_X0Y0        BUFG (Prop_bufg_I_O)         0.029     1.128 r  clk_IBUF_BUFG_inst/O
                         net (fo=100, routed)         0.851     1.978    u_pwm_duty_control/clk_IBUF_BUFG
    SLICE_X61Y22         FDCE                                         r  u_pwm_duty_control/r_DUTY_CYCLE_reg[3]/C
                         clock pessimism             -0.511     1.467    
    SLICE_X61Y22         FDCE (Hold_fdce_C_D)         0.091     1.558    u_pwm_duty_control/r_DUTY_CYCLE_reg[3]
  -------------------------------------------------------------------
                         required time                         -1.558    
                         arrival time                           1.807    
  -------------------------------------------------------------------
                         slack                                  0.249    

Slack (MET) :             0.251ns  (arrival time - required time)
  Source:                 u_decrease_duty_dtn/count_reg[15]/C
                            (rising edge-triggered cell FDCE clocked by sys_clk_pin  {rise@0.000ns fall@5.000ns period=10.000ns})
  Destination:            u_decrease_duty_dtn/count_reg[11]/D
                            (rising edge-triggered cell FDCE clocked by sys_clk_pin  {rise@0.000ns fall@5.000ns period=10.000ns})
  Path Group:             sys_clk_pin
  Path Type:              Hold (Min at Fast Process Corner)
  Requirement:            0.000ns  (sys_clk_pin rise@0.000ns - sys_clk_pin rise@0.000ns)
  Data Path Delay:        0.355ns  (logic 0.186ns (52.348%)  route 0.169ns (47.652%))
  Logic Levels:           1  (LUT6=1)
  Clock Path Skew:        0.013ns (DCD - SCD - CPR)
    Destination Clock Delay (DCD):    1.952ns
    Source Clock Delay      (SCD):    1.440ns
    Clock Pessimism Removal (CPR):    0.499ns

    Location             Delay type                Incr(ns)  Path(ns)    Netlist Resource(s)
  -------------------------------------------------------------------    -------------------
                         (clock sys_clk_pin rise edge)
                                                      0.000     0.000 r  
    W5                                                0.000     0.000 r  clk (IN)
                         net (fo=0)                   0.000     0.000    clk
    W5                   IBUF (Prop_ibuf_I_O)         0.226     0.226 r  clk_IBUF_inst/O
                         net (fo=1, routed)           0.631     0.858    clk_IBUF
    BUFGCTRL_X0Y0        BUFG (Prop_bufg_I_O)         0.026     0.884 r  clk_IBUF_BUFG_inst/O
                         net (fo=100, routed)         0.557     1.440    u_decrease_duty_dtn/clk_IBUF_BUFG
    SLICE_X55Y29         FDCE                                         r  u_decrease_duty_dtn/count_reg[15]/C
  -------------------------------------------------------------------    -------------------
    SLICE_X55Y29         FDCE (Prop_fdce_C_Q)         0.141     1.581 f  u_decrease_duty_dtn/count_reg[15]/Q
                         net (fo=22, routed)          0.169     1.750    u_decrease_duty_dtn/count_reg_n_0_[15]
    SLICE_X55Y28         LUT6 (Prop_lut6_I1_O)        0.045     1.795 r  u_decrease_duty_dtn/count[11]_i_1__0/O
                         net (fo=1, routed)           0.000     1.795    u_decrease_duty_dtn/count[11]_i_1__0_n_0
    SLICE_X55Y28         FDCE                                         r  u_decrease_duty_dtn/count_reg[11]/D
  -------------------------------------------------------------------    -------------------

                         (clock sys_clk_pin rise edge)
                                                      0.000     0.000 r  
    W5                                                0.000     0.000 r  clk (IN)
                         net (fo=0)                   0.000     0.000    clk
    W5                   IBUF (Prop_ibuf_I_O)         0.414     0.414 r  clk_IBUF_inst/O
                         net (fo=1, routed)           0.685     1.099    clk_IBUF
    BUFGCTRL_X0Y0        BUFG (Prop_bufg_I_O)         0.029     1.128 r  clk_IBUF_BUFG_inst/O
                         net (fo=100, routed)         0.825     1.952    u_decrease_duty_dtn/clk_IBUF_BUFG
    SLICE_X55Y28         FDCE                                         r  u_decrease_duty_dtn/count_reg[11]/C
                         clock pessimism             -0.499     1.453    
    SLICE_X55Y28         FDCE (Hold_fdce_C_D)         0.091     1.544    u_decrease_duty_dtn/count_reg[11]
  -------------------------------------------------------------------
                         required time                         -1.544    
                         arrival time                           1.795    
  -------------------------------------------------------------------
                         slack                                  0.251    

Slack (MET) :             0.253ns  (arrival time - required time)
  Source:                 u_pwm_duty_control/r_DUTY_CYCLE_reg[2]/C
                            (rising edge-triggered cell FDPE clocked by sys_clk_pin  {rise@0.000ns fall@5.000ns period=10.000ns})
  Destination:            u_pwm_duty_control/r_DUTY_CYCLE_reg[1]/D
                            (rising edge-triggered cell FDCE clocked by sys_clk_pin  {rise@0.000ns fall@5.000ns period=10.000ns})
  Path Group:             sys_clk_pin
  Path Type:              Hold (Min at Fast Process Corner)
  Requirement:            0.000ns  (sys_clk_pin rise@0.000ns - sys_clk_pin rise@0.000ns)
  Data Path Delay:        0.345ns  (logic 0.186ns (53.962%)  route 0.159ns (46.038%))
  Logic Levels:           1  (LUT6=1)
  Clock Path Skew:        0.000ns (DCD - SCD - CPR)
    Destination Clock Delay (DCD):    1.978ns
    Source Clock Delay      (SCD):    1.467ns
    Clock Pessimism Removal (CPR):    0.511ns

    Location             Delay type                Incr(ns)  Path(ns)    Netlist Resource(s)
  -------------------------------------------------------------------    -------------------
                         (clock sys_clk_pin rise edge)
                                                      0.000     0.000 r  
    W5                                                0.000     0.000 r  clk (IN)
                         net (fo=0)                   0.000     0.000    clk
    W5                   IBUF (Prop_ibuf_I_O)         0.226     0.226 r  clk_IBUF_inst/O
                         net (fo=1, routed)           0.631     0.858    clk_IBUF
    BUFGCTRL_X0Y0        BUFG (Prop_bufg_I_O)         0.026     0.884 r  clk_IBUF_BUFG_inst/O
                         net (fo=100, routed)         0.584     1.467    u_pwm_duty_control/clk_IBUF_BUFG
    SLICE_X61Y22         FDPE                                         r  u_pwm_duty_control/r_DUTY_CYCLE_reg[2]/C
  -------------------------------------------------------------------    -------------------
    SLICE_X61Y22         FDPE (Prop_fdpe_C_Q)         0.141     1.608 r  u_pwm_duty_control/r_DUTY_CYCLE_reg[2]/Q
                         net (fo=7, routed)           0.159     1.767    u_pwm_duty_control/Q[2]
    SLICE_X61Y22         LUT6 (Prop_lut6_I5_O)        0.045     1.812 r  u_pwm_duty_control/r_DUTY_CYCLE[1]_i_1/O
                         net (fo=1, routed)           0.000     1.812    u_pwm_duty_control/r_DUTY_CYCLE[1]_i_1_n_0
    SLICE_X61Y22         FDCE                                         r  u_pwm_duty_control/r_DUTY_CYCLE_reg[1]/D
  -------------------------------------------------------------------    -------------------

                         (clock sys_clk_pin rise edge)
                                                      0.000     0.000 r  
    W5                                                0.000     0.000 r  clk (IN)
                         net (fo=0)                   0.000     0.000    clk
    W5                   IBUF (Prop_ibuf_I_O)         0.414     0.414 r  clk_IBUF_inst/O
                         net (fo=1, routed)           0.685     1.099    clk_IBUF
    BUFGCTRL_X0Y0        BUFG (Prop_bufg_I_O)         0.029     1.128 r  clk_IBUF_BUFG_inst/O
                         net (fo=100, routed)         0.851     1.978    u_pwm_duty_control/clk_IBUF_BUFG
    SLICE_X61Y22         FDCE                                         r  u_pwm_duty_control/r_DUTY_CYCLE_reg[1]/C
                         clock pessimism             -0.511     1.467    
    SLICE_X61Y22         FDCE (Hold_fdce_C_D)         0.092     1.559    u_pwm_duty_control/r_DUTY_CYCLE_reg[1]
  -------------------------------------------------------------------
                         required time                         -1.559    
                         arrival time                           1.812    
  -------------------------------------------------------------------
                         slack                                  0.253    

Slack (MET) :             0.255ns  (arrival time - required time)
  Source:                 u_increase_duty_dtn/count_reg[14]/C
                            (rising edge-triggered cell FDCE clocked by sys_clk_pin  {rise@0.000ns fall@5.000ns period=10.000ns})
  Destination:            u_increase_duty_dtn/count_reg[0]/D
                            (rising edge-triggered cell FDCE clocked by sys_clk_pin  {rise@0.000ns fall@5.000ns period=10.000ns})
  Path Group:             sys_clk_pin
  Path Type:              Hold (Min at Fast Process Corner)
  Requirement:            0.000ns  (sys_clk_pin rise@0.000ns - sys_clk_pin rise@0.000ns)
  Data Path Delay:        0.358ns  (logic 0.186ns (52.025%)  route 0.172ns (47.975%))
  Logic Levels:           1  (LUT6=1)
  Clock Path Skew:        0.011ns (DCD - SCD - CPR)
    Destination Clock Delay (DCD):    1.976ns
    Source Clock Delay      (SCD):    1.467ns
    Clock Pessimism Removal (CPR):    0.498ns

    Location             Delay type                Incr(ns)  Path(ns)    Netlist Resource(s)
  -------------------------------------------------------------------    -------------------
                         (clock sys_clk_pin rise edge)
                                                      0.000     0.000 r  
    W5                                                0.000     0.000 r  clk (IN)
                         net (fo=0)                   0.000     0.000    clk
    W5                   IBUF (Prop_ibuf_I_O)         0.226     0.226 r  clk_IBUF_inst/O
                         net (fo=1, routed)           0.631     0.858    clk_IBUF
    BUFGCTRL_X0Y0        BUFG (Prop_bufg_I_O)         0.026     0.884 r  clk_IBUF_BUFG_inst/O
                         net (fo=100, routed)         0.584     1.467    u_increase_duty_dtn/clk_IBUF_BUFG
    SLICE_X59Y27         FDCE                                         r  u_increase_duty_dtn/count_reg[14]/C
  -------------------------------------------------------------------    -------------------
    SLICE_X59Y27         FDCE (Prop_fdce_C_Q)         0.141     1.608 f  u_increase_duty_dtn/count_reg[14]/Q
                         net (fo=22, routed)          0.172     1.780    u_increase_duty_dtn/count[14]
    SLICE_X61Y26         LUT6 (Prop_lut6_I3_O)        0.045     1.825 r  u_increase_duty_dtn/count[0]_i_1/O
                         net (fo=1, routed)           0.000     1.825    u_increase_duty_dtn/count[0]_i_1_n_0
    SLICE_X61Y26         FDCE                                         r  u_increase_duty_dtn/count_reg[0]/D
  -------------------------------------------------------------------    -------------------

                         (clock sys_clk_pin rise edge)
                                                      0.000     0.000 r  
    W5                                                0.000     0.000 r  clk (IN)
                         net (fo=0)                   0.000     0.000    clk
    W5                   IBUF (Prop_ibuf_I_O)         0.414     0.414 r  clk_IBUF_inst/O
                         net (fo=1, routed)           0.685     1.099    clk_IBUF
    BUFGCTRL_X0Y0        BUFG (Prop_bufg_I_O)         0.029     1.128 r  clk_IBUF_BUFG_inst/O
                         net (fo=100, routed)         0.849     1.976    u_increase_duty_dtn/clk_IBUF_BUFG
    SLICE_X61Y26         FDCE                                         r  u_increase_duty_dtn/count_reg[0]/C
                         clock pessimism             -0.498     1.478    
    SLICE_X61Y26         FDCE (Hold_fdce_C_D)         0.092     1.570    u_increase_duty_dtn/count_reg[0]
  -------------------------------------------------------------------
                         required time                         -1.570    
                         arrival time                           1.825    
  -------------------------------------------------------------------
                         slack                                  0.255    

Slack (MET) :             0.255ns  (arrival time - required time)
  Source:                 u_pwm_duty_control/r_counter_PWM_reg[2]/C
                            (rising edge-triggered cell FDCE clocked by sys_clk_pin  {rise@0.000ns fall@5.000ns period=10.000ns})
  Destination:            u_pwm_duty_control/r_counter_PWM_reg[3]/D
                            (rising edge-triggered cell FDCE clocked by sys_clk_pin  {rise@0.000ns fall@5.000ns period=10.000ns})
  Path Group:             sys_clk_pin
  Path Type:              Hold (Min at Fast Process Corner)
  Requirement:            0.000ns  (sys_clk_pin rise@0.000ns - sys_clk_pin rise@0.000ns)
  Data Path Delay:        0.386ns  (logic 0.212ns (54.874%)  route 0.174ns (45.126%))
  Logic Levels:           1  (LUT4=1)
  Clock Path Skew:        0.000ns (DCD - SCD - CPR)
    Destination Clock Delay (DCD):    1.978ns
    Source Clock Delay      (SCD):    1.467ns
    Clock Pessimism Removal (CPR):    0.511ns

    Location             Delay type                Incr(ns)  Path(ns)    Netlist Resource(s)
  -------------------------------------------------------------------    -------------------
                         (clock sys_clk_pin rise edge)
                                                      0.000     0.000 r  
    W5                                                0.000     0.000 r  clk (IN)
                         net (fo=0)                   0.000     0.000    clk
    W5                   IBUF (Prop_ibuf_I_O)         0.226     0.226 r  clk_IBUF_inst/O
                         net (fo=1, routed)           0.631     0.858    clk_IBUF
    BUFGCTRL_X0Y0        BUFG (Prop_bufg_I_O)         0.026     0.884 r  clk_IBUF_BUFG_inst/O
                         net (fo=100, routed)         0.584     1.467    u_pwm_duty_control/clk_IBUF_BUFG
    SLICE_X60Y22         FDCE                                         r  u_pwm_duty_control/r_counter_PWM_reg[2]/C
  -------------------------------------------------------------------    -------------------
    SLICE_X60Y22         FDCE (Prop_fdce_C_Q)         0.164     1.631 r  u_pwm_duty_control/r_counter_PWM_reg[2]/Q
                         net (fo=4, routed)           0.174     1.805    u_pwm_duty_control/r_counter_PWM_reg[2]
    SLICE_X60Y22         LUT4 (Prop_lut4_I2_O)        0.048     1.853 r  u_pwm_duty_control/r_counter_PWM[3]_i_1/O
                         net (fo=1, routed)           0.000     1.853    u_pwm_duty_control/r_counter_PWM[3]_i_1_n_0
    SLICE_X60Y22         FDCE                                         r  u_pwm_duty_control/r_counter_PWM_reg[3]/D
  -------------------------------------------------------------------    -------------------

                         (clock sys_clk_pin rise edge)
                                                      0.000     0.000 r  
    W5                                                0.000     0.000 r  clk (IN)
                         net (fo=0)                   0.000     0.000    clk
    W5                   IBUF (Prop_ibuf_I_O)         0.414     0.414 r  clk_IBUF_inst/O
                         net (fo=1, routed)           0.685     1.099    clk_IBUF
    BUFGCTRL_X0Y0        BUFG (Prop_bufg_I_O)         0.029     1.128 r  clk_IBUF_BUFG_inst/O
                         net (fo=100, routed)         0.851     1.978    u_pwm_duty_control/clk_IBUF_BUFG
    SLICE_X60Y22         FDCE                                         r  u_pwm_duty_control/r_counter_PWM_reg[3]/C
                         clock pessimism             -0.511     1.467    
    SLICE_X60Y22         FDCE (Hold_fdce_C_D)         0.131     1.598    u_pwm_duty_control/r_counter_PWM_reg[3]
  -------------------------------------------------------------------
                         required time                         -1.598    
                         arrival time                           1.853    
  -------------------------------------------------------------------
                         slack                                  0.255    





Pulse Width Checks
--------------------------------------------------------------------------------------
Clock Name:         sys_clk_pin
Waveform(ns):       { 0.000 5.000 }
Period(ns):         10.000
Sources:            { clk }

Check Type        Corner  Lib Pin  Reference Pin  Required(ns)  Actual(ns)  Slack(ns)  Location       Pin
Min Period        n/a     BUFG/I   n/a            2.155         10.000      7.845      BUFGCTRL_X0Y0  clk_IBUF_BUFG_inst/I
Min Period        n/a     FDCE/C   n/a            1.000         10.000      9.000      SLICE_X56Y25   u_decrease_duty_dtn/btn_state_reg/C
Min Period        n/a     FDCE/C   n/a            1.000         10.000      9.000      SLICE_X57Y25   u_decrease_duty_dtn/count_reg[0]/C
Min Period        n/a     FDCE/C   n/a            1.000         10.000      9.000      SLICE_X57Y28   u_decrease_duty_dtn/count_reg[10]/C
Min Period        n/a     FDCE/C   n/a            1.000         10.000      9.000      SLICE_X55Y28   u_decrease_duty_dtn/count_reg[11]/C
Min Period        n/a     FDCE/C   n/a            1.000         10.000      9.000      SLICE_X57Y28   u_decrease_duty_dtn/count_reg[12]/C
Min Period        n/a     FDCE/C   n/a            1.000         10.000      9.000      SLICE_X57Y28   u_decrease_duty_dtn/count_reg[13]/C
Min Period        n/a     FDCE/C   n/a            1.000         10.000      9.000      SLICE_X55Y28   u_decrease_duty_dtn/count_reg[14]/C
Min Period        n/a     FDCE/C   n/a            1.000         10.000      9.000      SLICE_X55Y29   u_decrease_duty_dtn/count_reg[15]/C
Min Period        n/a     FDCE/C   n/a            1.000         10.000      9.000      SLICE_X55Y29   u_decrease_duty_dtn/count_reg[16]/C
Low Pulse Width   Slow    FDCE/C   n/a            0.500         5.000       4.500      SLICE_X56Y25   u_decrease_duty_dtn/btn_state_reg/C
Low Pulse Width   Fast    FDCE/C   n/a            0.500         5.000       4.500      SLICE_X56Y25   u_decrease_duty_dtn/btn_state_reg/C
Low Pulse Width   Slow    FDCE/C   n/a            0.500         5.000       4.500      SLICE_X57Y25   u_decrease_duty_dtn/count_reg[0]/C
Low Pulse Width   Fast    FDCE/C   n/a            0.500         5.000       4.500      SLICE_X57Y25   u_decrease_duty_dtn/count_reg[0]/C
Low Pulse Width   Slow    FDCE/C   n/a            0.500         5.000       4.500      SLICE_X57Y28   u_decrease_duty_dtn/count_reg[10]/C
Low Pulse Width   Fast    FDCE/C   n/a            0.500         5.000       4.500      SLICE_X57Y28   u_decrease_duty_dtn/count_reg[10]/C
Low Pulse Width   Slow    FDCE/C   n/a            0.500         5.000       4.500      SLICE_X55Y28   u_decrease_duty_dtn/count_reg[11]/C
Low Pulse Width   Fast    FDCE/C   n/a            0.500         5.000       4.500      SLICE_X55Y28   u_decrease_duty_dtn/count_reg[11]/C
Low Pulse Width   Slow    FDCE/C   n/a            0.500         5.000       4.500      SLICE_X57Y28   u_decrease_duty_dtn/count_reg[12]/C
Low Pulse Width   Fast    FDCE/C   n/a            0.500         5.000       4.500      SLICE_X57Y28   u_decrease_duty_dtn/count_reg[12]/C
High Pulse Width  Slow    FDCE/C   n/a            0.500         5.000       4.500      SLICE_X56Y25   u_decrease_duty_dtn/btn_state_reg/C
High Pulse Width  Fast    FDCE/C   n/a            0.500         5.000       4.500      SLICE_X56Y25   u_decrease_duty_dtn/btn_state_reg/C
High Pulse Width  Slow    FDCE/C   n/a            0.500         5.000       4.500      SLICE_X57Y25   u_decrease_duty_dtn/count_reg[0]/C
High Pulse Width  Fast    FDCE/C   n/a            0.500         5.000       4.500      SLICE_X57Y25   u_decrease_duty_dtn/count_reg[0]/C
High Pulse Width  Slow    FDCE/C   n/a            0.500         5.000       4.500      SLICE_X57Y28   u_decrease_duty_dtn/count_reg[10]/C
High Pulse Width  Fast    FDCE/C   n/a            0.500         5.000       4.500      SLICE_X57Y28   u_decrease_duty_dtn/count_reg[10]/C
High Pulse Width  Slow    FDCE/C   n/a            0.500         5.000       4.500      SLICE_X55Y28   u_decrease_duty_dtn/count_reg[11]/C
High Pulse Width  Fast    FDCE/C   n/a            0.500         5.000       4.500      SLICE_X55Y28   u_decrease_duty_dtn/count_reg[11]/C
High Pulse Width  Slow    FDCE/C   n/a            0.500         5.000       4.500      SLICE_X57Y28   u_decrease_duty_dtn/count_reg[12]/C
High Pulse Width  Fast    FDCE/C   n/a            0.500         5.000       4.500      SLICE_X57Y28   u_decrease_duty_dtn/count_reg[12]/C



