Copyright 1986-2021 Xilinx, Inc. All Rights Reserved.
--------------------------------------------------------------------------------------------------------------------------------------------------------------------------------
| Tool Version : Vivado v.2021.1 (win64) Build 3247384 Thu Jun 10 19:36:33 MDT 2021
| Date         : Mon Mar  9 09:24:55 2026
| Host         : DESKTOP-PQ1PAHT running 64-bit major release  (build 9200)
| Command      : report_timing_summary -max_paths 10 -file top_timing_summary_routed.rpt -pb top_timing_summary_routed.pb -rpx top_timing_summary_routed.rpx -warn_on_violation
| Design       : top
| Device       : 7a35t-cpg236
| Speed File   : -1  PRODUCTION 1.23 2018-06-13
--------------------------------------------------------------------------------------------------------------------------------------------------------------------------------

Timing Summary Report

------------------------------------------------------------------------------------------------
| Timer Settings
| --------------
------------------------------------------------------------------------------------------------

  Enable Multi Corner Analysis               :  Yes
  Enable Pessimism Removal                   :  Yes
  Pessimism Removal Resolution               :  Nearest Common Node
  Enable Input Delay Default Clock           :  No
  Enable Preset / Clear Arcs                 :  No
  Disable Flight Delays                      :  No
  Ignore I/O Paths                           :  No
  Timing Early Launch at Borrowing Latches   :  No
  Borrow Time for Max Delay Exceptions       :  Yes
  Merge Timing Exceptions                    :  Yes

  Corner  Analyze    Analyze    
  Name    Max Paths  Min Paths  
  ------  ---------  ---------  
  Slow    Yes        Yes        
  Fast    Yes        Yes        


------------------------------------------------------------------------------------------------
| Report Methodology
| ------------------
------------------------------------------------------------------------------------------------

Rule       Severity  Description                    Violations  
---------  --------  -----------------------------  ----------  
TIMING-18  Warning   Missing input or output delay  19          

Note: This report is based on the most recent report_methodology run and may not be up-to-date. Run report_methodology on the current design for the latest report.



check_timing report

Table of Contents
-----------------
1. checking no_clock (0)
2. checking constant_clock (0)
3. checking pulse_width_clock (0)
4. checking unconstrained_internal_endpoints (0)
5. checking no_input_delay (4)
6. checking no_output_delay (17)
7. checking multiple_clock (0)
8. checking generated_clocks (0)
9. checking loops (0)
10. checking partial_input_delay (0)
11. checking partial_output_delay (0)
12. checking latch_loops (0)

1. checking no_clock (0)
------------------------
 There are 0 register/latch pins with no clock.


2. checking constant_clock (0)
------------------------------
 There are 0 register/latch pins with constant_clock.


3. checking pulse_width_clock (0)
---------------------------------
 There are 0 register/latch pins which need pulse_width check


4. checking unconstrained_internal_endpoints (0)
------------------------------------------------
 There are 0 pins that are not constrained for maximum delay.

 There are 0 pins that are not constrained for maximum delay due to constant clock.


5. checking no_input_delay (4)
------------------------------
 There are 4 input ports with no input delay specified. (HIGH)

 There are 0 input ports with no input delay but user has a false path constraint.


6. checking no_output_delay (17)
--------------------------------
 There are 17 ports with no output delay specified. (HIGH)

 There are 0 ports with no output delay but user has a false path constraint

 There are 0 ports with no output delay but with a timing clock defined on it or propagating through it


7. checking multiple_clock (0)
------------------------------
 There are 0 register/latch pins with multiple clocks.


8. checking generated_clocks (0)
--------------------------------
 There are 0 generated clocks that are not connected to a clock source.


9. checking loops (0)
---------------------
 There are 0 combinational loops in the design.


10. checking partial_input_delay (0)
------------------------------------
 There are 0 input ports with partial input delay specified.


11. checking partial_output_delay (0)
-------------------------------------
 There are 0 ports with partial output delay specified.


12. checking latch_loops (0)
----------------------------
 There are 0 combinational latch loops in the design through latch input



------------------------------------------------------------------------------------------------
| Design Timing Summary
| ---------------------
------------------------------------------------------------------------------------------------

    WNS(ns)      TNS(ns)  TNS Failing Endpoints  TNS Total Endpoints      WHS(ns)      THS(ns)  THS Failing Endpoints  THS Total Endpoints     WPWS(ns)     TPWS(ns)  TPWS Failing Endpoints  TPWS Total Endpoints  
    -------      -------  ---------------------  -------------------      -------      -------  ---------------------  -------------------     --------     --------  ----------------------  --------------------  
      3.609        0.000                      0                  458        0.035        0.000                      0                  458        4.500        0.000                       0                   308  


All user specified timing constraints are met.


------------------------------------------------------------------------------------------------
| Clock Summary
| -------------
------------------------------------------------------------------------------------------------

Clock        Waveform(ns)       Period(ns)      Frequency(MHz)
-----        ------------       ----------      --------------
sys_clk_pin  {0.000 5.000}      10.000          100.000         


------------------------------------------------------------------------------------------------
| Intra Clock Table
| -----------------
------------------------------------------------------------------------------------------------

Clock             WNS(ns)      TNS(ns)  TNS Failing Endpoints  TNS Total Endpoints      WHS(ns)      THS(ns)  THS Failing Endpoints  THS Total Endpoints     WPWS(ns)     TPWS(ns)  TPWS Failing Endpoints  TPWS Total Endpoints  
-----             -------      -------  ---------------------  -------------------      -------      -------  ---------------------  -------------------     --------     --------  ----------------------  --------------------  
sys_clk_pin         3.609        0.000                      0                  458        0.035        0.000                      0                  458        4.500        0.000                       0                   308  


------------------------------------------------------------------------------------------------
| Inter Clock Table
| -----------------
------------------------------------------------------------------------------------------------

From Clock    To Clock          WNS(ns)      TNS(ns)  TNS Failing Endpoints  TNS Total Endpoints      WHS(ns)      THS(ns)  THS Failing Endpoints  THS Total Endpoints  
----------    --------          -------      -------  ---------------------  -------------------      -------      -------  ---------------------  -------------------  


------------------------------------------------------------------------------------------------
| Other Path Groups Table
| -----------------------
------------------------------------------------------------------------------------------------

Path Group    From Clock    To Clock          WNS(ns)      TNS(ns)  TNS Failing Endpoints  TNS Total Endpoints      WHS(ns)      THS(ns)  THS Failing Endpoints  THS Total Endpoints  
----------    ----------    --------          -------      -------  ---------------------  -------------------      -------      -------  ---------------------  -------------------  


------------------------------------------------------------------------------------------------
| Timing Details
| --------------
------------------------------------------------------------------------------------------------


---------------------------------------------------------------------------------------------------
From Clock:  sys_clk_pin
  To Clock:  sys_clk_pin

Setup :            0  Failing Endpoints,  Worst Slack        3.609ns,  Total Violation        0.000ns
Hold  :            0  Failing Endpoints,  Worst Slack        0.035ns,  Total Violation        0.000ns
PW    :            0  Failing Endpoints,  Worst Slack        4.500ns,  Total Violation        0.000ns
---------------------------------------------------------------------------------------------------


Max Delay Paths
--------------------------------------------------------------------------------------
Slack (MET) :             3.609ns  (required time - arrival time)
  Source:                 u_dht_controller/u_receive_data/data_reg[18]/C
                            (rising edge-triggered cell FDCE clocked by sys_clk_pin  {rise@0.000ns fall@5.000ns period=10.000ns})
  Destination:            u_dht_controller/u_receive_data/tem_int_reg[7]/D
                            (rising edge-triggered cell FDCE clocked by sys_clk_pin  {rise@0.000ns fall@5.000ns period=10.000ns})
  Path Group:             sys_clk_pin
  Path Type:              Setup (Max at Slow Process Corner)
  Requirement:            10.000ns  (sys_clk_pin rise@10.000ns - sys_clk_pin rise@0.000ns)
  Data Path Delay:        6.245ns  (logic 1.928ns (30.874%)  route 4.317ns (69.126%))
  Logic Levels:           6  (CARRY4=1 LUT2=1 LUT3=1 LUT5=1 LUT6=2)
  Clock Path Skew:        -0.040ns (DCD - SCD + CPR)
    Destination Clock Delay (DCD):    4.952ns = ( 14.952 - 10.000 ) 
    Source Clock Delay      (SCD):    5.259ns
    Clock Pessimism Removal (CPR):    0.267ns
  Clock Uncertainty:      0.035ns  ((TSJ^2 + TIJ^2)^1/2 + DJ) / 2 + PE
    Total System Jitter     (TSJ):    0.071ns
    Total Input Jitter      (TIJ):    0.000ns
    Discrete Jitter          (DJ):    0.000ns
    Phase Error              (PE):    0.000ns

    Location             Delay type                Incr(ns)  Path(ns)    Netlist Resource(s)
  -------------------------------------------------------------------    -------------------
                         (clock sys_clk_pin rise edge)
                                                      0.000     0.000 r  
    W5                                                0.000     0.000 r  clk (IN)
                         net (fo=0)                   0.000     0.000    clk
    W5                   IBUF (Prop_ibuf_I_O)         1.458     1.458 r  clk_IBUF_inst/O
                         net (fo=1, routed)           1.967     3.425    clk_IBUF
    BUFGCTRL_X0Y0        BUFG (Prop_bufg_I_O)         0.096     3.521 r  clk_IBUF_BUFG_inst/O
                         net (fo=307, routed)         1.738     5.259    u_dht_controller/u_receive_data/CLK
    SLICE_X25Y106        FDCE                                         r  u_dht_controller/u_receive_data/data_reg[18]/C
  -------------------------------------------------------------------    -------------------
    SLICE_X25Y106        FDCE (Prop_fdce_C_Q)         0.456     5.715 r  u_dht_controller/u_receive_data/data_reg[18]/Q
                         net (fo=5, routed)           0.748     6.463    u_dht_controller/u_receive_data/data_reg_n_0_[18]
    SLICE_X25Y105        LUT3 (Prop_lut3_I0_O)        0.124     6.587 r  u_dht_controller/u_receive_data/hum_int2__2_carry_i_8/O
                         net (fo=3, routed)           0.832     7.419    u_dht_controller/u_receive_data/hum_int2__2_carry_i_8_n_0
    SLICE_X27Y104        LUT5 (Prop_lut5_I3_O)        0.153     7.572 r  u_dht_controller/u_receive_data/hum_int2__2_carry_i_2/O
                         net (fo=1, routed)           0.334     7.907    u_dht_controller/u_receive_data/hum_int2__2_carry_i_2_n_0
    SLICE_X26Y104        CARRY4 (Prop_carry4_DI[2]_O[3])
                                                      0.641     8.548 r  u_dht_controller/u_receive_data/hum_int2__2_carry/O[3]
                         net (fo=1, routed)           0.953     9.500    u_dht_controller/u_receive_data/hum_int2[3]
    SLICE_X27Y105        LUT6 (Prop_lut6_I0_O)        0.306     9.806 f  u_dht_controller/u_receive_data/hum_int[7]_i_5/O
                         net (fo=1, routed)           0.263    10.069    u_dht_controller/u_receive_data/hum_int[7]_i_5_n_0
    SLICE_X27Y105        LUT6 (Prop_lut6_I5_O)        0.124    10.193 f  u_dht_controller/u_receive_data/hum_int[7]_i_3/O
                         net (fo=16, routed)          0.629    10.822    u_dht_controller/u_receive_data/hum_int[7]_i_3_n_0
    SLICE_X27Y106        LUT2 (Prop_lut2_I1_O)        0.124    10.946 r  u_dht_controller/u_receive_data/tem_int[7]_i_1/O
                         net (fo=1, routed)           0.558    11.504    u_dht_controller/u_receive_data/tem_int[7]_i_1_n_0
    SLICE_X29Y106        FDCE                                         r  u_dht_controller/u_receive_data/tem_int_reg[7]/D
  -------------------------------------------------------------------    -------------------

                         (clock sys_clk_pin rise edge)
                                                     10.000    10.000 r  
    W5                                                0.000    10.000 r  clk (IN)
                         net (fo=0)                   0.000    10.000    clk
    W5                   IBUF (Prop_ibuf_I_O)         1.388    11.388 r  clk_IBUF_inst/O
                         net (fo=1, routed)           1.862    13.250    clk_IBUF
    BUFGCTRL_X0Y0        BUFG (Prop_bufg_I_O)         0.091    13.341 r  clk_IBUF_BUFG_inst/O
                         net (fo=307, routed)         1.611    14.952    u_dht_controller/u_receive_data/CLK
    SLICE_X29Y106        FDCE                                         r  u_dht_controller/u_receive_data/tem_int_reg[7]/C
                         clock pessimism              0.267    15.219    
                         clock uncertainty           -0.035    15.184    
    SLICE_X29Y106        FDCE (Setup_fdce_C_D)       -0.071    15.113    u_dht_controller/u_receive_data/tem_int_reg[7]
  -------------------------------------------------------------------
                         required time                         15.113    
                         arrival time                         -11.504    
  -------------------------------------------------------------------
                         slack                                  3.609    

Slack (MET) :             3.924ns  (required time - arrival time)
  Source:                 u_dht_controller/u_make_start_trigger/counter_1s_reg[3]/C
                            (rising edge-triggered cell FDCE clocked by sys_clk_pin  {rise@0.000ns fall@5.000ns period=10.000ns})
  Destination:            u_dht_controller/u_make_start_trigger/counter_1s_reg[29]/D
                            (rising edge-triggered cell FDCE clocked by sys_clk_pin  {rise@0.000ns fall@5.000ns period=10.000ns})
  Path Group:             sys_clk_pin
  Path Type:              Setup (Max at Slow Process Corner)
  Requirement:            10.000ns  (sys_clk_pin rise@10.000ns - sys_clk_pin rise@0.000ns)
  Data Path Delay:        6.075ns  (logic 2.744ns (45.166%)  route 3.331ns (54.834%))
  Logic Levels:           14  (CARRY4=8 LUT6=6)
  Clock Path Skew:        -0.027ns (DCD - SCD + CPR)
    Destination Clock Delay (DCD):    4.949ns = ( 14.949 - 10.000 ) 
    Source Clock Delay      (SCD):    5.258ns
    Clock Pessimism Removal (CPR):    0.282ns
  Clock Uncertainty:      0.035ns  ((TSJ^2 + TIJ^2)^1/2 + DJ) / 2 + PE
    Total System Jitter     (TSJ):    0.071ns
    Total Input Jitter      (TIJ):    0.000ns
    Discrete Jitter          (DJ):    0.000ns
    Phase Error              (PE):    0.000ns

    Location             Delay type                Incr(ns)  Path(ns)    Netlist Resource(s)
  -------------------------------------------------------------------    -------------------
                         (clock sys_clk_pin rise edge)
                                                      0.000     0.000 r  
    W5                                                0.000     0.000 r  clk (IN)
                         net (fo=0)                   0.000     0.000    clk
    W5                   IBUF (Prop_ibuf_I_O)         1.458     1.458 r  clk_IBUF_inst/O
                         net (fo=1, routed)           1.967     3.425    clk_IBUF
    BUFGCTRL_X0Y0        BUFG (Prop_bufg_I_O)         0.096     3.521 r  clk_IBUF_BUFG_inst/O
                         net (fo=307, routed)         1.737     5.258    u_dht_controller/u_make_start_trigger/CLK
    SLICE_X32Y100        FDCE                                         r  u_dht_controller/u_make_start_trigger/counter_1s_reg[3]/C
  -------------------------------------------------------------------    -------------------
    SLICE_X32Y100        FDCE (Prop_fdce_C_Q)         0.456     5.714 f  u_dht_controller/u_make_start_trigger/counter_1s_reg[3]/Q
                         net (fo=2, routed)           0.810     6.524    u_dht_controller/u_make_start_trigger/counter_1s_reg[3]
    SLICE_X33Y101        LUT6 (Prop_lut6_I2_O)        0.124     6.648 r  u_dht_controller/u_make_start_trigger/start_trigger_i_6/O
                         net (fo=1, routed)           0.433     7.081    u_dht_controller/u_make_start_trigger/start_trigger_i_6_n_0
    SLICE_X33Y101        LUT6 (Prop_lut6_I0_O)        0.124     7.205 r  u_dht_controller/u_make_start_trigger/start_trigger_i_5/O
                         net (fo=1, routed)           0.432     7.638    u_dht_controller/u_make_start_trigger/start_trigger_i_5_n_0
    SLICE_X33Y102        LUT6 (Prop_lut6_I5_O)        0.124     7.762 r  u_dht_controller/u_make_start_trigger/start_trigger_i_4/O
                         net (fo=1, routed)           0.295     8.056    u_dht_controller/u_make_start_trigger/start_trigger_i_4_n_0
    SLICE_X33Y104        LUT6 (Prop_lut6_I2_O)        0.124     8.180 f  u_dht_controller/u_make_start_trigger/start_trigger_i_3/O
                         net (fo=1, routed)           0.432     8.612    u_dht_controller/u_make_start_trigger/start_trigger_i_3_n_0
    SLICE_X33Y105        LUT6 (Prop_lut6_I2_O)        0.124     8.736 f  u_dht_controller/u_make_start_trigger/start_trigger_i_2/O
                         net (fo=31, routed)          0.734     9.471    u_dht_controller/u_make_start_trigger/start_trigger_i_2_n_0
    SLICE_X33Y100        LUT6 (Prop_lut6_I0_O)        0.124     9.595 r  u_dht_controller/u_make_start_trigger/counter_1s[0]_i_2/O
                         net (fo=1, routed)           0.195     9.790    u_dht_controller/u_make_start_trigger/counter_1s[0]_i_2_n_0
    SLICE_X32Y100        CARRY4 (Prop_carry4_DI[0]_CO[3])
                                                      0.526    10.316 r  u_dht_controller/u_make_start_trigger/counter_1s_reg[0]_i_1/CO[3]
                         net (fo=1, routed)           0.000    10.316    u_dht_controller/u_make_start_trigger/counter_1s_reg[0]_i_1_n_0
    SLICE_X32Y101        CARRY4 (Prop_carry4_CI_CO[3])
                                                      0.114    10.430 r  u_dht_controller/u_make_start_trigger/counter_1s_reg[4]_i_1/CO[3]
                         net (fo=1, routed)           0.000    10.430    u_dht_controller/u_make_start_trigger/counter_1s_reg[4]_i_1_n_0
    SLICE_X32Y102        CARRY4 (Prop_carry4_CI_CO[3])
                                                      0.114    10.544 r  u_dht_controller/u_make_start_trigger/counter_1s_reg[8]_i_1/CO[3]
                         net (fo=1, routed)           0.000    10.544    u_dht_controller/u_make_start_trigger/counter_1s_reg[8]_i_1_n_0
    SLICE_X32Y103        CARRY4 (Prop_carry4_CI_CO[3])
                                                      0.114    10.658 r  u_dht_controller/u_make_start_trigger/counter_1s_reg[12]_i_1/CO[3]
                         net (fo=1, routed)           0.000    10.658    u_dht_controller/u_make_start_trigger/counter_1s_reg[12]_i_1_n_0
    SLICE_X32Y104        CARRY4 (Prop_carry4_CI_CO[3])
                                                      0.114    10.772 r  u_dht_controller/u_make_start_trigger/counter_1s_reg[16]_i_1/CO[3]
                         net (fo=1, routed)           0.000    10.772    u_dht_controller/u_make_start_trigger/counter_1s_reg[16]_i_1_n_0
    SLICE_X32Y105        CARRY4 (Prop_carry4_CI_CO[3])
                                                      0.114    10.886 r  u_dht_controller/u_make_start_trigger/counter_1s_reg[20]_i_1/CO[3]
                         net (fo=1, routed)           0.000    10.886    u_dht_controller/u_make_start_trigger/counter_1s_reg[20]_i_1_n_0
    SLICE_X32Y106        CARRY4 (Prop_carry4_CI_CO[3])
                                                      0.114    11.000 r  u_dht_controller/u_make_start_trigger/counter_1s_reg[24]_i_1/CO[3]
                         net (fo=1, routed)           0.000    11.000    u_dht_controller/u_make_start_trigger/counter_1s_reg[24]_i_1_n_0
    SLICE_X32Y107        CARRY4 (Prop_carry4_CI_O[1])
                                                      0.334    11.334 r  u_dht_controller/u_make_start_trigger/counter_1s_reg[28]_i_1/O[1]
                         net (fo=1, routed)           0.000    11.334    u_dht_controller/u_make_start_trigger/counter_1s_reg[28]_i_1_n_6
    SLICE_X32Y107        FDCE                                         r  u_dht_controller/u_make_start_trigger/counter_1s_reg[29]/D
  -------------------------------------------------------------------    -------------------

                         (clock sys_clk_pin rise edge)
                                                     10.000    10.000 r  
    W5                                                0.000    10.000 r  clk (IN)
                         net (fo=0)                   0.000    10.000    clk
    W5                   IBUF (Prop_ibuf_I_O)         1.388    11.388 r  clk_IBUF_inst/O
                         net (fo=1, routed)           1.862    13.250    clk_IBUF
    BUFGCTRL_X0Y0        BUFG (Prop_bufg_I_O)         0.091    13.341 r  clk_IBUF_BUFG_inst/O
                         net (fo=307, routed)         1.608    14.949    u_dht_controller/u_make_start_trigger/CLK
    SLICE_X32Y107        FDCE                                         r  u_dht_controller/u_make_start_trigger/counter_1s_reg[29]/C
                         clock pessimism              0.282    15.231    
                         clock uncertainty           -0.035    15.196    
    SLICE_X32Y107        FDCE (Setup_fdce_C_D)        0.062    15.258    u_dht_controller/u_make_start_trigger/counter_1s_reg[29]
  -------------------------------------------------------------------
                         required time                         15.258    
                         arrival time                         -11.334    
  -------------------------------------------------------------------
                         slack                                  3.924    

Slack (MET) :             4.035ns  (required time - arrival time)
  Source:                 u_dht_controller/u_make_start_trigger/counter_1s_reg[3]/C
                            (rising edge-triggered cell FDCE clocked by sys_clk_pin  {rise@0.000ns fall@5.000ns period=10.000ns})
  Destination:            u_dht_controller/u_make_start_trigger/counter_1s_reg[28]/D
                            (rising edge-triggered cell FDCE clocked by sys_clk_pin  {rise@0.000ns fall@5.000ns period=10.000ns})
  Path Group:             sys_clk_pin
  Path Type:              Setup (Max at Slow Process Corner)
  Requirement:            10.000ns  (sys_clk_pin rise@10.000ns - sys_clk_pin rise@0.000ns)
  Data Path Delay:        5.964ns  (logic 2.633ns (44.145%)  route 3.331ns (55.855%))
  Logic Levels:           14  (CARRY4=8 LUT6=6)
  Clock Path Skew:        -0.027ns (DCD - SCD + CPR)
    Destination Clock Delay (DCD):    4.949ns = ( 14.949 - 10.000 ) 
    Source Clock Delay      (SCD):    5.258ns
    Clock Pessimism Removal (CPR):    0.282ns
  Clock Uncertainty:      0.035ns  ((TSJ^2 + TIJ^2)^1/2 + DJ) / 2 + PE
    Total System Jitter     (TSJ):    0.071ns
    Total Input Jitter      (TIJ):    0.000ns
    Discrete Jitter          (DJ):    0.000ns
    Phase Error              (PE):    0.000ns

    Location             Delay type                Incr(ns)  Path(ns)    Netlist Resource(s)
  -------------------------------------------------------------------    -------------------
                         (clock sys_clk_pin rise edge)
                                                      0.000     0.000 r  
    W5                                                0.000     0.000 r  clk (IN)
                         net (fo=0)                   0.000     0.000    clk
    W5                   IBUF (Prop_ibuf_I_O)         1.458     1.458 r  clk_IBUF_inst/O
                         net (fo=1, routed)           1.967     3.425    clk_IBUF
    BUFGCTRL_X0Y0        BUFG (Prop_bufg_I_O)         0.096     3.521 r  clk_IBUF_BUFG_inst/O
                         net (fo=307, routed)         1.737     5.258    u_dht_controller/u_make_start_trigger/CLK
    SLICE_X32Y100        FDCE                                         r  u_dht_controller/u_make_start_trigger/counter_1s_reg[3]/C
  -------------------------------------------------------------------    -------------------
    SLICE_X32Y100        FDCE (Prop_fdce_C_Q)         0.456     5.714 f  u_dht_controller/u_make_start_trigger/counter_1s_reg[3]/Q
                         net (fo=2, routed)           0.810     6.524    u_dht_controller/u_make_start_trigger/counter_1s_reg[3]
    SLICE_X33Y101        LUT6 (Prop_lut6_I2_O)        0.124     6.648 r  u_dht_controller/u_make_start_trigger/start_trigger_i_6/O
                         net (fo=1, routed)           0.433     7.081    u_dht_controller/u_make_start_trigger/start_trigger_i_6_n_0
    SLICE_X33Y101        LUT6 (Prop_lut6_I0_O)        0.124     7.205 r  u_dht_controller/u_make_start_trigger/start_trigger_i_5/O
                         net (fo=1, routed)           0.432     7.638    u_dht_controller/u_make_start_trigger/start_trigger_i_5_n_0
    SLICE_X33Y102        LUT6 (Prop_lut6_I5_O)        0.124     7.762 r  u_dht_controller/u_make_start_trigger/start_trigger_i_4/O
                         net (fo=1, routed)           0.295     8.056    u_dht_controller/u_make_start_trigger/start_trigger_i_4_n_0
    SLICE_X33Y104        LUT6 (Prop_lut6_I2_O)        0.124     8.180 f  u_dht_controller/u_make_start_trigger/start_trigger_i_3/O
                         net (fo=1, routed)           0.432     8.612    u_dht_controller/u_make_start_trigger/start_trigger_i_3_n_0
    SLICE_X33Y105        LUT6 (Prop_lut6_I2_O)        0.124     8.736 f  u_dht_controller/u_make_start_trigger/start_trigger_i_2/O
                         net (fo=31, routed)          0.734     9.471    u_dht_controller/u_make_start_trigger/start_trigger_i_2_n_0
    SLICE_X33Y100        LUT6 (Prop_lut6_I0_O)        0.124     9.595 r  u_dht_controller/u_make_start_trigger/counter_1s[0]_i_2/O
                         net (fo=1, routed)           0.195     9.790    u_dht_controller/u_make_start_trigger/counter_1s[0]_i_2_n_0
    SLICE_X32Y100        CARRY4 (Prop_carry4_DI[0]_CO[3])
                                                      0.526    10.316 r  u_dht_controller/u_make_start_trigger/counter_1s_reg[0]_i_1/CO[3]
                         net (fo=1, routed)           0.000    10.316    u_dht_controller/u_make_start_trigger/counter_1s_reg[0]_i_1_n_0
    SLICE_X32Y101        CARRY4 (Prop_carry4_CI_CO[3])
                                                      0.114    10.430 r  u_dht_controller/u_make_start_trigger/counter_1s_reg[4]_i_1/CO[3]
                         net (fo=1, routed)           0.000    10.430    u_dht_controller/u_make_start_trigger/counter_1s_reg[4]_i_1_n_0
    SLICE_X32Y102        CARRY4 (Prop_carry4_CI_CO[3])
                                                      0.114    10.544 r  u_dht_controller/u_make_start_trigger/counter_1s_reg[8]_i_1/CO[3]
                         net (fo=1, routed)           0.000    10.544    u_dht_controller/u_make_start_trigger/counter_1s_reg[8]_i_1_n_0
    SLICE_X32Y103        CARRY4 (Prop_carry4_CI_CO[3])
                                                      0.114    10.658 r  u_dht_controller/u_make_start_trigger/counter_1s_reg[12]_i_1/CO[3]
                         net (fo=1, routed)           0.000    10.658    u_dht_controller/u_make_start_trigger/counter_1s_reg[12]_i_1_n_0
    SLICE_X32Y104        CARRY4 (Prop_carry4_CI_CO[3])
                                                      0.114    10.772 r  u_dht_controller/u_make_start_trigger/counter_1s_reg[16]_i_1/CO[3]
                         net (fo=1, routed)           0.000    10.772    u_dht_controller/u_make_start_trigger/counter_1s_reg[16]_i_1_n_0
    SLICE_X32Y105        CARRY4 (Prop_carry4_CI_CO[3])
                                                      0.114    10.886 r  u_dht_controller/u_make_start_trigger/counter_1s_reg[20]_i_1/CO[3]
                         net (fo=1, routed)           0.000    10.886    u_dht_controller/u_make_start_trigger/counter_1s_reg[20]_i_1_n_0
    SLICE_X32Y106        CARRY4 (Prop_carry4_CI_CO[3])
                                                      0.114    11.000 r  u_dht_controller/u_make_start_trigger/counter_1s_reg[24]_i_1/CO[3]
                         net (fo=1, routed)           0.000    11.000    u_dht_controller/u_make_start_trigger/counter_1s_reg[24]_i_1_n_0
    SLICE_X32Y107        CARRY4 (Prop_carry4_CI_O[0])
                                                      0.223    11.223 r  u_dht_controller/u_make_start_trigger/counter_1s_reg[28]_i_1/O[0]
                         net (fo=1, routed)           0.000    11.223    u_dht_controller/u_make_start_trigger/counter_1s_reg[28]_i_1_n_7
    SLICE_X32Y107        FDCE                                         r  u_dht_controller/u_make_start_trigger/counter_1s_reg[28]/D
  -------------------------------------------------------------------    -------------------

                         (clock sys_clk_pin rise edge)
                                                     10.000    10.000 r  
    W5                                                0.000    10.000 r  clk (IN)
                         net (fo=0)                   0.000    10.000    clk
    W5                   IBUF (Prop_ibuf_I_O)         1.388    11.388 r  clk_IBUF_inst/O
                         net (fo=1, routed)           1.862    13.250    clk_IBUF
    BUFGCTRL_X0Y0        BUFG (Prop_bufg_I_O)         0.091    13.341 r  clk_IBUF_BUFG_inst/O
                         net (fo=307, routed)         1.608    14.949    u_dht_controller/u_make_start_trigger/CLK
    SLICE_X32Y107        FDCE                                         r  u_dht_controller/u_make_start_trigger/counter_1s_reg[28]/C
                         clock pessimism              0.282    15.231    
                         clock uncertainty           -0.035    15.196    
    SLICE_X32Y107        FDCE (Setup_fdce_C_D)        0.062    15.258    u_dht_controller/u_make_start_trigger/counter_1s_reg[28]
  -------------------------------------------------------------------
                         required time                         15.258    
                         arrival time                         -11.223    
  -------------------------------------------------------------------
                         slack                                  4.035    

Slack (MET) :             4.039ns  (required time - arrival time)
  Source:                 u_dht_controller/u_make_start_trigger/counter_1s_reg[3]/C
                            (rising edge-triggered cell FDCE clocked by sys_clk_pin  {rise@0.000ns fall@5.000ns period=10.000ns})
  Destination:            u_dht_controller/u_make_start_trigger/counter_1s_reg[25]/D
                            (rising edge-triggered cell FDCE clocked by sys_clk_pin  {rise@0.000ns fall@5.000ns period=10.000ns})
  Path Group:             sys_clk_pin
  Path Type:              Setup (Max at Slow Process Corner)
  Requirement:            10.000ns  (sys_clk_pin rise@10.000ns - sys_clk_pin rise@0.000ns)
  Data Path Delay:        5.961ns  (logic 2.630ns (44.117%)  route 3.331ns (55.883%))
  Logic Levels:           13  (CARRY4=7 LUT6=6)
  Clock Path Skew:        -0.026ns (DCD - SCD + CPR)
    Destination Clock Delay (DCD):    4.950ns = ( 14.950 - 10.000 ) 
    Source Clock Delay      (SCD):    5.258ns
    Clock Pessimism Removal (CPR):    0.282ns
  Clock Uncertainty:      0.035ns  ((TSJ^2 + TIJ^2)^1/2 + DJ) / 2 + PE
    Total System Jitter     (TSJ):    0.071ns
    Total Input Jitter      (TIJ):    0.000ns
    Discrete Jitter          (DJ):    0.000ns
    Phase Error              (PE):    0.000ns

    Location             Delay type                Incr(ns)  Path(ns)    Netlist Resource(s)
  -------------------------------------------------------------------    -------------------
                         (clock sys_clk_pin rise edge)
                                                      0.000     0.000 r  
    W5                                                0.000     0.000 r  clk (IN)
                         net (fo=0)                   0.000     0.000    clk
    W5                   IBUF (Prop_ibuf_I_O)         1.458     1.458 r  clk_IBUF_inst/O
                         net (fo=1, routed)           1.967     3.425    clk_IBUF
    BUFGCTRL_X0Y0        BUFG (Prop_bufg_I_O)         0.096     3.521 r  clk_IBUF_BUFG_inst/O
                         net (fo=307, routed)         1.737     5.258    u_dht_controller/u_make_start_trigger/CLK
    SLICE_X32Y100        FDCE                                         r  u_dht_controller/u_make_start_trigger/counter_1s_reg[3]/C
  -------------------------------------------------------------------    -------------------
    SLICE_X32Y100        FDCE (Prop_fdce_C_Q)         0.456     5.714 f  u_dht_controller/u_make_start_trigger/counter_1s_reg[3]/Q
                         net (fo=2, routed)           0.810     6.524    u_dht_controller/u_make_start_trigger/counter_1s_reg[3]
    SLICE_X33Y101        LUT6 (Prop_lut6_I2_O)        0.124     6.648 r  u_dht_controller/u_make_start_trigger/start_trigger_i_6/O
                         net (fo=1, routed)           0.433     7.081    u_dht_controller/u_make_start_trigger/start_trigger_i_6_n_0
    SLICE_X33Y101        LUT6 (Prop_lut6_I0_O)        0.124     7.205 r  u_dht_controller/u_make_start_trigger/start_trigger_i_5/O
                         net (fo=1, routed)           0.432     7.638    u_dht_controller/u_make_start_trigger/start_trigger_i_5_n_0
    SLICE_X33Y102        LUT6 (Prop_lut6_I5_O)        0.124     7.762 r  u_dht_controller/u_make_start_trigger/start_trigger_i_4/O
                         net (fo=1, routed)           0.295     8.056    u_dht_controller/u_make_start_trigger/start_trigger_i_4_n_0
    SLICE_X33Y104        LUT6 (Prop_lut6_I2_O)        0.124     8.180 f  u_dht_controller/u_make_start_trigger/start_trigger_i_3/O
                         net (fo=1, routed)           0.432     8.612    u_dht_controller/u_make_start_trigger/start_trigger_i_3_n_0
    SLICE_X33Y105        LUT6 (Prop_lut6_I2_O)        0.124     8.736 f  u_dht_controller/u_make_start_trigger/start_trigger_i_2/O
                         net (fo=31, routed)          0.734     9.471    u_dht_controller/u_make_start_trigger/start_trigger_i_2_n_0
    SLICE_X33Y100        LUT6 (Prop_lut6_I0_O)        0.124     9.595 r  u_dht_controller/u_make_start_trigger/counter_1s[0]_i_2/O
                         net (fo=1, routed)           0.195     9.790    u_dht_controller/u_make_start_trigger/counter_1s[0]_i_2_n_0
    SLICE_X32Y100        CARRY4 (Prop_carry4_DI[0]_CO[3])
                                                      0.526    10.316 r  u_dht_controller/u_make_start_trigger/counter_1s_reg[0]_i_1/CO[3]
                         net (fo=1, routed)           0.000    10.316    u_dht_controller/u_make_start_trigger/counter_1s_reg[0]_i_1_n_0
    SLICE_X32Y101        CARRY4 (Prop_carry4_CI_CO[3])
                                                      0.114    10.430 r  u_dht_controller/u_make_start_trigger/counter_1s_reg[4]_i_1/CO[3]
                         net (fo=1, routed)           0.000    10.430    u_dht_controller/u_make_start_trigger/counter_1s_reg[4]_i_1_n_0
    SLICE_X32Y102        CARRY4 (Prop_carry4_CI_CO[3])
                                                      0.114    10.544 r  u_dht_controller/u_make_start_trigger/counter_1s_reg[8]_i_1/CO[3]
                         net (fo=1, routed)           0.000    10.544    u_dht_controller/u_make_start_trigger/counter_1s_reg[8]_i_1_n_0
    SLICE_X32Y103        CARRY4 (Prop_carry4_CI_CO[3])
                                                      0.114    10.658 r  u_dht_controller/u_make_start_trigger/counter_1s_reg[12]_i_1/CO[3]
                         net (fo=1, routed)           0.000    10.658    u_dht_controller/u_make_start_trigger/counter_1s_reg[12]_i_1_n_0
    SLICE_X32Y104        CARRY4 (Prop_carry4_CI_CO[3])
                                                      0.114    10.772 r  u_dht_controller/u_make_start_trigger/counter_1s_reg[16]_i_1/CO[3]
                         net (fo=1, routed)           0.000    10.772    u_dht_controller/u_make_start_trigger/counter_1s_reg[16]_i_1_n_0
    SLICE_X32Y105        CARRY4 (Prop_carry4_CI_CO[3])
                                                      0.114    10.886 r  u_dht_controller/u_make_start_trigger/counter_1s_reg[20]_i_1/CO[3]
                         net (fo=1, routed)           0.000    10.886    u_dht_controller/u_make_start_trigger/counter_1s_reg[20]_i_1_n_0
    SLICE_X32Y106        CARRY4 (Prop_carry4_CI_O[1])
                                                      0.334    11.220 r  u_dht_controller/u_make_start_trigger/counter_1s_reg[24]_i_1/O[1]
                         net (fo=1, routed)           0.000    11.220    u_dht_controller/u_make_start_trigger/counter_1s_reg[24]_i_1_n_6
    SLICE_X32Y106        FDCE                                         r  u_dht_controller/u_make_start_trigger/counter_1s_reg[25]/D
  -------------------------------------------------------------------    -------------------

                         (clock sys_clk_pin rise edge)
                                                     10.000    10.000 r  
    W5                                                0.000    10.000 r  clk (IN)
                         net (fo=0)                   0.000    10.000    clk
    W5                   IBUF (Prop_ibuf_I_O)         1.388    11.388 r  clk_IBUF_inst/O
                         net (fo=1, routed)           1.862    13.250    clk_IBUF
    BUFGCTRL_X0Y0        BUFG (Prop_bufg_I_O)         0.091    13.341 r  clk_IBUF_BUFG_inst/O
                         net (fo=307, routed)         1.609    14.950    u_dht_controller/u_make_start_trigger/CLK
    SLICE_X32Y106        FDCE                                         r  u_dht_controller/u_make_start_trigger/counter_1s_reg[25]/C
                         clock pessimism              0.282    15.232    
                         clock uncertainty           -0.035    15.197    
    SLICE_X32Y106        FDCE (Setup_fdce_C_D)        0.062    15.259    u_dht_controller/u_make_start_trigger/counter_1s_reg[25]
  -------------------------------------------------------------------
                         required time                         15.259    
                         arrival time                         -11.220    
  -------------------------------------------------------------------
                         slack                                  4.039    

Slack (MET) :             4.060ns  (required time - arrival time)
  Source:                 u_dht_controller/u_make_start_trigger/counter_1s_reg[3]/C
                            (rising edge-triggered cell FDCE clocked by sys_clk_pin  {rise@0.000ns fall@5.000ns period=10.000ns})
  Destination:            u_dht_controller/u_make_start_trigger/counter_1s_reg[27]/D
                            (rising edge-triggered cell FDCE clocked by sys_clk_pin  {rise@0.000ns fall@5.000ns period=10.000ns})
  Path Group:             sys_clk_pin
  Path Type:              Setup (Max at Slow Process Corner)
  Requirement:            10.000ns  (sys_clk_pin rise@10.000ns - sys_clk_pin rise@0.000ns)
  Data Path Delay:        5.940ns  (logic 2.609ns (43.919%)  route 3.331ns (56.080%))
  Logic Levels:           13  (CARRY4=7 LUT6=6)
  Clock Path Skew:        -0.026ns (DCD - SCD + CPR)
    Destination Clock Delay (DCD):    4.950ns = ( 14.950 - 10.000 ) 
    Source Clock Delay      (SCD):    5.258ns
    Clock Pessimism Removal (CPR):    0.282ns
  Clock Uncertainty:      0.035ns  ((TSJ^2 + TIJ^2)^1/2 + DJ) / 2 + PE
    Total System Jitter     (TSJ):    0.071ns
    Total Input Jitter      (TIJ):    0.000ns
    Discrete Jitter          (DJ):    0.000ns
    Phase Error              (PE):    0.000ns

    Location             Delay type                Incr(ns)  Path(ns)    Netlist Resource(s)
  -------------------------------------------------------------------    -------------------
                         (clock sys_clk_pin rise edge)
                                                      0.000     0.000 r  
    W5                                                0.000     0.000 r  clk (IN)
                         net (fo=0)                   0.000     0.000    clk
    W5                   IBUF (Prop_ibuf_I_O)         1.458     1.458 r  clk_IBUF_inst/O
                         net (fo=1, routed)           1.967     3.425    clk_IBUF
    BUFGCTRL_X0Y0        BUFG (Prop_bufg_I_O)         0.096     3.521 r  clk_IBUF_BUFG_inst/O
                         net (fo=307, routed)         1.737     5.258    u_dht_controller/u_make_start_trigger/CLK
    SLICE_X32Y100        FDCE                                         r  u_dht_controller/u_make_start_trigger/counter_1s_reg[3]/C
  -------------------------------------------------------------------    -------------------
    SLICE_X32Y100        FDCE (Prop_fdce_C_Q)         0.456     5.714 f  u_dht_controller/u_make_start_trigger/counter_1s_reg[3]/Q
                         net (fo=2, routed)           0.810     6.524    u_dht_controller/u_make_start_trigger/counter_1s_reg[3]
    SLICE_X33Y101        LUT6 (Prop_lut6_I2_O)        0.124     6.648 r  u_dht_controller/u_make_start_trigger/start_trigger_i_6/O
                         net (fo=1, routed)           0.433     7.081    u_dht_controller/u_make_start_trigger/start_trigger_i_6_n_0
    SLICE_X33Y101        LUT6 (Prop_lut6_I0_O)        0.124     7.205 r  u_dht_controller/u_make_start_trigger/start_trigger_i_5/O
                         net (fo=1, routed)           0.432     7.638    u_dht_controller/u_make_start_trigger/start_trigger_i_5_n_0
    SLICE_X33Y102        LUT6 (Prop_lut6_I5_O)        0.124     7.762 r  u_dht_controller/u_make_start_trigger/start_trigger_i_4/O
                         net (fo=1, routed)           0.295     8.056    u_dht_controller/u_make_start_trigger/start_trigger_i_4_n_0
    SLICE_X33Y104        LUT6 (Prop_lut6_I2_O)        0.124     8.180 f  u_dht_controller/u_make_start_trigger/start_trigger_i_3/O
                         net (fo=1, routed)           0.432     8.612    u_dht_controller/u_make_start_trigger/start_trigger_i_3_n_0
    SLICE_X33Y105        LUT6 (Prop_lut6_I2_O)        0.124     8.736 f  u_dht_controller/u_make_start_trigger/start_trigger_i_2/O
                         net (fo=31, routed)          0.734     9.471    u_dht_controller/u_make_start_trigger/start_trigger_i_2_n_0
    SLICE_X33Y100        LUT6 (Prop_lut6_I0_O)        0.124     9.595 r  u_dht_controller/u_make_start_trigger/counter_1s[0]_i_2/O
                         net (fo=1, routed)           0.195     9.790    u_dht_controller/u_make_start_trigger/counter_1s[0]_i_2_n_0
    SLICE_X32Y100        CARRY4 (Prop_carry4_DI[0]_CO[3])
                                                      0.526    10.316 r  u_dht_controller/u_make_start_trigger/counter_1s_reg[0]_i_1/CO[3]
                         net (fo=1, routed)           0.000    10.316    u_dht_controller/u_make_start_trigger/counter_1s_reg[0]_i_1_n_0
    SLICE_X32Y101        CARRY4 (Prop_carry4_CI_CO[3])
                                                      0.114    10.430 r  u_dht_controller/u_make_start_trigger/counter_1s_reg[4]_i_1/CO[3]
                         net (fo=1, routed)           0.000    10.430    u_dht_controller/u_make_start_trigger/counter_1s_reg[4]_i_1_n_0
    SLICE_X32Y102        CARRY4 (Prop_carry4_CI_CO[3])
                                                      0.114    10.544 r  u_dht_controller/u_make_start_trigger/counter_1s_reg[8]_i_1/CO[3]
                         net (fo=1, routed)           0.000    10.544    u_dht_controller/u_make_start_trigger/counter_1s_reg[8]_i_1_n_0
    SLICE_X32Y103        CARRY4 (Prop_carry4_CI_CO[3])
                                                      0.114    10.658 r  u_dht_controller/u_make_start_trigger/counter_1s_reg[12]_i_1/CO[3]
                         net (fo=1, routed)           0.000    10.658    u_dht_controller/u_make_start_trigger/counter_1s_reg[12]_i_1_n_0
    SLICE_X32Y104        CARRY4 (Prop_carry4_CI_CO[3])
                                                      0.114    10.772 r  u_dht_controller/u_make_start_trigger/counter_1s_reg[16]_i_1/CO[3]
                         net (fo=1, routed)           0.000    10.772    u_dht_controller/u_make_start_trigger/counter_1s_reg[16]_i_1_n_0
    SLICE_X32Y105        CARRY4 (Prop_carry4_CI_CO[3])
                                                      0.114    10.886 r  u_dht_controller/u_make_start_trigger/counter_1s_reg[20]_i_1/CO[3]
                         net (fo=1, routed)           0.000    10.886    u_dht_controller/u_make_start_trigger/counter_1s_reg[20]_i_1_n_0
    SLICE_X32Y106        CARRY4 (Prop_carry4_CI_O[3])
                                                      0.313    11.199 r  u_dht_controller/u_make_start_trigger/counter_1s_reg[24]_i_1/O[3]
                         net (fo=1, routed)           0.000    11.199    u_dht_controller/u_make_start_trigger/counter_1s_reg[24]_i_1_n_4
    SLICE_X32Y106        FDCE                                         r  u_dht_controller/u_make_start_trigger/counter_1s_reg[27]/D
  -------------------------------------------------------------------    -------------------

                         (clock sys_clk_pin rise edge)
                                                     10.000    10.000 r  
    W5                                                0.000    10.000 r  clk (IN)
                         net (fo=0)                   0.000    10.000    clk
    W5                   IBUF (Prop_ibuf_I_O)         1.388    11.388 r  clk_IBUF_inst/O
                         net (fo=1, routed)           1.862    13.250    clk_IBUF
    BUFGCTRL_X0Y0        BUFG (Prop_bufg_I_O)         0.091    13.341 r  clk_IBUF_BUFG_inst/O
                         net (fo=307, routed)         1.609    14.950    u_dht_controller/u_make_start_trigger/CLK
    SLICE_X32Y106        FDCE                                         r  u_dht_controller/u_make_start_trigger/counter_1s_reg[27]/C
                         clock pessimism              0.282    15.232    
                         clock uncertainty           -0.035    15.197    
    SLICE_X32Y106        FDCE (Setup_fdce_C_D)        0.062    15.259    u_dht_controller/u_make_start_trigger/counter_1s_reg[27]
  -------------------------------------------------------------------
                         required time                         15.259    
                         arrival time                         -11.199    
  -------------------------------------------------------------------
                         slack                                  4.060    

Slack (MET) :             4.103ns  (required time - arrival time)
  Source:                 u_dht_controller/u_receive_data/data_reg[18]/C
                            (rising edge-triggered cell FDCE clocked by sys_clk_pin  {rise@0.000ns fall@5.000ns period=10.000ns})
  Destination:            u_dht_controller/u_receive_data/tem_int_reg[4]/D
                            (rising edge-triggered cell FDCE clocked by sys_clk_pin  {rise@0.000ns fall@5.000ns period=10.000ns})
  Path Group:             sys_clk_pin
  Path Type:              Setup (Max at Slow Process Corner)
  Requirement:            10.000ns  (sys_clk_pin rise@10.000ns - sys_clk_pin rise@0.000ns)
  Data Path Delay:        5.852ns  (logic 1.928ns (32.945%)  route 3.924ns (67.055%))
  Logic Levels:           6  (CARRY4=1 LUT2=1 LUT3=1 LUT5=1 LUT6=2)
  Clock Path Skew:        -0.040ns (DCD - SCD + CPR)
    Destination Clock Delay (DCD):    4.952ns = ( 14.952 - 10.000 ) 
    Source Clock Delay      (SCD):    5.259ns
    Clock Pessimism Removal (CPR):    0.267ns
  Clock Uncertainty:      0.035ns  ((TSJ^2 + TIJ^2)^1/2 + DJ) / 2 + PE
    Total System Jitter     (TSJ):    0.071ns
    Total Input Jitter      (TIJ):    0.000ns
    Discrete Jitter          (DJ):    0.000ns
    Phase Error              (PE):    0.000ns

    Location             Delay type                Incr(ns)  Path(ns)    Netlist Resource(s)
  -------------------------------------------------------------------    -------------------
                         (clock sys_clk_pin rise edge)
                                                      0.000     0.000 r  
    W5                                                0.000     0.000 r  clk (IN)
                         net (fo=0)                   0.000     0.000    clk
    W5                   IBUF (Prop_ibuf_I_O)         1.458     1.458 r  clk_IBUF_inst/O
                         net (fo=1, routed)           1.967     3.425    clk_IBUF
    BUFGCTRL_X0Y0        BUFG (Prop_bufg_I_O)         0.096     3.521 r  clk_IBUF_BUFG_inst/O
                         net (fo=307, routed)         1.738     5.259    u_dht_controller/u_receive_data/CLK
    SLICE_X25Y106        FDCE                                         r  u_dht_controller/u_receive_data/data_reg[18]/C
  -------------------------------------------------------------------    -------------------
    SLICE_X25Y106        FDCE (Prop_fdce_C_Q)         0.456     5.715 r  u_dht_controller/u_receive_data/data_reg[18]/Q
                         net (fo=5, routed)           0.748     6.463    u_dht_controller/u_receive_data/data_reg_n_0_[18]
    SLICE_X25Y105        LUT3 (Prop_lut3_I0_O)        0.124     6.587 r  u_dht_controller/u_receive_data/hum_int2__2_carry_i_8/O
                         net (fo=3, routed)           0.832     7.419    u_dht_controller/u_receive_data/hum_int2__2_carry_i_8_n_0
    SLICE_X27Y104        LUT5 (Prop_lut5_I3_O)        0.153     7.572 r  u_dht_controller/u_receive_data/hum_int2__2_carry_i_2/O
                         net (fo=1, routed)           0.334     7.907    u_dht_controller/u_receive_data/hum_int2__2_carry_i_2_n_0
    SLICE_X26Y104        CARRY4 (Prop_carry4_DI[2]_O[3])
                                                      0.641     8.548 r  u_dht_controller/u_receive_data/hum_int2__2_carry/O[3]
                         net (fo=1, routed)           0.953     9.500    u_dht_controller/u_receive_data/hum_int2[3]
    SLICE_X27Y105        LUT6 (Prop_lut6_I0_O)        0.306     9.806 f  u_dht_controller/u_receive_data/hum_int[7]_i_5/O
                         net (fo=1, routed)           0.263    10.069    u_dht_controller/u_receive_data/hum_int[7]_i_5_n_0
    SLICE_X27Y105        LUT6 (Prop_lut6_I5_O)        0.124    10.193 f  u_dht_controller/u_receive_data/hum_int[7]_i_3/O
                         net (fo=16, routed)          0.794    10.987    u_dht_controller/u_receive_data/hum_int[7]_i_3_n_0
    SLICE_X28Y106        LUT2 (Prop_lut2_I1_O)        0.124    11.111 r  u_dht_controller/u_receive_data/tem_int[4]_i_1/O
                         net (fo=1, routed)           0.000    11.111    u_dht_controller/u_receive_data/tem_int[4]_i_1_n_0
    SLICE_X28Y106        FDCE                                         r  u_dht_controller/u_receive_data/tem_int_reg[4]/D
  -------------------------------------------------------------------    -------------------

                         (clock sys_clk_pin rise edge)
                                                     10.000    10.000 r  
    W5                                                0.000    10.000 r  clk (IN)
                         net (fo=0)                   0.000    10.000    clk
    W5                   IBUF (Prop_ibuf_I_O)         1.388    11.388 r  clk_IBUF_inst/O
                         net (fo=1, routed)           1.862    13.250    clk_IBUF
    BUFGCTRL_X0Y0        BUFG (Prop_bufg_I_O)         0.091    13.341 r  clk_IBUF_BUFG_inst/O
                         net (fo=307, routed)         1.611    14.952    u_dht_controller/u_receive_data/CLK
    SLICE_X28Y106        FDCE                                         r  u_dht_controller/u_receive_data/tem_int_reg[4]/C
                         clock pessimism              0.267    15.219    
                         clock uncertainty           -0.035    15.184    
    SLICE_X28Y106        FDCE (Setup_fdce_C_D)        0.031    15.215    u_dht_controller/u_receive_data/tem_int_reg[4]
  -------------------------------------------------------------------
                         required time                         15.215    
                         arrival time                         -11.111    
  -------------------------------------------------------------------
                         slack                                  4.103    

Slack (MET) :             4.118ns  (required time - arrival time)
  Source:                 u_dht_controller/u_receive_data/data_reg[18]/C
                            (rising edge-triggered cell FDCE clocked by sys_clk_pin  {rise@0.000ns fall@5.000ns period=10.000ns})
  Destination:            u_dht_controller/u_receive_data/tem_int_reg[5]/D
                            (rising edge-triggered cell FDCE clocked by sys_clk_pin  {rise@0.000ns fall@5.000ns period=10.000ns})
  Path Group:             sys_clk_pin
  Path Type:              Setup (Max at Slow Process Corner)
  Requirement:            10.000ns  (sys_clk_pin rise@10.000ns - sys_clk_pin rise@0.000ns)
  Data Path Delay:        5.881ns  (logic 1.957ns (33.276%)  route 3.924ns (66.724%))
  Logic Levels:           6  (CARRY4=1 LUT2=1 LUT3=1 LUT5=1 LUT6=2)
  Clock Path Skew:        -0.040ns (DCD - SCD + CPR)
    Destination Clock Delay (DCD):    4.952ns = ( 14.952 - 10.000 ) 
    Source Clock Delay      (SCD):    5.259ns
    Clock Pessimism Removal (CPR):    0.267ns
  Clock Uncertainty:      0.035ns  ((TSJ^2 + TIJ^2)^1/2 + DJ) / 2 + PE
    Total System Jitter     (TSJ):    0.071ns
    Total Input Jitter      (TIJ):    0.000ns
    Discrete Jitter          (DJ):    0.000ns
    Phase Error              (PE):    0.000ns

    Location             Delay type                Incr(ns)  Path(ns)    Netlist Resource(s)
  -------------------------------------------------------------------    -------------------
                         (clock sys_clk_pin rise edge)
                                                      0.000     0.000 r  
    W5                                                0.000     0.000 r  clk (IN)
                         net (fo=0)                   0.000     0.000    clk
    W5                   IBUF (Prop_ibuf_I_O)         1.458     1.458 r  clk_IBUF_inst/O
                         net (fo=1, routed)           1.967     3.425    clk_IBUF
    BUFGCTRL_X0Y0        BUFG (Prop_bufg_I_O)         0.096     3.521 r  clk_IBUF_BUFG_inst/O
                         net (fo=307, routed)         1.738     5.259    u_dht_controller/u_receive_data/CLK
    SLICE_X25Y106        FDCE                                         r  u_dht_controller/u_receive_data/data_reg[18]/C
  -------------------------------------------------------------------    -------------------
    SLICE_X25Y106        FDCE (Prop_fdce_C_Q)         0.456     5.715 r  u_dht_controller/u_receive_data/data_reg[18]/Q
                         net (fo=5, routed)           0.748     6.463    u_dht_controller/u_receive_data/data_reg_n_0_[18]
    SLICE_X25Y105        LUT3 (Prop_lut3_I0_O)        0.124     6.587 r  u_dht_controller/u_receive_data/hum_int2__2_carry_i_8/O
                         net (fo=3, routed)           0.832     7.419    u_dht_controller/u_receive_data/hum_int2__2_carry_i_8_n_0
    SLICE_X27Y104        LUT5 (Prop_lut5_I3_O)        0.153     7.572 r  u_dht_controller/u_receive_data/hum_int2__2_carry_i_2/O
                         net (fo=1, routed)           0.334     7.907    u_dht_controller/u_receive_data/hum_int2__2_carry_i_2_n_0
    SLICE_X26Y104        CARRY4 (Prop_carry4_DI[2]_O[3])
                                                      0.641     8.548 r  u_dht_controller/u_receive_data/hum_int2__2_carry/O[3]
                         net (fo=1, routed)           0.953     9.500    u_dht_controller/u_receive_data/hum_int2[3]
    SLICE_X27Y105        LUT6 (Prop_lut6_I0_O)        0.306     9.806 f  u_dht_controller/u_receive_data/hum_int[7]_i_5/O
                         net (fo=1, routed)           0.263    10.069    u_dht_controller/u_receive_data/hum_int[7]_i_5_n_0
    SLICE_X27Y105        LUT6 (Prop_lut6_I5_O)        0.124    10.193 f  u_dht_controller/u_receive_data/hum_int[7]_i_3/O
                         net (fo=16, routed)          0.794    10.987    u_dht_controller/u_receive_data/hum_int[7]_i_3_n_0
    SLICE_X28Y106        LUT2 (Prop_lut2_I1_O)        0.153    11.140 r  u_dht_controller/u_receive_data/tem_int[5]_i_1/O
                         net (fo=1, routed)           0.000    11.140    u_dht_controller/u_receive_data/tem_int[5]_i_1_n_0
    SLICE_X28Y106        FDCE                                         r  u_dht_controller/u_receive_data/tem_int_reg[5]/D
  -------------------------------------------------------------------    -------------------

                         (clock sys_clk_pin rise edge)
                                                     10.000    10.000 r  
    W5                                                0.000    10.000 r  clk (IN)
                         net (fo=0)                   0.000    10.000    clk
    W5                   IBUF (Prop_ibuf_I_O)         1.388    11.388 r  clk_IBUF_inst/O
                         net (fo=1, routed)           1.862    13.250    clk_IBUF
    BUFGCTRL_X0Y0        BUFG (Prop_bufg_I_O)         0.091    13.341 r  clk_IBUF_BUFG_inst/O
                         net (fo=307, routed)         1.611    14.952    u_dht_controller/u_receive_data/CLK
    SLICE_X28Y106        FDCE                                         r  u_dht_controller/u_receive_data/tem_int_reg[5]/C
                         clock pessimism              0.267    15.219    
                         clock uncertainty           -0.035    15.184    
    SLICE_X28Y106        FDCE (Setup_fdce_C_D)        0.075    15.259    u_dht_controller/u_receive_data/tem_int_reg[5]
  -------------------------------------------------------------------
                         required time                         15.259    
                         arrival time                         -11.140    
  -------------------------------------------------------------------
                         slack                                  4.118    

Slack (MET) :             4.133ns  (required time - arrival time)
  Source:                 u_dht_controller/u_receive_data/data_reg[18]/C
                            (rising edge-triggered cell FDCE clocked by sys_clk_pin  {rise@0.000ns fall@5.000ns period=10.000ns})
  Destination:            u_dht_controller/u_receive_data/tem_int_reg[2]/D
                            (rising edge-triggered cell FDCE clocked by sys_clk_pin  {rise@0.000ns fall@5.000ns period=10.000ns})
  Path Group:             sys_clk_pin
  Path Type:              Setup (Max at Slow Process Corner)
  Requirement:            10.000ns  (sys_clk_pin rise@10.000ns - sys_clk_pin rise@0.000ns)
  Data Path Delay:        5.823ns  (logic 1.928ns (33.111%)  route 3.895ns (66.889%))
  Logic Levels:           6  (CARRY4=1 LUT2=1 LUT3=1 LUT5=1 LUT6=2)
  Clock Path Skew:        -0.040ns (DCD - SCD + CPR)
    Destination Clock Delay (DCD):    4.952ns = ( 14.952 - 10.000 ) 
    Source Clock Delay      (SCD):    5.259ns
    Clock Pessimism Removal (CPR):    0.267ns
  Clock Uncertainty:      0.035ns  ((TSJ^2 + TIJ^2)^1/2 + DJ) / 2 + PE
    Total System Jitter     (TSJ):    0.071ns
    Total Input Jitter      (TIJ):    0.000ns
    Discrete Jitter          (DJ):    0.000ns
    Phase Error              (PE):    0.000ns

    Location             Delay type                Incr(ns)  Path(ns)    Netlist Resource(s)
  -------------------------------------------------------------------    -------------------
                         (clock sys_clk_pin rise edge)
                                                      0.000     0.000 r  
    W5                                                0.000     0.000 r  clk (IN)
                         net (fo=0)                   0.000     0.000    clk
    W5                   IBUF (Prop_ibuf_I_O)         1.458     1.458 r  clk_IBUF_inst/O
                         net (fo=1, routed)           1.967     3.425    clk_IBUF
    BUFGCTRL_X0Y0        BUFG (Prop_bufg_I_O)         0.096     3.521 r  clk_IBUF_BUFG_inst/O
                         net (fo=307, routed)         1.738     5.259    u_dht_controller/u_receive_data/CLK
    SLICE_X25Y106        FDCE                                         r  u_dht_controller/u_receive_data/data_reg[18]/C
  -------------------------------------------------------------------    -------------------
    SLICE_X25Y106        FDCE (Prop_fdce_C_Q)         0.456     5.715 r  u_dht_controller/u_receive_data/data_reg[18]/Q
                         net (fo=5, routed)           0.748     6.463    u_dht_controller/u_receive_data/data_reg_n_0_[18]
    SLICE_X25Y105        LUT3 (Prop_lut3_I0_O)        0.124     6.587 r  u_dht_controller/u_receive_data/hum_int2__2_carry_i_8/O
                         net (fo=3, routed)           0.832     7.419    u_dht_controller/u_receive_data/hum_int2__2_carry_i_8_n_0
    SLICE_X27Y104        LUT5 (Prop_lut5_I3_O)        0.153     7.572 r  u_dht_controller/u_receive_data/hum_int2__2_carry_i_2/O
                         net (fo=1, routed)           0.334     7.907    u_dht_controller/u_receive_data/hum_int2__2_carry_i_2_n_0
    SLICE_X26Y104        CARRY4 (Prop_carry4_DI[2]_O[3])
                                                      0.641     8.548 r  u_dht_controller/u_receive_data/hum_int2__2_carry/O[3]
                         net (fo=1, routed)           0.953     9.500    u_dht_controller/u_receive_data/hum_int2[3]
    SLICE_X27Y105        LUT6 (Prop_lut6_I0_O)        0.306     9.806 f  u_dht_controller/u_receive_data/hum_int[7]_i_5/O
                         net (fo=1, routed)           0.263    10.069    u_dht_controller/u_receive_data/hum_int[7]_i_5_n_0
    SLICE_X27Y105        LUT6 (Prop_lut6_I5_O)        0.124    10.193 f  u_dht_controller/u_receive_data/hum_int[7]_i_3/O
                         net (fo=16, routed)          0.765    10.958    u_dht_controller/u_receive_data/hum_int[7]_i_3_n_0
    SLICE_X28Y106        LUT2 (Prop_lut2_I1_O)        0.124    11.082 r  u_dht_controller/u_receive_data/tem_int[2]_i_1/O
                         net (fo=1, routed)           0.000    11.082    u_dht_controller/u_receive_data/tem_int[2]_i_1_n_0
    SLICE_X28Y106        FDCE                                         r  u_dht_controller/u_receive_data/tem_int_reg[2]/D
  -------------------------------------------------------------------    -------------------

                         (clock sys_clk_pin rise edge)
                                                     10.000    10.000 r  
    W5                                                0.000    10.000 r  clk (IN)
                         net (fo=0)                   0.000    10.000    clk
    W5                   IBUF (Prop_ibuf_I_O)         1.388    11.388 r  clk_IBUF_inst/O
                         net (fo=1, routed)           1.862    13.250    clk_IBUF
    BUFGCTRL_X0Y0        BUFG (Prop_bufg_I_O)         0.091    13.341 r  clk_IBUF_BUFG_inst/O
                         net (fo=307, routed)         1.611    14.952    u_dht_controller/u_receive_data/CLK
    SLICE_X28Y106        FDCE                                         r  u_dht_controller/u_receive_data/tem_int_reg[2]/C
                         clock pessimism              0.267    15.219    
                         clock uncertainty           -0.035    15.184    
    SLICE_X28Y106        FDCE (Setup_fdce_C_D)        0.031    15.215    u_dht_controller/u_receive_data/tem_int_reg[2]
  -------------------------------------------------------------------
                         required time                         15.215    
                         arrival time                         -11.082    
  -------------------------------------------------------------------
                         slack                                  4.133    

Slack (MET) :             4.134ns  (required time - arrival time)
  Source:                 u_dht_controller/u_make_start_trigger/counter_1s_reg[3]/C
                            (rising edge-triggered cell FDCE clocked by sys_clk_pin  {rise@0.000ns fall@5.000ns period=10.000ns})
  Destination:            u_dht_controller/u_make_start_trigger/counter_1s_reg[26]/D
                            (rising edge-triggered cell FDCE clocked by sys_clk_pin  {rise@0.000ns fall@5.000ns period=10.000ns})
  Path Group:             sys_clk_pin
  Path Type:              Setup (Max at Slow Process Corner)
  Requirement:            10.000ns  (sys_clk_pin rise@10.000ns - sys_clk_pin rise@0.000ns)
  Data Path Delay:        5.866ns  (logic 2.535ns (43.212%)  route 3.331ns (56.788%))
  Logic Levels:           13  (CARRY4=7 LUT6=6)
  Clock Path Skew:        -0.026ns (DCD - SCD + CPR)
    Destination Clock Delay (DCD):    4.950ns = ( 14.950 - 10.000 ) 
    Source Clock Delay      (SCD):    5.258ns
    Clock Pessimism Removal (CPR):    0.282ns
  Clock Uncertainty:      0.035ns  ((TSJ^2 + TIJ^2)^1/2 + DJ) / 2 + PE
    Total System Jitter     (TSJ):    0.071ns
    Total Input Jitter      (TIJ):    0.000ns
    Discrete Jitter          (DJ):    0.000ns
    Phase Error              (PE):    0.000ns

    Location             Delay type                Incr(ns)  Path(ns)    Netlist Resource(s)
  -------------------------------------------------------------------    -------------------
                         (clock sys_clk_pin rise edge)
                                                      0.000     0.000 r  
    W5                                                0.000     0.000 r  clk (IN)
                         net (fo=0)                   0.000     0.000    clk
    W5                   IBUF (Prop_ibuf_I_O)         1.458     1.458 r  clk_IBUF_inst/O
                         net (fo=1, routed)           1.967     3.425    clk_IBUF
    BUFGCTRL_X0Y0        BUFG (Prop_bufg_I_O)         0.096     3.521 r  clk_IBUF_BUFG_inst/O
                         net (fo=307, routed)         1.737     5.258    u_dht_controller/u_make_start_trigger/CLK
    SLICE_X32Y100        FDCE                                         r  u_dht_controller/u_make_start_trigger/counter_1s_reg[3]/C
  -------------------------------------------------------------------    -------------------
    SLICE_X32Y100        FDCE (Prop_fdce_C_Q)         0.456     5.714 f  u_dht_controller/u_make_start_trigger/counter_1s_reg[3]/Q
                         net (fo=2, routed)           0.810     6.524    u_dht_controller/u_make_start_trigger/counter_1s_reg[3]
    SLICE_X33Y101        LUT6 (Prop_lut6_I2_O)        0.124     6.648 r  u_dht_controller/u_make_start_trigger/start_trigger_i_6/O
                         net (fo=1, routed)           0.433     7.081    u_dht_controller/u_make_start_trigger/start_trigger_i_6_n_0
    SLICE_X33Y101        LUT6 (Prop_lut6_I0_O)        0.124     7.205 r  u_dht_controller/u_make_start_trigger/start_trigger_i_5/O
                         net (fo=1, routed)           0.432     7.638    u_dht_controller/u_make_start_trigger/start_trigger_i_5_n_0
    SLICE_X33Y102        LUT6 (Prop_lut6_I5_O)        0.124     7.762 r  u_dht_controller/u_make_start_trigger/start_trigger_i_4/O
                         net (fo=1, routed)           0.295     8.056    u_dht_controller/u_make_start_trigger/start_trigger_i_4_n_0
    SLICE_X33Y104        LUT6 (Prop_lut6_I2_O)        0.124     8.180 f  u_dht_controller/u_make_start_trigger/start_trigger_i_3/O
                         net (fo=1, routed)           0.432     8.612    u_dht_controller/u_make_start_trigger/start_trigger_i_3_n_0
    SLICE_X33Y105        LUT6 (Prop_lut6_I2_O)        0.124     8.736 f  u_dht_controller/u_make_start_trigger/start_trigger_i_2/O
                         net (fo=31, routed)          0.734     9.471    u_dht_controller/u_make_start_trigger/start_trigger_i_2_n_0
    SLICE_X33Y100        LUT6 (Prop_lut6_I0_O)        0.124     9.595 r  u_dht_controller/u_make_start_trigger/counter_1s[0]_i_2/O
                         net (fo=1, routed)           0.195     9.790    u_dht_controller/u_make_start_trigger/counter_1s[0]_i_2_n_0
    SLICE_X32Y100        CARRY4 (Prop_carry4_DI[0]_CO[3])
                                                      0.526    10.316 r  u_dht_controller/u_make_start_trigger/counter_1s_reg[0]_i_1/CO[3]
                         net (fo=1, routed)           0.000    10.316    u_dht_controller/u_make_start_trigger/counter_1s_reg[0]_i_1_n_0
    SLICE_X32Y101        CARRY4 (Prop_carry4_CI_CO[3])
                                                      0.114    10.430 r  u_dht_controller/u_make_start_trigger/counter_1s_reg[4]_i_1/CO[3]
                         net (fo=1, routed)           0.000    10.430    u_dht_controller/u_make_start_trigger/counter_1s_reg[4]_i_1_n_0
    SLICE_X32Y102        CARRY4 (Prop_carry4_CI_CO[3])
                                                      0.114    10.544 r  u_dht_controller/u_make_start_trigger/counter_1s_reg[8]_i_1/CO[3]
                         net (fo=1, routed)           0.000    10.544    u_dht_controller/u_make_start_trigger/counter_1s_reg[8]_i_1_n_0
    SLICE_X32Y103        CARRY4 (Prop_carry4_CI_CO[3])
                                                      0.114    10.658 r  u_dht_controller/u_make_start_trigger/counter_1s_reg[12]_i_1/CO[3]
                         net (fo=1, routed)           0.000    10.658    u_dht_controller/u_make_start_trigger/counter_1s_reg[12]_i_1_n_0
    SLICE_X32Y104        CARRY4 (Prop_carry4_CI_CO[3])
                                                      0.114    10.772 r  u_dht_controller/u_make_start_trigger/counter_1s_reg[16]_i_1/CO[3]
                         net (fo=1, routed)           0.000    10.772    u_dht_controller/u_make_start_trigger/counter_1s_reg[16]_i_1_n_0
    SLICE_X32Y105        CARRY4 (Prop_carry4_CI_CO[3])
                                                      0.114    10.886 r  u_dht_controller/u_make_start_trigger/counter_1s_reg[20]_i_1/CO[3]
                         net (fo=1, routed)           0.000    10.886    u_dht_controller/u_make_start_trigger/counter_1s_reg[20]_i_1_n_0
    SLICE_X32Y106        CARRY4 (Prop_carry4_CI_O[2])
                                                      0.239    11.125 r  u_dht_controller/u_make_start_trigger/counter_1s_reg[24]_i_1/O[2]
                         net (fo=1, routed)           0.000    11.125    u_dht_controller/u_make_start_trigger/counter_1s_reg[24]_i_1_n_5
    SLICE_X32Y106        FDCE                                         r  u_dht_controller/u_make_start_trigger/counter_1s_reg[26]/D
  -------------------------------------------------------------------    -------------------

                         (clock sys_clk_pin rise edge)
                                                     10.000    10.000 r  
    W5                                                0.000    10.000 r  clk (IN)
                         net (fo=0)                   0.000    10.000    clk
    W5                   IBUF (Prop_ibuf_I_O)         1.388    11.388 r  clk_IBUF_inst/O
                         net (fo=1, routed)           1.862    13.250    clk_IBUF
    BUFGCTRL_X0Y0        BUFG (Prop_bufg_I_O)         0.091    13.341 r  clk_IBUF_BUFG_inst/O
                         net (fo=307, routed)         1.609    14.950    u_dht_controller/u_make_start_trigger/CLK
    SLICE_X32Y106        FDCE                                         r  u_dht_controller/u_make_start_trigger/counter_1s_reg[26]/C
                         clock pessimism              0.282    15.232    
                         clock uncertainty           -0.035    15.197    
    SLICE_X32Y106        FDCE (Setup_fdce_C_D)        0.062    15.259    u_dht_controller/u_make_start_trigger/counter_1s_reg[26]
  -------------------------------------------------------------------
                         required time                         15.259    
                         arrival time                         -11.125    
  -------------------------------------------------------------------
                         slack                                  4.134    

Slack (MET) :             4.135ns  (required time - arrival time)
  Source:                 u_dht_controller/u_receive_data/data_reg[18]/C
                            (rising edge-triggered cell FDCE clocked by sys_clk_pin  {rise@0.000ns fall@5.000ns period=10.000ns})
  Destination:            u_dht_controller/u_receive_data/hum_int_reg[0]/D
                            (rising edge-triggered cell FDCE clocked by sys_clk_pin  {rise@0.000ns fall@5.000ns period=10.000ns})
  Path Group:             sys_clk_pin
  Path Type:              Setup (Max at Slow Process Corner)
  Requirement:            10.000ns  (sys_clk_pin rise@10.000ns - sys_clk_pin rise@0.000ns)
  Data Path Delay:        5.819ns  (logic 1.928ns (33.134%)  route 3.891ns (66.866%))
  Logic Levels:           6  (CARRY4=1 LUT2=1 LUT3=1 LUT5=1 LUT6=2)
  Clock Path Skew:        -0.040ns (DCD - SCD + CPR)
    Destination Clock Delay (DCD):    4.952ns = ( 14.952 - 10.000 ) 
    Source Clock Delay      (SCD):    5.259ns
    Clock Pessimism Removal (CPR):    0.267ns
  Clock Uncertainty:      0.035ns  ((TSJ^2 + TIJ^2)^1/2 + DJ) / 2 + PE
    Total System Jitter     (TSJ):    0.071ns
    Total Input Jitter      (TIJ):    0.000ns
    Discrete Jitter          (DJ):    0.000ns
    Phase Error              (PE):    0.000ns

    Location             Delay type                Incr(ns)  Path(ns)    Netlist Resource(s)
  -------------------------------------------------------------------    -------------------
                         (clock sys_clk_pin rise edge)
                                                      0.000     0.000 r  
    W5                                                0.000     0.000 r  clk (IN)
                         net (fo=0)                   0.000     0.000    clk
    W5                   IBUF (Prop_ibuf_I_O)         1.458     1.458 r  clk_IBUF_inst/O
                         net (fo=1, routed)           1.967     3.425    clk_IBUF
    BUFGCTRL_X0Y0        BUFG (Prop_bufg_I_O)         0.096     3.521 r  clk_IBUF_BUFG_inst/O
                         net (fo=307, routed)         1.738     5.259    u_dht_controller/u_receive_data/CLK
    SLICE_X25Y106        FDCE                                         r  u_dht_controller/u_receive_data/data_reg[18]/C
  -------------------------------------------------------------------    -------------------
    SLICE_X25Y106        FDCE (Prop_fdce_C_Q)         0.456     5.715 r  u_dht_controller/u_receive_data/data_reg[18]/Q
                         net (fo=5, routed)           0.748     6.463    u_dht_controller/u_receive_data/data_reg_n_0_[18]
    SLICE_X25Y105        LUT3 (Prop_lut3_I0_O)        0.124     6.587 r  u_dht_controller/u_receive_data/hum_int2__2_carry_i_8/O
                         net (fo=3, routed)           0.832     7.419    u_dht_controller/u_receive_data/hum_int2__2_carry_i_8_n_0
    SLICE_X27Y104        LUT5 (Prop_lut5_I3_O)        0.153     7.572 r  u_dht_controller/u_receive_data/hum_int2__2_carry_i_2/O
                         net (fo=1, routed)           0.334     7.907    u_dht_controller/u_receive_data/hum_int2__2_carry_i_2_n_0
    SLICE_X26Y104        CARRY4 (Prop_carry4_DI[2]_O[3])
                                                      0.641     8.548 r  u_dht_controller/u_receive_data/hum_int2__2_carry/O[3]
                         net (fo=1, routed)           0.953     9.500    u_dht_controller/u_receive_data/hum_int2[3]
    SLICE_X27Y105        LUT6 (Prop_lut6_I0_O)        0.306     9.806 f  u_dht_controller/u_receive_data/hum_int[7]_i_5/O
                         net (fo=1, routed)           0.263    10.069    u_dht_controller/u_receive_data/hum_int[7]_i_5_n_0
    SLICE_X27Y105        LUT6 (Prop_lut6_I5_O)        0.124    10.193 f  u_dht_controller/u_receive_data/hum_int[7]_i_3/O
                         net (fo=16, routed)          0.761    10.954    u_dht_controller/u_receive_data/hum_int[7]_i_3_n_0
    SLICE_X28Y106        LUT2 (Prop_lut2_I1_O)        0.124    11.078 r  u_dht_controller/u_receive_data/hum_int[0]_i_1/O
                         net (fo=1, routed)           0.000    11.078    u_dht_controller/u_receive_data/hum_int[0]_i_1_n_0
    SLICE_X28Y106        FDCE                                         r  u_dht_controller/u_receive_data/hum_int_reg[0]/D
  -------------------------------------------------------------------    -------------------

                         (clock sys_clk_pin rise edge)
                                                     10.000    10.000 r  
    W5                                                0.000    10.000 r  clk (IN)
                         net (fo=0)                   0.000    10.000    clk
    W5                   IBUF (Prop_ibuf_I_O)         1.388    11.388 r  clk_IBUF_inst/O
                         net (fo=1, routed)           1.862    13.250    clk_IBUF
    BUFGCTRL_X0Y0        BUFG (Prop_bufg_I_O)         0.091    13.341 r  clk_IBUF_BUFG_inst/O
                         net (fo=307, routed)         1.611    14.952    u_dht_controller/u_receive_data/CLK
    SLICE_X28Y106        FDCE                                         r  u_dht_controller/u_receive_data/hum_int_reg[0]/C
                         clock pessimism              0.267    15.219    
                         clock uncertainty           -0.035    15.184    
    SLICE_X28Y106        FDCE (Setup_fdce_C_D)        0.029    15.213    u_dht_controller/u_receive_data/hum_int_reg[0]
  -------------------------------------------------------------------
                         required time                         15.213    
                         arrival time                         -11.078    
  -------------------------------------------------------------------
                         slack                                  4.135    





Min Delay Paths
--------------------------------------------------------------------------------------
Slack (MET) :             0.035ns  (arrival time - required time)
  Source:                 u_uart_controller/u_uart_tx/r_baud_cnt_reg[3]/C
                            (rising edge-triggered cell FDCE clocked by sys_clk_pin  {rise@0.000ns fall@5.000ns period=10.000ns})
  Destination:            u_uart_controller/u_uart_tx/r_baud_cnt_reg[4]/D
                            (rising edge-triggered cell FDCE clocked by sys_clk_pin  {rise@0.000ns fall@5.000ns period=10.000ns})
  Path Group:             sys_clk_pin
  Path Type:              Hold (Min at Fast Process Corner)
  Requirement:            0.000ns  (sys_clk_pin rise@0.000ns - sys_clk_pin rise@0.000ns)
  Data Path Delay:        0.520ns  (logic 0.371ns (71.360%)  route 0.149ns (28.640%))
  Logic Levels:           3  (CARRY4=2 LUT6=1)
  Clock Path Skew:        0.351ns (DCD - SCD - CPR)
    Destination Clock Delay (DCD):    2.049ns
    Source Clock Delay      (SCD):    1.448ns
    Clock Pessimism Removal (CPR):    0.249ns

    Location             Delay type                Incr(ns)  Path(ns)    Netlist Resource(s)
  -------------------------------------------------------------------    -------------------
                         (clock sys_clk_pin rise edge)
                                                      0.000     0.000 r  
    W5                                                0.000     0.000 r  clk (IN)
                         net (fo=0)                   0.000     0.000    clk
    W5                   IBUF (Prop_ibuf_I_O)         0.226     0.226 r  clk_IBUF_inst/O
                         net (fo=1, routed)           0.631     0.858    clk_IBUF
    BUFGCTRL_X0Y0        BUFG (Prop_bufg_I_O)         0.026     0.884 r  clk_IBUF_BUFG_inst/O
                         net (fo=307, routed)         0.565     1.448    u_uart_controller/u_uart_tx/CLK
    SLICE_X14Y99         FDCE                                         r  u_uart_controller/u_uart_tx/r_baud_cnt_reg[3]/C
  -------------------------------------------------------------------    -------------------
    SLICE_X14Y99         FDCE (Prop_fdce_C_Q)         0.164     1.612 r  u_uart_controller/u_uart_tx/r_baud_cnt_reg[3]/Q
                         net (fo=2, routed)           0.148     1.760    u_uart_controller/u_uart_tx/r_baud_cnt_reg[3]
    SLICE_X14Y99         LUT6 (Prop_lut6_I5_O)        0.045     1.805 r  u_uart_controller/u_uart_tx/r_baud_cnt[0]_i_3/O
                         net (fo=1, routed)           0.000     1.805    u_uart_controller/u_uart_tx/r_baud_cnt[0]_i_3_n_0
    SLICE_X14Y99         CARRY4 (Prop_carry4_S[3]_CO[3])
                                                      0.109     1.914 r  u_uart_controller/u_uart_tx/r_baud_cnt_reg[0]_i_1/CO[3]
                         net (fo=1, routed)           0.001     1.915    u_uart_controller/u_uart_tx/r_baud_cnt_reg[0]_i_1_n_0
    SLICE_X14Y100        CARRY4 (Prop_carry4_CI_O[0])
                                                      0.053     1.968 r  u_uart_controller/u_uart_tx/r_baud_cnt_reg[4]_i_1/O[0]
                         net (fo=1, routed)           0.000     1.968    u_uart_controller/u_uart_tx/r_baud_cnt_reg[4]_i_1_n_7
    SLICE_X14Y100        FDCE                                         r  u_uart_controller/u_uart_tx/r_baud_cnt_reg[4]/D
  -------------------------------------------------------------------    -------------------

                         (clock sys_clk_pin rise edge)
                                                      0.000     0.000 r  
    W5                                                0.000     0.000 r  clk (IN)
                         net (fo=0)                   0.000     0.000    clk
    W5                   IBUF (Prop_ibuf_I_O)         0.414     0.414 r  clk_IBUF_inst/O
                         net (fo=1, routed)           0.685     1.099    clk_IBUF
    BUFGCTRL_X0Y0        BUFG (Prop_bufg_I_O)         0.029     1.128 r  clk_IBUF_BUFG_inst/O
                         net (fo=307, routed)         0.921     2.049    u_uart_controller/u_uart_tx/CLK
    SLICE_X14Y100        FDCE                                         r  u_uart_controller/u_uart_tx/r_baud_cnt_reg[4]/C
                         clock pessimism             -0.249     1.800    
    SLICE_X14Y100        FDCE (Hold_fdce_C_D)         0.134     1.934    u_uart_controller/u_uart_tx/r_baud_cnt_reg[4]
  -------------------------------------------------------------------
                         required time                         -1.934    
                         arrival time                           1.968    
  -------------------------------------------------------------------
                         slack                                  0.035    

Slack (MET) :             0.048ns  (arrival time - required time)
  Source:                 u_uart_controller/u_uart_tx/r_baud_cnt_reg[3]/C
                            (rising edge-triggered cell FDCE clocked by sys_clk_pin  {rise@0.000ns fall@5.000ns period=10.000ns})
  Destination:            u_uart_controller/u_uart_tx/r_baud_cnt_reg[6]/D
                            (rising edge-triggered cell FDCE clocked by sys_clk_pin  {rise@0.000ns fall@5.000ns period=10.000ns})
  Path Group:             sys_clk_pin
  Path Type:              Hold (Min at Fast Process Corner)
  Requirement:            0.000ns  (sys_clk_pin rise@0.000ns - sys_clk_pin rise@0.000ns)
  Data Path Delay:        0.533ns  (logic 0.384ns (72.058%)  route 0.149ns (27.942%))
  Logic Levels:           3  (CARRY4=2 LUT6=1)
  Clock Path Skew:        0.351ns (DCD - SCD - CPR)
    Destination Clock Delay (DCD):    2.049ns
    Source Clock Delay      (SCD):    1.448ns
    Clock Pessimism Removal (CPR):    0.249ns

    Location             Delay type                Incr(ns)  Path(ns)    Netlist Resource(s)
  -------------------------------------------------------------------    -------------------
                         (clock sys_clk_pin rise edge)
                                                      0.000     0.000 r  
    W5                                                0.000     0.000 r  clk (IN)
                         net (fo=0)                   0.000     0.000    clk
    W5                   IBUF (Prop_ibuf_I_O)         0.226     0.226 r  clk_IBUF_inst/O
                         net (fo=1, routed)           0.631     0.858    clk_IBUF
    BUFGCTRL_X0Y0        BUFG (Prop_bufg_I_O)         0.026     0.884 r  clk_IBUF_BUFG_inst/O
                         net (fo=307, routed)         0.565     1.448    u_uart_controller/u_uart_tx/CLK
    SLICE_X14Y99         FDCE                                         r  u_uart_controller/u_uart_tx/r_baud_cnt_reg[3]/C
  -------------------------------------------------------------------    -------------------
    SLICE_X14Y99         FDCE (Prop_fdce_C_Q)         0.164     1.612 r  u_uart_controller/u_uart_tx/r_baud_cnt_reg[3]/Q
                         net (fo=2, routed)           0.148     1.760    u_uart_controller/u_uart_tx/r_baud_cnt_reg[3]
    SLICE_X14Y99         LUT6 (Prop_lut6_I5_O)        0.045     1.805 r  u_uart_controller/u_uart_tx/r_baud_cnt[0]_i_3/O
                         net (fo=1, routed)           0.000     1.805    u_uart_controller/u_uart_tx/r_baud_cnt[0]_i_3_n_0
    SLICE_X14Y99         CARRY4 (Prop_carry4_S[3]_CO[3])
                                                      0.109     1.914 r  u_uart_controller/u_uart_tx/r_baud_cnt_reg[0]_i_1/CO[3]
                         net (fo=1, routed)           0.001     1.915    u_uart_controller/u_uart_tx/r_baud_cnt_reg[0]_i_1_n_0
    SLICE_X14Y100        CARRY4 (Prop_carry4_CI_O[2])
                                                      0.066     1.981 r  u_uart_controller/u_uart_tx/r_baud_cnt_reg[4]_i_1/O[2]
                         net (fo=1, routed)           0.000     1.981    u_uart_controller/u_uart_tx/r_baud_cnt_reg[4]_i_1_n_5
    SLICE_X14Y100        FDCE                                         r  u_uart_controller/u_uart_tx/r_baud_cnt_reg[6]/D
  -------------------------------------------------------------------    -------------------

                         (clock sys_clk_pin rise edge)
                                                      0.000     0.000 r  
    W5                                                0.000     0.000 r  clk (IN)
                         net (fo=0)                   0.000     0.000    clk
    W5                   IBUF (Prop_ibuf_I_O)         0.414     0.414 r  clk_IBUF_inst/O
                         net (fo=1, routed)           0.685     1.099    clk_IBUF
    BUFGCTRL_X0Y0        BUFG (Prop_bufg_I_O)         0.029     1.128 r  clk_IBUF_BUFG_inst/O
                         net (fo=307, routed)         0.921     2.049    u_uart_controller/u_uart_tx/CLK
    SLICE_X14Y100        FDCE                                         r  u_uart_controller/u_uart_tx/r_baud_cnt_reg[6]/C
                         clock pessimism             -0.249     1.800    
    SLICE_X14Y100        FDCE (Hold_fdce_C_D)         0.134     1.934    u_uart_controller/u_uart_tx/r_baud_cnt_reg[6]
  -------------------------------------------------------------------
                         required time                         -1.934    
                         arrival time                           1.981    
  -------------------------------------------------------------------
                         slack                                  0.048    

Slack (MET) :             0.071ns  (arrival time - required time)
  Source:                 u_uart_controller/u_uart_tx/r_baud_cnt_reg[3]/C
                            (rising edge-triggered cell FDCE clocked by sys_clk_pin  {rise@0.000ns fall@5.000ns period=10.000ns})
  Destination:            u_uart_controller/u_uart_tx/r_baud_cnt_reg[5]/D
                            (rising edge-triggered cell FDCE clocked by sys_clk_pin  {rise@0.000ns fall@5.000ns period=10.000ns})
  Path Group:             sys_clk_pin
  Path Type:              Hold (Min at Fast Process Corner)
  Requirement:            0.000ns  (sys_clk_pin rise@0.000ns - sys_clk_pin rise@0.000ns)
  Data Path Delay:        0.556ns  (logic 0.407ns (73.214%)  route 0.149ns (26.786%))
  Logic Levels:           3  (CARRY4=2 LUT6=1)
  Clock Path Skew:        0.351ns (DCD - SCD - CPR)
    Destination Clock Delay (DCD):    2.049ns
    Source Clock Delay      (SCD):    1.448ns
    Clock Pessimism Removal (CPR):    0.249ns

    Location             Delay type                Incr(ns)  Path(ns)    Netlist Resource(s)
  -------------------------------------------------------------------    -------------------
                         (clock sys_clk_pin rise edge)
                                                      0.000     0.000 r  
    W5                                                0.000     0.000 r  clk (IN)
                         net (fo=0)                   0.000     0.000    clk
    W5                   IBUF (Prop_ibuf_I_O)         0.226     0.226 r  clk_IBUF_inst/O
                         net (fo=1, routed)           0.631     0.858    clk_IBUF
    BUFGCTRL_X0Y0        BUFG (Prop_bufg_I_O)         0.026     0.884 r  clk_IBUF_BUFG_inst/O
                         net (fo=307, routed)         0.565     1.448    u_uart_controller/u_uart_tx/CLK
    SLICE_X14Y99         FDCE                                         r  u_uart_controller/u_uart_tx/r_baud_cnt_reg[3]/C
  -------------------------------------------------------------------    -------------------
    SLICE_X14Y99         FDCE (Prop_fdce_C_Q)         0.164     1.612 r  u_uart_controller/u_uart_tx/r_baud_cnt_reg[3]/Q
                         net (fo=2, routed)           0.148     1.760    u_uart_controller/u_uart_tx/r_baud_cnt_reg[3]
    SLICE_X14Y99         LUT6 (Prop_lut6_I5_O)        0.045     1.805 r  u_uart_controller/u_uart_tx/r_baud_cnt[0]_i_3/O
                         net (fo=1, routed)           0.000     1.805    u_uart_controller/u_uart_tx/r_baud_cnt[0]_i_3_n_0
    SLICE_X14Y99         CARRY4 (Prop_carry4_S[3]_CO[3])
                                                      0.109     1.914 r  u_uart_controller/u_uart_tx/r_baud_cnt_reg[0]_i_1/CO[3]
                         net (fo=1, routed)           0.001     1.915    u_uart_controller/u_uart_tx/r_baud_cnt_reg[0]_i_1_n_0
    SLICE_X14Y100        CARRY4 (Prop_carry4_CI_O[1])
                                                      0.089     2.004 r  u_uart_controller/u_uart_tx/r_baud_cnt_reg[4]_i_1/O[1]
                         net (fo=1, routed)           0.000     2.004    u_uart_controller/u_uart_tx/r_baud_cnt_reg[4]_i_1_n_6
    SLICE_X14Y100        FDCE                                         r  u_uart_controller/u_uart_tx/r_baud_cnt_reg[5]/D
  -------------------------------------------------------------------    -------------------

                         (clock sys_clk_pin rise edge)
                                                      0.000     0.000 r  
    W5                                                0.000     0.000 r  clk (IN)
                         net (fo=0)                   0.000     0.000    clk
    W5                   IBUF (Prop_ibuf_I_O)         0.414     0.414 r  clk_IBUF_inst/O
                         net (fo=1, routed)           0.685     1.099    clk_IBUF
    BUFGCTRL_X0Y0        BUFG (Prop_bufg_I_O)         0.029     1.128 r  clk_IBUF_BUFG_inst/O
                         net (fo=307, routed)         0.921     2.049    u_uart_controller/u_uart_tx/CLK
    SLICE_X14Y100        FDCE                                         r  u_uart_controller/u_uart_tx/r_baud_cnt_reg[5]/C
                         clock pessimism             -0.249     1.800    
    SLICE_X14Y100        FDCE (Hold_fdce_C_D)         0.134     1.934    u_uart_controller/u_uart_tx/r_baud_cnt_reg[5]
  -------------------------------------------------------------------
                         required time                         -1.934    
                         arrival time                           2.004    
  -------------------------------------------------------------------
                         slack                                  0.071    

Slack (MET) :             0.073ns  (arrival time - required time)
  Source:                 u_uart_controller/u_uart_tx/r_baud_cnt_reg[3]/C
                            (rising edge-triggered cell FDCE clocked by sys_clk_pin  {rise@0.000ns fall@5.000ns period=10.000ns})
  Destination:            u_uart_controller/u_uart_tx/r_baud_cnt_reg[7]/D
                            (rising edge-triggered cell FDCE clocked by sys_clk_pin  {rise@0.000ns fall@5.000ns period=10.000ns})
  Path Group:             sys_clk_pin
  Path Type:              Hold (Min at Fast Process Corner)
  Requirement:            0.000ns  (sys_clk_pin rise@0.000ns - sys_clk_pin rise@0.000ns)
  Data Path Delay:        0.558ns  (logic 0.409ns (73.310%)  route 0.149ns (26.689%))
  Logic Levels:           3  (CARRY4=2 LUT6=1)
  Clock Path Skew:        0.351ns (DCD - SCD - CPR)
    Destination Clock Delay (DCD):    2.049ns
    Source Clock Delay      (SCD):    1.448ns
    Clock Pessimism Removal (CPR):    0.249ns

    Location             Delay type                Incr(ns)  Path(ns)    Netlist Resource(s)
  -------------------------------------------------------------------    -------------------
                         (clock sys_clk_pin rise edge)
                                                      0.000     0.000 r  
    W5                                                0.000     0.000 r  clk (IN)
                         net (fo=0)                   0.000     0.000    clk
    W5                   IBUF (Prop_ibuf_I_O)         0.226     0.226 r  clk_IBUF_inst/O
                         net (fo=1, routed)           0.631     0.858    clk_IBUF
    BUFGCTRL_X0Y0        BUFG (Prop_bufg_I_O)         0.026     0.884 r  clk_IBUF_BUFG_inst/O
                         net (fo=307, routed)         0.565     1.448    u_uart_controller/u_uart_tx/CLK
    SLICE_X14Y99         FDCE                                         r  u_uart_controller/u_uart_tx/r_baud_cnt_reg[3]/C
  -------------------------------------------------------------------    -------------------
    SLICE_X14Y99         FDCE (Prop_fdce_C_Q)         0.164     1.612 r  u_uart_controller/u_uart_tx/r_baud_cnt_reg[3]/Q
                         net (fo=2, routed)           0.148     1.760    u_uart_controller/u_uart_tx/r_baud_cnt_reg[3]
    SLICE_X14Y99         LUT6 (Prop_lut6_I5_O)        0.045     1.805 r  u_uart_controller/u_uart_tx/r_baud_cnt[0]_i_3/O
                         net (fo=1, routed)           0.000     1.805    u_uart_controller/u_uart_tx/r_baud_cnt[0]_i_3_n_0
    SLICE_X14Y99         CARRY4 (Prop_carry4_S[3]_CO[3])
                                                      0.109     1.914 r  u_uart_controller/u_uart_tx/r_baud_cnt_reg[0]_i_1/CO[3]
                         net (fo=1, routed)           0.001     1.915    u_uart_controller/u_uart_tx/r_baud_cnt_reg[0]_i_1_n_0
    SLICE_X14Y100        CARRY4 (Prop_carry4_CI_O[3])
                                                      0.091     2.006 r  u_uart_controller/u_uart_tx/r_baud_cnt_reg[4]_i_1/O[3]
                         net (fo=1, routed)           0.000     2.006    u_uart_controller/u_uart_tx/r_baud_cnt_reg[4]_i_1_n_4
    SLICE_X14Y100        FDCE                                         r  u_uart_controller/u_uart_tx/r_baud_cnt_reg[7]/D
  -------------------------------------------------------------------    -------------------

                         (clock sys_clk_pin rise edge)
                                                      0.000     0.000 r  
    W5                                                0.000     0.000 r  clk (IN)
                         net (fo=0)                   0.000     0.000    clk
    W5                   IBUF (Prop_ibuf_I_O)         0.414     0.414 r  clk_IBUF_inst/O
                         net (fo=1, routed)           0.685     1.099    clk_IBUF
    BUFGCTRL_X0Y0        BUFG (Prop_bufg_I_O)         0.029     1.128 r  clk_IBUF_BUFG_inst/O
                         net (fo=307, routed)         0.921     2.049    u_uart_controller/u_uart_tx/CLK
    SLICE_X14Y100        FDCE                                         r  u_uart_controller/u_uart_tx/r_baud_cnt_reg[7]/C
                         clock pessimism             -0.249     1.800    
    SLICE_X14Y100        FDCE (Hold_fdce_C_D)         0.134     1.934    u_uart_controller/u_uart_tx/r_baud_cnt_reg[7]
  -------------------------------------------------------------------
                         required time                         -1.934    
                         arrival time                           2.006    
  -------------------------------------------------------------------
                         slack                                  0.073    

Slack (MET) :             0.075ns  (arrival time - required time)
  Source:                 u_uart_controller/u_uart_tx/r_baud_cnt_reg[3]/C
                            (rising edge-triggered cell FDCE clocked by sys_clk_pin  {rise@0.000ns fall@5.000ns period=10.000ns})
  Destination:            u_uart_controller/u_uart_tx/r_baud_cnt_reg[8]/D
                            (rising edge-triggered cell FDCE clocked by sys_clk_pin  {rise@0.000ns fall@5.000ns period=10.000ns})
  Path Group:             sys_clk_pin
  Path Type:              Hold (Min at Fast Process Corner)
  Requirement:            0.000ns  (sys_clk_pin rise@0.000ns - sys_clk_pin rise@0.000ns)
  Data Path Delay:        0.560ns  (logic 0.411ns (73.406%)  route 0.149ns (26.594%))
  Logic Levels:           4  (CARRY4=3 LUT6=1)
  Clock Path Skew:        0.351ns (DCD - SCD - CPR)
    Destination Clock Delay (DCD):    2.049ns
    Source Clock Delay      (SCD):    1.448ns
    Clock Pessimism Removal (CPR):    0.249ns

    Location             Delay type                Incr(ns)  Path(ns)    Netlist Resource(s)
  -------------------------------------------------------------------    -------------------
                         (clock sys_clk_pin rise edge)
                                                      0.000     0.000 r  
    W5                                                0.000     0.000 r  clk (IN)
                         net (fo=0)                   0.000     0.000    clk
    W5                   IBUF (Prop_ibuf_I_O)         0.226     0.226 r  clk_IBUF_inst/O
                         net (fo=1, routed)           0.631     0.858    clk_IBUF
    BUFGCTRL_X0Y0        BUFG (Prop_bufg_I_O)         0.026     0.884 r  clk_IBUF_BUFG_inst/O
                         net (fo=307, routed)         0.565     1.448    u_uart_controller/u_uart_tx/CLK
    SLICE_X14Y99         FDCE                                         r  u_uart_controller/u_uart_tx/r_baud_cnt_reg[3]/C
  -------------------------------------------------------------------    -------------------
    SLICE_X14Y99         FDCE (Prop_fdce_C_Q)         0.164     1.612 r  u_uart_controller/u_uart_tx/r_baud_cnt_reg[3]/Q
                         net (fo=2, routed)           0.148     1.760    u_uart_controller/u_uart_tx/r_baud_cnt_reg[3]
    SLICE_X14Y99         LUT6 (Prop_lut6_I5_O)        0.045     1.805 r  u_uart_controller/u_uart_tx/r_baud_cnt[0]_i_3/O
                         net (fo=1, routed)           0.000     1.805    u_uart_controller/u_uart_tx/r_baud_cnt[0]_i_3_n_0
    SLICE_X14Y99         CARRY4 (Prop_carry4_S[3]_CO[3])
                                                      0.109     1.914 r  u_uart_controller/u_uart_tx/r_baud_cnt_reg[0]_i_1/CO[3]
                         net (fo=1, routed)           0.001     1.915    u_uart_controller/u_uart_tx/r_baud_cnt_reg[0]_i_1_n_0
    SLICE_X14Y100        CARRY4 (Prop_carry4_CI_CO[3])
                                                      0.040     1.955 r  u_uart_controller/u_uart_tx/r_baud_cnt_reg[4]_i_1/CO[3]
                         net (fo=1, routed)           0.000     1.955    u_uart_controller/u_uart_tx/r_baud_cnt_reg[4]_i_1_n_0
    SLICE_X14Y101        CARRY4 (Prop_carry4_CI_O[0])
                                                      0.053     2.008 r  u_uart_controller/u_uart_tx/r_baud_cnt_reg[8]_i_1/O[0]
                         net (fo=1, routed)           0.000     2.008    u_uart_controller/u_uart_tx/r_baud_cnt_reg[8]_i_1_n_7
    SLICE_X14Y101        FDCE                                         r  u_uart_controller/u_uart_tx/r_baud_cnt_reg[8]/D
  -------------------------------------------------------------------    -------------------

                         (clock sys_clk_pin rise edge)
                                                      0.000     0.000 r  
    W5                                                0.000     0.000 r  clk (IN)
                         net (fo=0)                   0.000     0.000    clk
    W5                   IBUF (Prop_ibuf_I_O)         0.414     0.414 r  clk_IBUF_inst/O
                         net (fo=1, routed)           0.685     1.099    clk_IBUF
    BUFGCTRL_X0Y0        BUFG (Prop_bufg_I_O)         0.029     1.128 r  clk_IBUF_BUFG_inst/O
                         net (fo=307, routed)         0.921     2.049    u_uart_controller/u_uart_tx/CLK
    SLICE_X14Y101        FDCE                                         r  u_uart_controller/u_uart_tx/r_baud_cnt_reg[8]/C
                         clock pessimism             -0.249     1.800    
    SLICE_X14Y101        FDCE (Hold_fdce_C_D)         0.134     1.934    u_uart_controller/u_uart_tx/r_baud_cnt_reg[8]
  -------------------------------------------------------------------
                         required time                         -1.934    
                         arrival time                           2.008    
  -------------------------------------------------------------------
                         slack                                  0.075    

Slack (MET) :             0.088ns  (arrival time - required time)
  Source:                 u_uart_controller/u_uart_tx/r_baud_cnt_reg[3]/C
                            (rising edge-triggered cell FDCE clocked by sys_clk_pin  {rise@0.000ns fall@5.000ns period=10.000ns})
  Destination:            u_uart_controller/u_uart_tx/r_baud_cnt_reg[10]/D
                            (rising edge-triggered cell FDCE clocked by sys_clk_pin  {rise@0.000ns fall@5.000ns period=10.000ns})
  Path Group:             sys_clk_pin
  Path Type:              Hold (Min at Fast Process Corner)
  Requirement:            0.000ns  (sys_clk_pin rise@0.000ns - sys_clk_pin rise@0.000ns)
  Data Path Delay:        0.573ns  (logic 0.424ns (74.009%)  route 0.149ns (25.991%))
  Logic Levels:           4  (CARRY4=3 LUT6=1)
  Clock Path Skew:        0.351ns (DCD - SCD - CPR)
    Destination Clock Delay (DCD):    2.049ns
    Source Clock Delay      (SCD):    1.448ns
    Clock Pessimism Removal (CPR):    0.249ns

    Location             Delay type                Incr(ns)  Path(ns)    Netlist Resource(s)
  -------------------------------------------------------------------    -------------------
                         (clock sys_clk_pin rise edge)
                                                      0.000     0.000 r  
    W5                                                0.000     0.000 r  clk (IN)
                         net (fo=0)                   0.000     0.000    clk
    W5                   IBUF (Prop_ibuf_I_O)         0.226     0.226 r  clk_IBUF_inst/O
                         net (fo=1, routed)           0.631     0.858    clk_IBUF
    BUFGCTRL_X0Y0        BUFG (Prop_bufg_I_O)         0.026     0.884 r  clk_IBUF_BUFG_inst/O
                         net (fo=307, routed)         0.565     1.448    u_uart_controller/u_uart_tx/CLK
    SLICE_X14Y99         FDCE                                         r  u_uart_controller/u_uart_tx/r_baud_cnt_reg[3]/C
  -------------------------------------------------------------------    -------------------
    SLICE_X14Y99         FDCE (Prop_fdce_C_Q)         0.164     1.612 r  u_uart_controller/u_uart_tx/r_baud_cnt_reg[3]/Q
                         net (fo=2, routed)           0.148     1.760    u_uart_controller/u_uart_tx/r_baud_cnt_reg[3]
    SLICE_X14Y99         LUT6 (Prop_lut6_I5_O)        0.045     1.805 r  u_uart_controller/u_uart_tx/r_baud_cnt[0]_i_3/O
                         net (fo=1, routed)           0.000     1.805    u_uart_controller/u_uart_tx/r_baud_cnt[0]_i_3_n_0
    SLICE_X14Y99         CARRY4 (Prop_carry4_S[3]_CO[3])
                                                      0.109     1.914 r  u_uart_controller/u_uart_tx/r_baud_cnt_reg[0]_i_1/CO[3]
                         net (fo=1, routed)           0.001     1.915    u_uart_controller/u_uart_tx/r_baud_cnt_reg[0]_i_1_n_0
    SLICE_X14Y100        CARRY4 (Prop_carry4_CI_CO[3])
                                                      0.040     1.955 r  u_uart_controller/u_uart_tx/r_baud_cnt_reg[4]_i_1/CO[3]
                         net (fo=1, routed)           0.000     1.955    u_uart_controller/u_uart_tx/r_baud_cnt_reg[4]_i_1_n_0
    SLICE_X14Y101        CARRY4 (Prop_carry4_CI_O[2])
                                                      0.066     2.021 r  u_uart_controller/u_uart_tx/r_baud_cnt_reg[8]_i_1/O[2]
                         net (fo=1, routed)           0.000     2.021    u_uart_controller/u_uart_tx/r_baud_cnt_reg[8]_i_1_n_5
    SLICE_X14Y101        FDCE                                         r  u_uart_controller/u_uart_tx/r_baud_cnt_reg[10]/D
  -------------------------------------------------------------------    -------------------

                         (clock sys_clk_pin rise edge)
                                                      0.000     0.000 r  
    W5                                                0.000     0.000 r  clk (IN)
                         net (fo=0)                   0.000     0.000    clk
    W5                   IBUF (Prop_ibuf_I_O)         0.414     0.414 r  clk_IBUF_inst/O
                         net (fo=1, routed)           0.685     1.099    clk_IBUF
    BUFGCTRL_X0Y0        BUFG (Prop_bufg_I_O)         0.029     1.128 r  clk_IBUF_BUFG_inst/O
                         net (fo=307, routed)         0.921     2.049    u_uart_controller/u_uart_tx/CLK
    SLICE_X14Y101        FDCE                                         r  u_uart_controller/u_uart_tx/r_baud_cnt_reg[10]/C
                         clock pessimism             -0.249     1.800    
    SLICE_X14Y101        FDCE (Hold_fdce_C_D)         0.134     1.934    u_uart_controller/u_uart_tx/r_baud_cnt_reg[10]
  -------------------------------------------------------------------
                         required time                         -1.934    
                         arrival time                           2.021    
  -------------------------------------------------------------------
                         slack                                  0.088    

Slack (MET) :             0.111ns  (arrival time - required time)
  Source:                 u_uart_controller/u_uart_tx/r_baud_cnt_reg[3]/C
                            (rising edge-triggered cell FDCE clocked by sys_clk_pin  {rise@0.000ns fall@5.000ns period=10.000ns})
  Destination:            u_uart_controller/u_uart_tx/r_baud_cnt_reg[9]/D
                            (rising edge-triggered cell FDCE clocked by sys_clk_pin  {rise@0.000ns fall@5.000ns period=10.000ns})
  Path Group:             sys_clk_pin
  Path Type:              Hold (Min at Fast Process Corner)
  Requirement:            0.000ns  (sys_clk_pin rise@0.000ns - sys_clk_pin rise@0.000ns)
  Data Path Delay:        0.596ns  (logic 0.447ns (75.012%)  route 0.149ns (24.988%))
  Logic Levels:           4  (CARRY4=3 LUT6=1)
  Clock Path Skew:        0.351ns (DCD - SCD - CPR)
    Destination Clock Delay (DCD):    2.049ns
    Source Clock Delay      (SCD):    1.448ns
    Clock Pessimism Removal (CPR):    0.249ns

    Location             Delay type                Incr(ns)  Path(ns)    Netlist Resource(s)
  -------------------------------------------------------------------    -------------------
                         (clock sys_clk_pin rise edge)
                                                      0.000     0.000 r  
    W5                                                0.000     0.000 r  clk (IN)
                         net (fo=0)                   0.000     0.000    clk
    W5                   IBUF (Prop_ibuf_I_O)         0.226     0.226 r  clk_IBUF_inst/O
                         net (fo=1, routed)           0.631     0.858    clk_IBUF
    BUFGCTRL_X0Y0        BUFG (Prop_bufg_I_O)         0.026     0.884 r  clk_IBUF_BUFG_inst/O
                         net (fo=307, routed)         0.565     1.448    u_uart_controller/u_uart_tx/CLK
    SLICE_X14Y99         FDCE                                         r  u_uart_controller/u_uart_tx/r_baud_cnt_reg[3]/C
  -------------------------------------------------------------------    -------------------
    SLICE_X14Y99         FDCE (Prop_fdce_C_Q)         0.164     1.612 r  u_uart_controller/u_uart_tx/r_baud_cnt_reg[3]/Q
                         net (fo=2, routed)           0.148     1.760    u_uart_controller/u_uart_tx/r_baud_cnt_reg[3]
    SLICE_X14Y99         LUT6 (Prop_lut6_I5_O)        0.045     1.805 r  u_uart_controller/u_uart_tx/r_baud_cnt[0]_i_3/O
                         net (fo=1, routed)           0.000     1.805    u_uart_controller/u_uart_tx/r_baud_cnt[0]_i_3_n_0
    SLICE_X14Y99         CARRY4 (Prop_carry4_S[3]_CO[3])
                                                      0.109     1.914 r  u_uart_controller/u_uart_tx/r_baud_cnt_reg[0]_i_1/CO[3]
                         net (fo=1, routed)           0.001     1.915    u_uart_controller/u_uart_tx/r_baud_cnt_reg[0]_i_1_n_0
    SLICE_X14Y100        CARRY4 (Prop_carry4_CI_CO[3])
                                                      0.040     1.955 r  u_uart_controller/u_uart_tx/r_baud_cnt_reg[4]_i_1/CO[3]
                         net (fo=1, routed)           0.000     1.955    u_uart_controller/u_uart_tx/r_baud_cnt_reg[4]_i_1_n_0
    SLICE_X14Y101        CARRY4 (Prop_carry4_CI_O[1])
                                                      0.089     2.044 r  u_uart_controller/u_uart_tx/r_baud_cnt_reg[8]_i_1/O[1]
                         net (fo=1, routed)           0.000     2.044    u_uart_controller/u_uart_tx/r_baud_cnt_reg[8]_i_1_n_6
    SLICE_X14Y101        FDCE                                         r  u_uart_controller/u_uart_tx/r_baud_cnt_reg[9]/D
  -------------------------------------------------------------------    -------------------

                         (clock sys_clk_pin rise edge)
                                                      0.000     0.000 r  
    W5                                                0.000     0.000 r  clk (IN)
                         net (fo=0)                   0.000     0.000    clk
    W5                   IBUF (Prop_ibuf_I_O)         0.414     0.414 r  clk_IBUF_inst/O
                         net (fo=1, routed)           0.685     1.099    clk_IBUF
    BUFGCTRL_X0Y0        BUFG (Prop_bufg_I_O)         0.029     1.128 r  clk_IBUF_BUFG_inst/O
                         net (fo=307, routed)         0.921     2.049    u_uart_controller/u_uart_tx/CLK
    SLICE_X14Y101        FDCE                                         r  u_uart_controller/u_uart_tx/r_baud_cnt_reg[9]/C
                         clock pessimism             -0.249     1.800    
    SLICE_X14Y101        FDCE (Hold_fdce_C_D)         0.134     1.934    u_uart_controller/u_uart_tx/r_baud_cnt_reg[9]
  -------------------------------------------------------------------
                         required time                         -1.934    
                         arrival time                           2.044    
  -------------------------------------------------------------------
                         slack                                  0.111    

Slack (MET) :             0.113ns  (arrival time - required time)
  Source:                 u_uart_controller/u_uart_tx/r_baud_cnt_reg[3]/C
                            (rising edge-triggered cell FDCE clocked by sys_clk_pin  {rise@0.000ns fall@5.000ns period=10.000ns})
  Destination:            u_uart_controller/u_uart_tx/r_baud_cnt_reg[11]/D
                            (rising edge-triggered cell FDCE clocked by sys_clk_pin  {rise@0.000ns fall@5.000ns period=10.000ns})
  Path Group:             sys_clk_pin
  Path Type:              Hold (Min at Fast Process Corner)
  Requirement:            0.000ns  (sys_clk_pin rise@0.000ns - sys_clk_pin rise@0.000ns)
  Data Path Delay:        0.598ns  (logic 0.449ns (75.096%)  route 0.149ns (24.904%))
  Logic Levels:           4  (CARRY4=3 LUT6=1)
  Clock Path Skew:        0.351ns (DCD - SCD - CPR)
    Destination Clock Delay (DCD):    2.049ns
    Source Clock Delay      (SCD):    1.448ns
    Clock Pessimism Removal (CPR):    0.249ns

    Location             Delay type                Incr(ns)  Path(ns)    Netlist Resource(s)
  -------------------------------------------------------------------    -------------------
                         (clock sys_clk_pin rise edge)
                                                      0.000     0.000 r  
    W5                                                0.000     0.000 r  clk (IN)
                         net (fo=0)                   0.000     0.000    clk
    W5                   IBUF (Prop_ibuf_I_O)         0.226     0.226 r  clk_IBUF_inst/O
                         net (fo=1, routed)           0.631     0.858    clk_IBUF
    BUFGCTRL_X0Y0        BUFG (Prop_bufg_I_O)         0.026     0.884 r  clk_IBUF_BUFG_inst/O
                         net (fo=307, routed)         0.565     1.448    u_uart_controller/u_uart_tx/CLK
    SLICE_X14Y99         FDCE                                         r  u_uart_controller/u_uart_tx/r_baud_cnt_reg[3]/C
  -------------------------------------------------------------------    -------------------
    SLICE_X14Y99         FDCE (Prop_fdce_C_Q)         0.164     1.612 r  u_uart_controller/u_uart_tx/r_baud_cnt_reg[3]/Q
                         net (fo=2, routed)           0.148     1.760    u_uart_controller/u_uart_tx/r_baud_cnt_reg[3]
    SLICE_X14Y99         LUT6 (Prop_lut6_I5_O)        0.045     1.805 r  u_uart_controller/u_uart_tx/r_baud_cnt[0]_i_3/O
                         net (fo=1, routed)           0.000     1.805    u_uart_controller/u_uart_tx/r_baud_cnt[0]_i_3_n_0
    SLICE_X14Y99         CARRY4 (Prop_carry4_S[3]_CO[3])
                                                      0.109     1.914 r  u_uart_controller/u_uart_tx/r_baud_cnt_reg[0]_i_1/CO[3]
                         net (fo=1, routed)           0.001     1.915    u_uart_controller/u_uart_tx/r_baud_cnt_reg[0]_i_1_n_0
    SLICE_X14Y100        CARRY4 (Prop_carry4_CI_CO[3])
                                                      0.040     1.955 r  u_uart_controller/u_uart_tx/r_baud_cnt_reg[4]_i_1/CO[3]
                         net (fo=1, routed)           0.000     1.955    u_uart_controller/u_uart_tx/r_baud_cnt_reg[4]_i_1_n_0
    SLICE_X14Y101        CARRY4 (Prop_carry4_CI_O[3])
                                                      0.091     2.046 r  u_uart_controller/u_uart_tx/r_baud_cnt_reg[8]_i_1/O[3]
                         net (fo=1, routed)           0.000     2.046    u_uart_controller/u_uart_tx/r_baud_cnt_reg[8]_i_1_n_4
    SLICE_X14Y101        FDCE                                         r  u_uart_controller/u_uart_tx/r_baud_cnt_reg[11]/D
  -------------------------------------------------------------------    -------------------

                         (clock sys_clk_pin rise edge)
                                                      0.000     0.000 r  
    W5                                                0.000     0.000 r  clk (IN)
                         net (fo=0)                   0.000     0.000    clk
    W5                   IBUF (Prop_ibuf_I_O)         0.414     0.414 r  clk_IBUF_inst/O
                         net (fo=1, routed)           0.685     1.099    clk_IBUF
    BUFGCTRL_X0Y0        BUFG (Prop_bufg_I_O)         0.029     1.128 r  clk_IBUF_BUFG_inst/O
                         net (fo=307, routed)         0.921     2.049    u_uart_controller/u_uart_tx/CLK
    SLICE_X14Y101        FDCE                                         r  u_uart_controller/u_uart_tx/r_baud_cnt_reg[11]/C
                         clock pessimism             -0.249     1.800    
    SLICE_X14Y101        FDCE (Hold_fdce_C_D)         0.134     1.934    u_uart_controller/u_uart_tx/r_baud_cnt_reg[11]
  -------------------------------------------------------------------
                         required time                         -1.934    
                         arrival time                           2.046    
  -------------------------------------------------------------------
                         slack                                  0.113    

Slack (MET) :             0.115ns  (arrival time - required time)
  Source:                 u_uart_controller/u_uart_tx/r_baud_cnt_reg[3]/C
                            (rising edge-triggered cell FDCE clocked by sys_clk_pin  {rise@0.000ns fall@5.000ns period=10.000ns})
  Destination:            u_uart_controller/u_uart_tx/r_baud_cnt_reg[12]/D
                            (rising edge-triggered cell FDCE clocked by sys_clk_pin  {rise@0.000ns fall@5.000ns period=10.000ns})
  Path Group:             sys_clk_pin
  Path Type:              Hold (Min at Fast Process Corner)
  Requirement:            0.000ns  (sys_clk_pin rise@0.000ns - sys_clk_pin rise@0.000ns)
  Data Path Delay:        0.600ns  (logic 0.451ns (75.179%)  route 0.149ns (24.821%))
  Logic Levels:           5  (CARRY4=4 LUT6=1)
  Clock Path Skew:        0.351ns (DCD - SCD - CPR)
    Destination Clock Delay (DCD):    2.049ns
    Source Clock Delay      (SCD):    1.448ns
    Clock Pessimism Removal (CPR):    0.249ns

    Location             Delay type                Incr(ns)  Path(ns)    Netlist Resource(s)
  -------------------------------------------------------------------    -------------------
                         (clock sys_clk_pin rise edge)
                                                      0.000     0.000 r  
    W5                                                0.000     0.000 r  clk (IN)
                         net (fo=0)                   0.000     0.000    clk
    W5                   IBUF (Prop_ibuf_I_O)         0.226     0.226 r  clk_IBUF_inst/O
                         net (fo=1, routed)           0.631     0.858    clk_IBUF
    BUFGCTRL_X0Y0        BUFG (Prop_bufg_I_O)         0.026     0.884 r  clk_IBUF_BUFG_inst/O
                         net (fo=307, routed)         0.565     1.448    u_uart_controller/u_uart_tx/CLK
    SLICE_X14Y99         FDCE                                         r  u_uart_controller/u_uart_tx/r_baud_cnt_reg[3]/C
  -------------------------------------------------------------------    -------------------
    SLICE_X14Y99         FDCE (Prop_fdce_C_Q)         0.164     1.612 r  u_uart_controller/u_uart_tx/r_baud_cnt_reg[3]/Q
                         net (fo=2, routed)           0.148     1.760    u_uart_controller/u_uart_tx/r_baud_cnt_reg[3]
    SLICE_X14Y99         LUT6 (Prop_lut6_I5_O)        0.045     1.805 r  u_uart_controller/u_uart_tx/r_baud_cnt[0]_i_3/O
                         net (fo=1, routed)           0.000     1.805    u_uart_controller/u_uart_tx/r_baud_cnt[0]_i_3_n_0
    SLICE_X14Y99         CARRY4 (Prop_carry4_S[3]_CO[3])
                                                      0.109     1.914 r  u_uart_controller/u_uart_tx/r_baud_cnt_reg[0]_i_1/CO[3]
                         net (fo=1, routed)           0.001     1.915    u_uart_controller/u_uart_tx/r_baud_cnt_reg[0]_i_1_n_0
    SLICE_X14Y100        CARRY4 (Prop_carry4_CI_CO[3])
                                                      0.040     1.955 r  u_uart_controller/u_uart_tx/r_baud_cnt_reg[4]_i_1/CO[3]
                         net (fo=1, routed)           0.000     1.955    u_uart_controller/u_uart_tx/r_baud_cnt_reg[4]_i_1_n_0
    SLICE_X14Y101        CARRY4 (Prop_carry4_CI_CO[3])
                                                      0.040     1.995 r  u_uart_controller/u_uart_tx/r_baud_cnt_reg[8]_i_1/CO[3]
                         net (fo=1, routed)           0.000     1.995    u_uart_controller/u_uart_tx/r_baud_cnt_reg[8]_i_1_n_0
    SLICE_X14Y102        CARRY4 (Prop_carry4_CI_O[0])
                                                      0.053     2.048 r  u_uart_controller/u_uart_tx/r_baud_cnt_reg[12]_i_1/O[0]
                         net (fo=1, routed)           0.000     2.048    u_uart_controller/u_uart_tx/r_baud_cnt_reg[12]_i_1_n_7
    SLICE_X14Y102        FDCE                                         r  u_uart_controller/u_uart_tx/r_baud_cnt_reg[12]/D
  -------------------------------------------------------------------    -------------------

                         (clock sys_clk_pin rise edge)
                                                      0.000     0.000 r  
    W5                                                0.000     0.000 r  clk (IN)
                         net (fo=0)                   0.000     0.000    clk
    W5                   IBUF (Prop_ibuf_I_O)         0.414     0.414 r  clk_IBUF_inst/O
                         net (fo=1, routed)           0.685     1.099    clk_IBUF
    BUFGCTRL_X0Y0        BUFG (Prop_bufg_I_O)         0.029     1.128 r  clk_IBUF_BUFG_inst/O
                         net (fo=307, routed)         0.921     2.049    u_uart_controller/u_uart_tx/CLK
    SLICE_X14Y102        FDCE                                         r  u_uart_controller/u_uart_tx/r_baud_cnt_reg[12]/C
                         clock pessimism             -0.249     1.800    
    SLICE_X14Y102        FDCE (Hold_fdce_C_D)         0.134     1.934    u_uart_controller/u_uart_tx/r_baud_cnt_reg[12]
  -------------------------------------------------------------------
                         required time                         -1.934    
                         arrival time                           2.048    
  -------------------------------------------------------------------
                         slack                                  0.115    

Slack (MET) :             0.131ns  (arrival time - required time)
  Source:                 u_uart_controller/u_uart_tx/r_baud_cnt_reg[3]/C
                            (rising edge-triggered cell FDCE clocked by sys_clk_pin  {rise@0.000ns fall@5.000ns period=10.000ns})
  Destination:            u_uart_controller/u_uart_tx/r_baud_cnt_reg[14]/D
                            (rising edge-triggered cell FDCE clocked by sys_clk_pin  {rise@0.000ns fall@5.000ns period=10.000ns})
  Path Group:             sys_clk_pin
  Path Type:              Hold (Min at Fast Process Corner)
  Requirement:            0.000ns  (sys_clk_pin rise@0.000ns - sys_clk_pin rise@0.000ns)
  Data Path Delay:        0.611ns  (logic 0.462ns (75.626%)  route 0.149ns (24.374%))
  Logic Levels:           5  (CARRY4=4 LUT6=1)
  Clock Path Skew:        0.351ns (DCD - SCD - CPR)
    Destination Clock Delay (DCD):    2.049ns
    Source Clock Delay      (SCD):    1.448ns
    Clock Pessimism Removal (CPR):    0.249ns

    Location             Delay type                Incr(ns)  Path(ns)    Netlist Resource(s)
  -------------------------------------------------------------------    -------------------
                         (clock sys_clk_pin rise edge)
                                                      0.000     0.000 r  
    W5                                                0.000     0.000 r  clk (IN)
                         net (fo=0)                   0.000     0.000    clk
    W5                   IBUF (Prop_ibuf_I_O)         0.226     0.226 r  clk_IBUF_inst/O
                         net (fo=1, routed)           0.631     0.858    clk_IBUF
    BUFGCTRL_X0Y0        BUFG (Prop_bufg_I_O)         0.026     0.884 r  clk_IBUF_BUFG_inst/O
                         net (fo=307, routed)         0.565     1.448    u_uart_controller/u_uart_tx/CLK
    SLICE_X14Y99         FDCE                                         r  u_uart_controller/u_uart_tx/r_baud_cnt_reg[3]/C
  -------------------------------------------------------------------    -------------------
    SLICE_X14Y99         FDCE (Prop_fdce_C_Q)         0.164     1.612 r  u_uart_controller/u_uart_tx/r_baud_cnt_reg[3]/Q
                         net (fo=2, routed)           0.148     1.760    u_uart_controller/u_uart_tx/r_baud_cnt_reg[3]
    SLICE_X14Y99         LUT6 (Prop_lut6_I5_O)        0.045     1.805 r  u_uart_controller/u_uart_tx/r_baud_cnt[0]_i_3/O
                         net (fo=1, routed)           0.000     1.805    u_uart_controller/u_uart_tx/r_baud_cnt[0]_i_3_n_0
    SLICE_X14Y99         CARRY4 (Prop_carry4_S[3]_CO[3])
                                                      0.109     1.914 r  u_uart_controller/u_uart_tx/r_baud_cnt_reg[0]_i_1/CO[3]
                         net (fo=1, routed)           0.001     1.915    u_uart_controller/u_uart_tx/r_baud_cnt_reg[0]_i_1_n_0
    SLICE_X14Y100        CARRY4 (Prop_carry4_CI_CO[3])
                                                      0.040     1.955 r  u_uart_controller/u_uart_tx/r_baud_cnt_reg[4]_i_1/CO[3]
                         net (fo=1, routed)           0.000     1.955    u_uart_controller/u_uart_tx/r_baud_cnt_reg[4]_i_1_n_0
    SLICE_X14Y101        CARRY4 (Prop_carry4_CI_CO[3])
                                                      0.040     1.995 r  u_uart_controller/u_uart_tx/r_baud_cnt_reg[8]_i_1/CO[3]
                         net (fo=1, routed)           0.000     1.995    u_uart_controller/u_uart_tx/r_baud_cnt_reg[8]_i_1_n_0
    SLICE_X14Y102        CARRY4 (Prop_carry4_CI_CO[2])
                                                      0.064     2.059 r  u_uart_controller/u_uart_tx/r_baud_cnt_reg[12]_i_1/CO[2]
                         net (fo=1, routed)           0.000     2.059    u_uart_controller/u_uart_tx/r_baud_cnt_reg[12]_i_1_n_1
    SLICE_X14Y102        FDCE                                         r  u_uart_controller/u_uart_tx/r_baud_cnt_reg[14]/D
  -------------------------------------------------------------------    -------------------

                         (clock sys_clk_pin rise edge)
                                                      0.000     0.000 r  
    W5                                                0.000     0.000 r  clk (IN)
                         net (fo=0)                   0.000     0.000    clk
    W5                   IBUF (Prop_ibuf_I_O)         0.414     0.414 r  clk_IBUF_inst/O
                         net (fo=1, routed)           0.685     1.099    clk_IBUF
    BUFGCTRL_X0Y0        BUFG (Prop_bufg_I_O)         0.029     1.128 r  clk_IBUF_BUFG_inst/O
                         net (fo=307, routed)         0.921     2.049    u_uart_controller/u_uart_tx/CLK
    SLICE_X14Y102        FDCE                                         r  u_uart_controller/u_uart_tx/r_baud_cnt_reg[14]/C
                         clock pessimism             -0.249     1.800    
    SLICE_X14Y102        FDCE (Hold_fdce_C_D)         0.129     1.929    u_uart_controller/u_uart_tx/r_baud_cnt_reg[14]
  -------------------------------------------------------------------
                         required time                         -1.929    
                         arrival time                           2.059    
  -------------------------------------------------------------------
                         slack                                  0.131    





Pulse Width Checks
--------------------------------------------------------------------------------------
Clock Name:         sys_clk_pin
Waveform(ns):       { 0.000 5.000 }
Period(ns):         10.000
Sources:            { clk }

Check Type        Corner  Lib Pin  Reference Pin  Required(ns)  Actual(ns)  Slack(ns)  Location       Pin
Min Period        n/a     BUFG/I   n/a            2.155         10.000      7.845      BUFGCTRL_X0Y0  clk_IBUF_BUFG_inst/I
Min Period        n/a     FDCE/C   n/a            1.000         10.000      9.000      SLICE_X19Y101  u_btn_debouncer/btn_state_reg/C
Min Period        n/a     FDCE/C   n/a            1.000         10.000      9.000      SLICE_X18Y102  u_btn_debouncer/count_reg[0]/C
Min Period        n/a     FDCE/C   n/a            1.000         10.000      9.000      SLICE_X18Y104  u_btn_debouncer/count_reg[10]/C
Min Period        n/a     FDCE/C   n/a            1.000         10.000      9.000      SLICE_X18Y103  u_btn_debouncer/count_reg[11]/C
Min Period        n/a     FDCE/C   n/a            1.000         10.000      9.000      SLICE_X18Y103  u_btn_debouncer/count_reg[12]/C
Min Period        n/a     FDCE/C   n/a            1.000         10.000      9.000      SLICE_X18Y104  u_btn_debouncer/count_reg[13]/C
Min Period        n/a     FDCE/C   n/a            1.000         10.000      9.000      SLICE_X18Y105  u_btn_debouncer/count_reg[14]/C
Min Period        n/a     FDCE/C   n/a            1.000         10.000      9.000      SLICE_X18Y104  u_btn_debouncer/count_reg[15]/C
Min Period        n/a     FDCE/C   n/a            1.000         10.000      9.000      SLICE_X18Y104  u_btn_debouncer/count_reg[16]/C
Low Pulse Width   Slow    FDCE/C   n/a            0.500         5.000       4.500      SLICE_X19Y101  u_btn_debouncer/btn_state_reg/C
Low Pulse Width   Fast    FDCE/C   n/a            0.500         5.000       4.500      SLICE_X19Y101  u_btn_debouncer/btn_state_reg/C
Low Pulse Width   Slow    FDCE/C   n/a            0.500         5.000       4.500      SLICE_X18Y102  u_btn_debouncer/count_reg[0]/C
Low Pulse Width   Fast    FDCE/C   n/a            0.500         5.000       4.500      SLICE_X18Y102  u_btn_debouncer/count_reg[0]/C
Low Pulse Width   Slow    FDCE/C   n/a            0.500         5.000       4.500      SLICE_X18Y104  u_btn_debouncer/count_reg[10]/C
Low Pulse Width   Fast    FDCE/C   n/a            0.500         5.000       4.500      SLICE_X18Y104  u_btn_debouncer/count_reg[10]/C
Low Pulse Width   Slow    FDCE/C   n/a            0.500         5.000       4.500      SLICE_X18Y103  u_btn_debouncer/count_reg[11]/C
Low Pulse Width   Fast    FDCE/C   n/a            0.500         5.000       4.500      SLICE_X18Y103  u_btn_debouncer/count_reg[11]/C
Low Pulse Width   Slow    FDCE/C   n/a            0.500         5.000       4.500      SLICE_X18Y103  u_btn_debouncer/count_reg[12]/C
Low Pulse Width   Fast    FDCE/C   n/a            0.500         5.000       4.500      SLICE_X18Y103  u_btn_debouncer/count_reg[12]/C
High Pulse Width  Slow    FDCE/C   n/a            0.500         5.000       4.500      SLICE_X19Y101  u_btn_debouncer/btn_state_reg/C
High Pulse Width  Fast    FDCE/C   n/a            0.500         5.000       4.500      SLICE_X19Y101  u_btn_debouncer/btn_state_reg/C
High Pulse Width  Slow    FDCE/C   n/a            0.500         5.000       4.500      SLICE_X18Y102  u_btn_debouncer/count_reg[0]/C
High Pulse Width  Fast    FDCE/C   n/a            0.500         5.000       4.500      SLICE_X18Y102  u_btn_debouncer/count_reg[0]/C
High Pulse Width  Slow    FDCE/C   n/a            0.500         5.000       4.500      SLICE_X18Y104  u_btn_debouncer/count_reg[10]/C
High Pulse Width  Fast    FDCE/C   n/a            0.500         5.000       4.500      SLICE_X18Y104  u_btn_debouncer/count_reg[10]/C
High Pulse Width  Slow    FDCE/C   n/a            0.500         5.000       4.500      SLICE_X18Y103  u_btn_debouncer/count_reg[11]/C
High Pulse Width  Fast    FDCE/C   n/a            0.500         5.000       4.500      SLICE_X18Y103  u_btn_debouncer/count_reg[11]/C
High Pulse Width  Slow    FDCE/C   n/a            0.500         5.000       4.500      SLICE_X18Y103  u_btn_debouncer/count_reg[12]/C
High Pulse Width  Fast    FDCE/C   n/a            0.500         5.000       4.500      SLICE_X18Y103  u_btn_debouncer/count_reg[12]/C



