Copyright 1986-2021 Xilinx, Inc. All Rights Reserved.
--------------------------------------------------------------------------------------------------------------------------------------------------------------------------------------------------------------------
| Tool Version : Vivado v.2021.1 (win64) Build 3247384 Thu Jun 10 19:36:33 MDT 2021
| Date         : Thu Feb 26 14:33:27 2026
| Host         : DESKTOP-PQ1PAHT running 64-bit major release  (build 9200)
| Command      : report_timing_summary -max_paths 10 -file top_pwm_dcmotor_timing_summary_routed.rpt -pb top_pwm_dcmotor_timing_summary_routed.pb -rpx top_pwm_dcmotor_timing_summary_routed.rpx -warn_on_violation
| Design       : top_pwm_dcmotor
| Device       : 7a35t-cpg236
| Speed File   : -1  PRODUCTION 1.23 2018-06-13
--------------------------------------------------------------------------------------------------------------------------------------------------------------------------------------------------------------------

Timing Summary Report

------------------------------------------------------------------------------------------------
| Timer Settings
| --------------
------------------------------------------------------------------------------------------------

  Enable Multi Corner Analysis               :  Yes
  Enable Pessimism Removal                   :  Yes
  Pessimism Removal Resolution               :  Nearest Common Node
  Enable Input Delay Default Clock           :  No
  Enable Preset / Clear Arcs                 :  No
  Disable Flight Delays                      :  No
  Ignore I/O Paths                           :  No
  Timing Early Launch at Borrowing Latches   :  No
  Borrow Time for Max Delay Exceptions       :  Yes
  Merge Timing Exceptions                    :  Yes

  Corner  Analyze    Analyze    
  Name    Max Paths  Min Paths  
  ------  ---------  ---------  
  Slow    Yes        Yes        
  Fast    Yes        Yes        


------------------------------------------------------------------------------------------------
| Report Methodology
| ------------------
------------------------------------------------------------------------------------------------

Rule       Severity  Description                    Violations  
---------  --------  -----------------------------  ----------  
TIMING-18  Warning   Missing input or output delay  5           

Note: This report is based on the most recent report_methodology run and may not be up-to-date. Run report_methodology on the current design for the latest report.



check_timing report

Table of Contents
-----------------
1. checking no_clock (0)
2. checking constant_clock (0)
3. checking pulse_width_clock (0)
4. checking unconstrained_internal_endpoints (0)
5. checking no_input_delay (3)
6. checking no_output_delay (2)
7. checking multiple_clock (0)
8. checking generated_clocks (0)
9. checking loops (0)
10. checking partial_input_delay (0)
11. checking partial_output_delay (0)
12. checking latch_loops (0)

1. checking no_clock (0)
------------------------
 There are 0 register/latch pins with no clock.


2. checking constant_clock (0)
------------------------------
 There are 0 register/latch pins with constant_clock.


3. checking pulse_width_clock (0)
---------------------------------
 There are 0 register/latch pins which need pulse_width check


4. checking unconstrained_internal_endpoints (0)
------------------------------------------------
 There are 0 pins that are not constrained for maximum delay.

 There are 0 pins that are not constrained for maximum delay due to constant clock.


5. checking no_input_delay (3)
------------------------------
 There are 3 input ports with no input delay specified. (HIGH)

 There are 0 input ports with no input delay but user has a false path constraint.


6. checking no_output_delay (2)
-------------------------------
 There are 2 ports with no output delay specified. (HIGH)

 There are 0 ports with no output delay but user has a false path constraint

 There are 0 ports with no output delay but with a timing clock defined on it or propagating through it


7. checking multiple_clock (0)
------------------------------
 There are 0 register/latch pins with multiple clocks.


8. checking generated_clocks (0)
--------------------------------
 There are 0 generated clocks that are not connected to a clock source.


9. checking loops (0)
---------------------
 There are 0 combinational loops in the design.


10. checking partial_input_delay (0)
------------------------------------
 There are 0 input ports with partial input delay specified.


11. checking partial_output_delay (0)
-------------------------------------
 There are 0 ports with partial output delay specified.


12. checking latch_loops (0)
----------------------------
 There are 0 combinational latch loops in the design through latch input



------------------------------------------------------------------------------------------------
| Design Timing Summary
| ---------------------
------------------------------------------------------------------------------------------------

    WNS(ns)      TNS(ns)  TNS Failing Endpoints  TNS Total Endpoints      WHS(ns)      THS(ns)  THS Failing Endpoints  THS Total Endpoints     WPWS(ns)     TPWS(ns)  TPWS Failing Endpoints  TPWS Total Endpoints  
    -------      -------  ---------------------  -------------------      -------      -------  ---------------------  -------------------     --------     --------  ----------------------  --------------------  
      6.102        0.000                      0                   56        0.127        0.000                      0                   56        4.500        0.000                       0                    53  


All user specified timing constraints are met.


------------------------------------------------------------------------------------------------
| Clock Summary
| -------------
------------------------------------------------------------------------------------------------

Clock        Waveform(ns)       Period(ns)      Frequency(MHz)
-----        ------------       ----------      --------------
sys_clk_pin  {0.000 5.000}      10.000          100.000         


------------------------------------------------------------------------------------------------
| Intra Clock Table
| -----------------
------------------------------------------------------------------------------------------------

Clock             WNS(ns)      TNS(ns)  TNS Failing Endpoints  TNS Total Endpoints      WHS(ns)      THS(ns)  THS Failing Endpoints  THS Total Endpoints     WPWS(ns)     TPWS(ns)  TPWS Failing Endpoints  TPWS Total Endpoints  
-----             -------      -------  ---------------------  -------------------      -------      -------  ---------------------  -------------------     --------     --------  ----------------------  --------------------  
sys_clk_pin         6.102        0.000                      0                   56        0.127        0.000                      0                   56        4.500        0.000                       0                    53  


------------------------------------------------------------------------------------------------
| Inter Clock Table
| -----------------
------------------------------------------------------------------------------------------------

From Clock    To Clock          WNS(ns)      TNS(ns)  TNS Failing Endpoints  TNS Total Endpoints      WHS(ns)      THS(ns)  THS Failing Endpoints  THS Total Endpoints  
----------    --------          -------      -------  ---------------------  -------------------      -------      -------  ---------------------  -------------------  


------------------------------------------------------------------------------------------------
| Other Path Groups Table
| -----------------------
------------------------------------------------------------------------------------------------

Path Group    From Clock    To Clock          WNS(ns)      TNS(ns)  TNS Failing Endpoints  TNS Total Endpoints      WHS(ns)      THS(ns)  THS Failing Endpoints  THS Total Endpoints  
----------    ----------    --------          -------      -------  ---------------------  -------------------      -------      -------  ---------------------  -------------------  


------------------------------------------------------------------------------------------------
| Timing Details
| --------------
------------------------------------------------------------------------------------------------


---------------------------------------------------------------------------------------------------
From Clock:  sys_clk_pin
  To Clock:  sys_clk_pin

Setup :            0  Failing Endpoints,  Worst Slack        6.102ns,  Total Violation        0.000ns
Hold  :            0  Failing Endpoints,  Worst Slack        0.127ns,  Total Violation        0.000ns
PW    :            0  Failing Endpoints,  Worst Slack        4.500ns,  Total Violation        0.000ns
---------------------------------------------------------------------------------------------------


Max Delay Paths
--------------------------------------------------------------------------------------
Slack (MET) :             6.102ns  (required time - arrival time)
  Source:                 u_decrease_duty_dtn/count_reg[1]/C
                            (rising edge-triggered cell FDCE clocked by sys_clk_pin  {rise@0.000ns fall@5.000ns period=10.000ns})
  Destination:            u_decrease_duty_dtn/btn_state_reg/CE
                            (rising edge-triggered cell FDCE clocked by sys_clk_pin  {rise@0.000ns fall@5.000ns period=10.000ns})
  Path Group:             sys_clk_pin
  Path Type:              Setup (Max at Slow Process Corner)
  Requirement:            10.000ns  (sys_clk_pin rise@10.000ns - sys_clk_pin rise@0.000ns)
  Data Path Delay:        3.672ns  (logic 0.828ns (22.549%)  route 2.844ns (77.451%))
  Logic Levels:           3  (LUT6=3)
  Clock Path Skew:        -0.022ns (DCD - SCD + CPR)
    Destination Clock Delay (DCD):    4.859ns = ( 14.859 - 10.000 ) 
    Source Clock Delay      (SCD):    5.157ns
    Clock Pessimism Removal (CPR):    0.276ns
  Clock Uncertainty:      0.035ns  ((TSJ^2 + TIJ^2)^1/2 + DJ) / 2 + PE
    Total System Jitter     (TSJ):    0.071ns
    Total Input Jitter      (TIJ):    0.000ns
    Discrete Jitter          (DJ):    0.000ns
    Phase Error              (PE):    0.000ns

    Location             Delay type                Incr(ns)  Path(ns)    Netlist Resource(s)
  -------------------------------------------------------------------    -------------------
                         (clock sys_clk_pin rise edge)
                                                      0.000     0.000 r  
    W5                                                0.000     0.000 r  clk (IN)
                         net (fo=0)                   0.000     0.000    clk
    W5                   IBUF (Prop_ibuf_I_O)         1.458     1.458 r  clk_IBUF_inst/O
                         net (fo=1, routed)           1.967     3.425    clk_IBUF
    BUFGCTRL_X0Y0        BUFG (Prop_bufg_I_O)         0.096     3.521 r  clk_IBUF_BUFG_inst/O
                         net (fo=52, routed)          1.636     5.157    u_decrease_duty_dtn/CLK
    SLICE_X7Y49          FDCE                                         r  u_decrease_duty_dtn/count_reg[1]/C
  -------------------------------------------------------------------    -------------------
    SLICE_X7Y49          FDCE (Prop_fdce_C_Q)         0.456     5.613 r  u_decrease_duty_dtn/count_reg[1]/Q
                         net (fo=2, routed)           0.966     6.579    u_decrease_duty_dtn/count_reg_n_0_[1]
    SLICE_X7Y50          LUT6 (Prop_lut6_I4_O)        0.124     6.703 f  u_decrease_duty_dtn/btn_state_i_4__0/O
                         net (fo=1, routed)           0.636     7.339    u_decrease_duty_dtn/btn_state_i_4__0_n_0
    SLICE_X7Y51          LUT6 (Prop_lut6_I1_O)        0.124     7.463 f  u_decrease_duty_dtn/btn_state_i_3__0/O
                         net (fo=21, routed)          0.647     8.110    u_decrease_duty_dtn/btn_state_i_3__0_n_0
    SLICE_X6Y49          LUT6 (Prop_lut6_I4_O)        0.124     8.234 r  u_decrease_duty_dtn/btn_state_i_1__0/O
                         net (fo=1, routed)           0.596     8.829    u_decrease_duty_dtn/btn_state
    SLICE_X6Y49          FDCE                                         r  u_decrease_duty_dtn/btn_state_reg/CE
  -------------------------------------------------------------------    -------------------

                         (clock sys_clk_pin rise edge)
                                                     10.000    10.000 r  
    W5                                                0.000    10.000 r  clk (IN)
                         net (fo=0)                   0.000    10.000    clk
    W5                   IBUF (Prop_ibuf_I_O)         1.388    11.388 r  clk_IBUF_inst/O
                         net (fo=1, routed)           1.862    13.250    clk_IBUF
    BUFGCTRL_X0Y0        BUFG (Prop_bufg_I_O)         0.091    13.341 r  clk_IBUF_BUFG_inst/O
                         net (fo=52, routed)          1.518    14.859    u_decrease_duty_dtn/CLK
    SLICE_X6Y49          FDCE                                         r  u_decrease_duty_dtn/btn_state_reg/C
                         clock pessimism              0.276    15.135    
                         clock uncertainty           -0.035    15.100    
    SLICE_X6Y49          FDCE (Setup_fdce_C_CE)      -0.169    14.931    u_decrease_duty_dtn/btn_state_reg
  -------------------------------------------------------------------
                         required time                         14.931    
                         arrival time                          -8.829    
  -------------------------------------------------------------------
                         slack                                  6.102    

Slack (MET) :             6.125ns  (required time - arrival time)
  Source:                 u_decrease_duty_dtn/count_reg[1]/C
                            (rising edge-triggered cell FDCE clocked by sys_clk_pin  {rise@0.000ns fall@5.000ns period=10.000ns})
  Destination:            u_decrease_duty_dtn/count_reg[19]/D
                            (rising edge-triggered cell FDCE clocked by sys_clk_pin  {rise@0.000ns fall@5.000ns period=10.000ns})
  Path Group:             sys_clk_pin
  Path Type:              Setup (Max at Slow Process Corner)
  Requirement:            10.000ns  (sys_clk_pin rise@10.000ns - sys_clk_pin rise@0.000ns)
  Data Path Delay:        3.741ns  (logic 1.984ns (53.031%)  route 1.757ns (46.969%))
  Logic Levels:           6  (CARRY4=5 LUT6=1)
  Clock Path Skew:        -0.130ns (DCD - SCD + CPR)
    Destination Clock Delay (DCD):    4.848ns = ( 14.848 - 10.000 ) 
    Source Clock Delay      (SCD):    5.157ns
    Clock Pessimism Removal (CPR):    0.180ns
  Clock Uncertainty:      0.035ns  ((TSJ^2 + TIJ^2)^1/2 + DJ) / 2 + PE
    Total System Jitter     (TSJ):    0.071ns
    Total Input Jitter      (TIJ):    0.000ns
    Discrete Jitter          (DJ):    0.000ns
    Phase Error              (PE):    0.000ns

    Location             Delay type                Incr(ns)  Path(ns)    Netlist Resource(s)
  -------------------------------------------------------------------    -------------------
                         (clock sys_clk_pin rise edge)
                                                      0.000     0.000 r  
    W5                                                0.000     0.000 r  clk (IN)
                         net (fo=0)                   0.000     0.000    clk
    W5                   IBUF (Prop_ibuf_I_O)         1.458     1.458 r  clk_IBUF_inst/O
                         net (fo=1, routed)           1.967     3.425    clk_IBUF
    BUFGCTRL_X0Y0        BUFG (Prop_bufg_I_O)         0.096     3.521 r  clk_IBUF_BUFG_inst/O
                         net (fo=52, routed)          1.636     5.157    u_decrease_duty_dtn/CLK
    SLICE_X7Y49          FDCE                                         r  u_decrease_duty_dtn/count_reg[1]/C
  -------------------------------------------------------------------    -------------------
    SLICE_X7Y49          FDCE (Prop_fdce_C_Q)         0.456     5.613 r  u_decrease_duty_dtn/count_reg[1]/Q
                         net (fo=2, routed)           0.956     6.569    u_decrease_duty_dtn/count_reg_n_0_[1]
    SLICE_X6Y50          CARRY4 (Prop_carry4_S[0]_CO[3])
                                                      0.637     7.206 r  u_decrease_duty_dtn/count0_carry/CO[3]
                         net (fo=1, routed)           0.000     7.206    u_decrease_duty_dtn/count0_carry_n_0
    SLICE_X6Y51          CARRY4 (Prop_carry4_CI_CO[3])
                                                      0.117     7.323 r  u_decrease_duty_dtn/count0_carry__0/CO[3]
                         net (fo=1, routed)           0.000     7.323    u_decrease_duty_dtn/count0_carry__0_n_0
    SLICE_X6Y52          CARRY4 (Prop_carry4_CI_CO[3])
                                                      0.117     7.440 r  u_decrease_duty_dtn/count0_carry__1/CO[3]
                         net (fo=1, routed)           0.000     7.440    u_decrease_duty_dtn/count0_carry__1_n_0
    SLICE_X6Y53          CARRY4 (Prop_carry4_CI_CO[3])
                                                      0.117     7.557 r  u_decrease_duty_dtn/count0_carry__2/CO[3]
                         net (fo=1, routed)           0.000     7.557    u_decrease_duty_dtn/count0_carry__2_n_0
    SLICE_X6Y54          CARRY4 (Prop_carry4_CI_O[2])
                                                      0.239     7.796 r  u_decrease_duty_dtn/count0_carry__3/O[2]
                         net (fo=1, routed)           0.802     8.597    u_decrease_duty_dtn/count0_carry__3_n_5
    SLICE_X7Y53          LUT6 (Prop_lut6_I0_O)        0.301     8.898 r  u_decrease_duty_dtn/count[19]_i_1__0/O
                         net (fo=1, routed)           0.000     8.898    u_decrease_duty_dtn/count[19]_i_1__0_n_0
    SLICE_X7Y53          FDCE                                         r  u_decrease_duty_dtn/count_reg[19]/D
  -------------------------------------------------------------------    -------------------

                         (clock sys_clk_pin rise edge)
                                                     10.000    10.000 r  
    W5                                                0.000    10.000 r  clk (IN)
                         net (fo=0)                   0.000    10.000    clk
    W5                   IBUF (Prop_ibuf_I_O)         1.388    11.388 r  clk_IBUF_inst/O
                         net (fo=1, routed)           1.862    13.250    clk_IBUF
    BUFGCTRL_X0Y0        BUFG (Prop_bufg_I_O)         0.091    13.341 r  clk_IBUF_BUFG_inst/O
                         net (fo=52, routed)          1.507    14.848    u_decrease_duty_dtn/CLK
    SLICE_X7Y53          FDCE                                         r  u_decrease_duty_dtn/count_reg[19]/C
                         clock pessimism              0.180    15.028    
                         clock uncertainty           -0.035    14.992    
    SLICE_X7Y53          FDCE (Setup_fdce_C_D)        0.031    15.023    u_decrease_duty_dtn/count_reg[19]
  -------------------------------------------------------------------
                         required time                         15.023    
                         arrival time                          -8.898    
  -------------------------------------------------------------------
                         slack                                  6.125    

Slack (MET) :             6.186ns  (required time - arrival time)
  Source:                 u_decrease_duty_dtn/count_reg[1]/C
                            (rising edge-triggered cell FDCE clocked by sys_clk_pin  {rise@0.000ns fall@5.000ns period=10.000ns})
  Destination:            u_decrease_duty_dtn/count_reg[18]/D
                            (rising edge-triggered cell FDCE clocked by sys_clk_pin  {rise@0.000ns fall@5.000ns period=10.000ns})
  Path Group:             sys_clk_pin
  Path Type:              Setup (Max at Slow Process Corner)
  Requirement:            10.000ns  (sys_clk_pin rise@10.000ns - sys_clk_pin rise@0.000ns)
  Data Path Delay:        3.680ns  (logic 2.073ns (56.331%)  route 1.607ns (43.669%))
  Logic Levels:           6  (CARRY4=5 LUT6=1)
  Clock Path Skew:        -0.130ns (DCD - SCD + CPR)
    Destination Clock Delay (DCD):    4.848ns = ( 14.848 - 10.000 ) 
    Source Clock Delay      (SCD):    5.157ns
    Clock Pessimism Removal (CPR):    0.180ns
  Clock Uncertainty:      0.035ns  ((TSJ^2 + TIJ^2)^1/2 + DJ) / 2 + PE
    Total System Jitter     (TSJ):    0.071ns
    Total Input Jitter      (TIJ):    0.000ns
    Discrete Jitter          (DJ):    0.000ns
    Phase Error              (PE):    0.000ns

    Location             Delay type                Incr(ns)  Path(ns)    Netlist Resource(s)
  -------------------------------------------------------------------    -------------------
                         (clock sys_clk_pin rise edge)
                                                      0.000     0.000 r  
    W5                                                0.000     0.000 r  clk (IN)
                         net (fo=0)                   0.000     0.000    clk
    W5                   IBUF (Prop_ibuf_I_O)         1.458     1.458 r  clk_IBUF_inst/O
                         net (fo=1, routed)           1.967     3.425    clk_IBUF
    BUFGCTRL_X0Y0        BUFG (Prop_bufg_I_O)         0.096     3.521 r  clk_IBUF_BUFG_inst/O
                         net (fo=52, routed)          1.636     5.157    u_decrease_duty_dtn/CLK
    SLICE_X7Y49          FDCE                                         r  u_decrease_duty_dtn/count_reg[1]/C
  -------------------------------------------------------------------    -------------------
    SLICE_X7Y49          FDCE (Prop_fdce_C_Q)         0.456     5.613 r  u_decrease_duty_dtn/count_reg[1]/Q
                         net (fo=2, routed)           0.956     6.569    u_decrease_duty_dtn/count_reg_n_0_[1]
    SLICE_X6Y50          CARRY4 (Prop_carry4_S[0]_CO[3])
                                                      0.637     7.206 r  u_decrease_duty_dtn/count0_carry/CO[3]
                         net (fo=1, routed)           0.000     7.206    u_decrease_duty_dtn/count0_carry_n_0
    SLICE_X6Y51          CARRY4 (Prop_carry4_CI_CO[3])
                                                      0.117     7.323 r  u_decrease_duty_dtn/count0_carry__0/CO[3]
                         net (fo=1, routed)           0.000     7.323    u_decrease_duty_dtn/count0_carry__0_n_0
    SLICE_X6Y52          CARRY4 (Prop_carry4_CI_CO[3])
                                                      0.117     7.440 r  u_decrease_duty_dtn/count0_carry__1/CO[3]
                         net (fo=1, routed)           0.000     7.440    u_decrease_duty_dtn/count0_carry__1_n_0
    SLICE_X6Y53          CARRY4 (Prop_carry4_CI_CO[3])
                                                      0.117     7.557 r  u_decrease_duty_dtn/count0_carry__2/CO[3]
                         net (fo=1, routed)           0.000     7.557    u_decrease_duty_dtn/count0_carry__2_n_0
    SLICE_X6Y54          CARRY4 (Prop_carry4_CI_O[1])
                                                      0.323     7.880 r  u_decrease_duty_dtn/count0_carry__3/O[1]
                         net (fo=1, routed)           0.651     8.531    u_decrease_duty_dtn/count0_carry__3_n_6
    SLICE_X5Y53          LUT6 (Prop_lut6_I0_O)        0.306     8.837 r  u_decrease_duty_dtn/count[18]_i_1__0/O
                         net (fo=1, routed)           0.000     8.837    u_decrease_duty_dtn/count[18]_i_1__0_n_0
    SLICE_X5Y53          FDCE                                         r  u_decrease_duty_dtn/count_reg[18]/D
  -------------------------------------------------------------------    -------------------

                         (clock sys_clk_pin rise edge)
                                                     10.000    10.000 r  
    W5                                                0.000    10.000 r  clk (IN)
                         net (fo=0)                   0.000    10.000    clk
    W5                   IBUF (Prop_ibuf_I_O)         1.388    11.388 r  clk_IBUF_inst/O
                         net (fo=1, routed)           1.862    13.250    clk_IBUF
    BUFGCTRL_X0Y0        BUFG (Prop_bufg_I_O)         0.091    13.341 r  clk_IBUF_BUFG_inst/O
                         net (fo=52, routed)          1.507    14.848    u_decrease_duty_dtn/CLK
    SLICE_X5Y53          FDCE                                         r  u_decrease_duty_dtn/count_reg[18]/C
                         clock pessimism              0.180    15.028    
                         clock uncertainty           -0.035    14.992    
    SLICE_X5Y53          FDCE (Setup_fdce_C_D)        0.031    15.023    u_decrease_duty_dtn/count_reg[18]
  -------------------------------------------------------------------
                         required time                         15.023    
                         arrival time                          -8.837    
  -------------------------------------------------------------------
                         slack                                  6.186    

Slack (MET) :             6.269ns  (required time - arrival time)
  Source:                 u_increase_duty_dtn/count_reg[0]/C
                            (rising edge-triggered cell FDCE clocked by sys_clk_pin  {rise@0.000ns fall@5.000ns period=10.000ns})
  Destination:            u_increase_duty_dtn/count_reg[18]/D
                            (rising edge-triggered cell FDCE clocked by sys_clk_pin  {rise@0.000ns fall@5.000ns period=10.000ns})
  Path Group:             sys_clk_pin
  Path Type:              Setup (Max at Slow Process Corner)
  Requirement:            10.000ns  (sys_clk_pin rise@10.000ns - sys_clk_pin rise@0.000ns)
  Data Path Delay:        3.701ns  (logic 2.077ns (56.119%)  route 1.624ns (43.881%))
  Logic Levels:           6  (CARRY4=5 LUT6=1)
  Clock Path Skew:        -0.026ns (DCD - SCD + CPR)
    Destination Clock Delay (DCD):    4.850ns = ( 14.850 - 10.000 ) 
    Source Clock Delay      (SCD):    5.148ns
    Clock Pessimism Removal (CPR):    0.272ns
  Clock Uncertainty:      0.035ns  ((TSJ^2 + TIJ^2)^1/2 + DJ) / 2 + PE
    Total System Jitter     (TSJ):    0.071ns
    Total Input Jitter      (TIJ):    0.000ns
    Discrete Jitter          (DJ):    0.000ns
    Phase Error              (PE):    0.000ns

    Location             Delay type                Incr(ns)  Path(ns)    Netlist Resource(s)
  -------------------------------------------------------------------    -------------------
                         (clock sys_clk_pin rise edge)
                                                      0.000     0.000 r  
    W5                                                0.000     0.000 r  clk (IN)
                         net (fo=0)                   0.000     0.000    clk
    W5                   IBUF (Prop_ibuf_I_O)         1.458     1.458 r  clk_IBUF_inst/O
                         net (fo=1, routed)           1.967     3.425    clk_IBUF
    BUFGCTRL_X0Y0        BUFG (Prop_bufg_I_O)         0.096     3.521 r  clk_IBUF_BUFG_inst/O
                         net (fo=52, routed)          1.627     5.148    u_increase_duty_dtn/CLK
    SLICE_X2Y50          FDCE                                         r  u_increase_duty_dtn/count_reg[0]/C
  -------------------------------------------------------------------    -------------------
    SLICE_X2Y50          FDCE (Prop_fdce_C_Q)         0.518     5.666 r  u_increase_duty_dtn/count_reg[0]/Q
                         net (fo=3, routed)           0.812     6.478    u_increase_duty_dtn/count[0]
    SLICE_X1Y50          CARRY4 (Prop_carry4_CYINIT_CO[3])
                                                      0.580     7.058 r  u_increase_duty_dtn/count0_carry/CO[3]
                         net (fo=1, routed)           0.000     7.058    u_increase_duty_dtn/count0_carry_n_0
    SLICE_X1Y51          CARRY4 (Prop_carry4_CI_CO[3])
                                                      0.114     7.172 r  u_increase_duty_dtn/count0_carry__0/CO[3]
                         net (fo=1, routed)           0.000     7.172    u_increase_duty_dtn/count0_carry__0_n_0
    SLICE_X1Y52          CARRY4 (Prop_carry4_CI_CO[3])
                                                      0.114     7.286 r  u_increase_duty_dtn/count0_carry__1/CO[3]
                         net (fo=1, routed)           0.000     7.286    u_increase_duty_dtn/count0_carry__1_n_0
    SLICE_X1Y53          CARRY4 (Prop_carry4_CI_CO[3])
                                                      0.114     7.400 r  u_increase_duty_dtn/count0_carry__2/CO[3]
                         net (fo=1, routed)           0.000     7.400    u_increase_duty_dtn/count0_carry__2_n_0
    SLICE_X1Y54          CARRY4 (Prop_carry4_CI_O[1])
                                                      0.334     7.734 r  u_increase_duty_dtn/count0_carry__3/O[1]
                         net (fo=1, routed)           0.812     8.546    u_increase_duty_dtn/count0[18]
    SLICE_X0Y53          LUT6 (Prop_lut6_I0_O)        0.303     8.849 r  u_increase_duty_dtn/count[18]_i_1/O
                         net (fo=1, routed)           0.000     8.849    u_increase_duty_dtn/p_0_in[18]
    SLICE_X0Y53          FDCE                                         r  u_increase_duty_dtn/count_reg[18]/D
  -------------------------------------------------------------------    -------------------

                         (clock sys_clk_pin rise edge)
                                                     10.000    10.000 r  
    W5                                                0.000    10.000 r  clk (IN)
                         net (fo=0)                   0.000    10.000    clk
    W5                   IBUF (Prop_ibuf_I_O)         1.388    11.388 r  clk_IBUF_inst/O
                         net (fo=1, routed)           1.862    13.250    clk_IBUF
    BUFGCTRL_X0Y0        BUFG (Prop_bufg_I_O)         0.091    13.341 r  clk_IBUF_BUFG_inst/O
                         net (fo=52, routed)          1.509    14.850    u_increase_duty_dtn/CLK
    SLICE_X0Y53          FDCE                                         r  u_increase_duty_dtn/count_reg[18]/C
                         clock pessimism              0.272    15.122    
                         clock uncertainty           -0.035    15.087    
    SLICE_X0Y53          FDCE (Setup_fdce_C_D)        0.031    15.118    u_increase_duty_dtn/count_reg[18]
  -------------------------------------------------------------------
                         required time                         15.118    
                         arrival time                          -8.849    
  -------------------------------------------------------------------
                         slack                                  6.269    

Slack (MET) :             6.300ns  (required time - arrival time)
  Source:                 u_decrease_duty_dtn/count_reg[1]/C
                            (rising edge-triggered cell FDCE clocked by sys_clk_pin  {rise@0.000ns fall@5.000ns period=10.000ns})
  Destination:            u_decrease_duty_dtn/count_reg[16]/D
                            (rising edge-triggered cell FDCE clocked by sys_clk_pin  {rise@0.000ns fall@5.000ns period=10.000ns})
  Path Group:             sys_clk_pin
  Path Type:              Setup (Max at Slow Process Corner)
  Requirement:            10.000ns  (sys_clk_pin rise@10.000ns - sys_clk_pin rise@0.000ns)
  Data Path Delay:        3.564ns  (logic 1.949ns (54.685%)  route 1.615ns (45.315%))
  Logic Levels:           5  (CARRY4=4 LUT6=1)
  Clock Path Skew:        -0.130ns (DCD - SCD + CPR)
    Destination Clock Delay (DCD):    4.848ns = ( 14.848 - 10.000 ) 
    Source Clock Delay      (SCD):    5.157ns
    Clock Pessimism Removal (CPR):    0.180ns
  Clock Uncertainty:      0.035ns  ((TSJ^2 + TIJ^2)^1/2 + DJ) / 2 + PE
    Total System Jitter     (TSJ):    0.071ns
    Total Input Jitter      (TIJ):    0.000ns
    Discrete Jitter          (DJ):    0.000ns
    Phase Error              (PE):    0.000ns

    Location             Delay type                Incr(ns)  Path(ns)    Netlist Resource(s)
  -------------------------------------------------------------------    -------------------
                         (clock sys_clk_pin rise edge)
                                                      0.000     0.000 r  
    W5                                                0.000     0.000 r  clk (IN)
                         net (fo=0)                   0.000     0.000    clk
    W5                   IBUF (Prop_ibuf_I_O)         1.458     1.458 r  clk_IBUF_inst/O
                         net (fo=1, routed)           1.967     3.425    clk_IBUF
    BUFGCTRL_X0Y0        BUFG (Prop_bufg_I_O)         0.096     3.521 r  clk_IBUF_BUFG_inst/O
                         net (fo=52, routed)          1.636     5.157    u_decrease_duty_dtn/CLK
    SLICE_X7Y49          FDCE                                         r  u_decrease_duty_dtn/count_reg[1]/C
  -------------------------------------------------------------------    -------------------
    SLICE_X7Y49          FDCE (Prop_fdce_C_Q)         0.456     5.613 r  u_decrease_duty_dtn/count_reg[1]/Q
                         net (fo=2, routed)           0.956     6.569    u_decrease_duty_dtn/count_reg_n_0_[1]
    SLICE_X6Y50          CARRY4 (Prop_carry4_S[0]_CO[3])
                                                      0.637     7.206 r  u_decrease_duty_dtn/count0_carry/CO[3]
                         net (fo=1, routed)           0.000     7.206    u_decrease_duty_dtn/count0_carry_n_0
    SLICE_X6Y51          CARRY4 (Prop_carry4_CI_CO[3])
                                                      0.117     7.323 r  u_decrease_duty_dtn/count0_carry__0/CO[3]
                         net (fo=1, routed)           0.000     7.323    u_decrease_duty_dtn/count0_carry__0_n_0
    SLICE_X6Y52          CARRY4 (Prop_carry4_CI_CO[3])
                                                      0.117     7.440 r  u_decrease_duty_dtn/count0_carry__1/CO[3]
                         net (fo=1, routed)           0.000     7.440    u_decrease_duty_dtn/count0_carry__1_n_0
    SLICE_X6Y53          CARRY4 (Prop_carry4_CI_O[3])
                                                      0.315     7.755 r  u_decrease_duty_dtn/count0_carry__2/O[3]
                         net (fo=1, routed)           0.659     8.414    u_decrease_duty_dtn/count0_carry__2_n_4
    SLICE_X7Y53          LUT6 (Prop_lut6_I0_O)        0.307     8.721 r  u_decrease_duty_dtn/count[16]_i_1__0/O
                         net (fo=1, routed)           0.000     8.721    u_decrease_duty_dtn/count[16]_i_1__0_n_0
    SLICE_X7Y53          FDCE                                         r  u_decrease_duty_dtn/count_reg[16]/D
  -------------------------------------------------------------------    -------------------

                         (clock sys_clk_pin rise edge)
                                                     10.000    10.000 r  
    W5                                                0.000    10.000 r  clk (IN)
                         net (fo=0)                   0.000    10.000    clk
    W5                   IBUF (Prop_ibuf_I_O)         1.388    11.388 r  clk_IBUF_inst/O
                         net (fo=1, routed)           1.862    13.250    clk_IBUF
    BUFGCTRL_X0Y0        BUFG (Prop_bufg_I_O)         0.091    13.341 r  clk_IBUF_BUFG_inst/O
                         net (fo=52, routed)          1.507    14.848    u_decrease_duty_dtn/CLK
    SLICE_X7Y53          FDCE                                         r  u_decrease_duty_dtn/count_reg[16]/C
                         clock pessimism              0.180    15.028    
                         clock uncertainty           -0.035    14.992    
    SLICE_X7Y53          FDCE (Setup_fdce_C_D)        0.029    15.021    u_decrease_duty_dtn/count_reg[16]
  -------------------------------------------------------------------
                         required time                         15.021    
                         arrival time                          -8.721    
  -------------------------------------------------------------------
                         slack                                  6.300    

Slack (MET) :             6.417ns  (required time - arrival time)
  Source:                 u_decrease_duty_dtn/count_reg[1]/C
                            (rising edge-triggered cell FDCE clocked by sys_clk_pin  {rise@0.000ns fall@5.000ns period=10.000ns})
  Destination:            u_decrease_duty_dtn/count_reg[13]/D
                            (rising edge-triggered cell FDCE clocked by sys_clk_pin  {rise@0.000ns fall@5.000ns period=10.000ns})
  Path Group:             sys_clk_pin
  Path Type:              Setup (Max at Slow Process Corner)
  Requirement:            10.000ns  (sys_clk_pin rise@10.000ns - sys_clk_pin rise@0.000ns)
  Data Path Delay:        3.450ns  (logic 1.841ns (53.359%)  route 1.609ns (46.641%))
  Logic Levels:           5  (CARRY4=4 LUT6=1)
  Clock Path Skew:        -0.129ns (DCD - SCD + CPR)
    Destination Clock Delay (DCD):    4.849ns = ( 14.849 - 10.000 ) 
    Source Clock Delay      (SCD):    5.157ns
    Clock Pessimism Removal (CPR):    0.180ns
  Clock Uncertainty:      0.035ns  ((TSJ^2 + TIJ^2)^1/2 + DJ) / 2 + PE
    Total System Jitter     (TSJ):    0.071ns
    Total Input Jitter      (TIJ):    0.000ns
    Discrete Jitter          (DJ):    0.000ns
    Phase Error              (PE):    0.000ns

    Location             Delay type                Incr(ns)  Path(ns)    Netlist Resource(s)
  -------------------------------------------------------------------    -------------------
                         (clock sys_clk_pin rise edge)
                                                      0.000     0.000 r  
    W5                                                0.000     0.000 r  clk (IN)
                         net (fo=0)                   0.000     0.000    clk
    W5                   IBUF (Prop_ibuf_I_O)         1.458     1.458 r  clk_IBUF_inst/O
                         net (fo=1, routed)           1.967     3.425    clk_IBUF
    BUFGCTRL_X0Y0        BUFG (Prop_bufg_I_O)         0.096     3.521 r  clk_IBUF_BUFG_inst/O
                         net (fo=52, routed)          1.636     5.157    u_decrease_duty_dtn/CLK
    SLICE_X7Y49          FDCE                                         r  u_decrease_duty_dtn/count_reg[1]/C
  -------------------------------------------------------------------    -------------------
    SLICE_X7Y49          FDCE (Prop_fdce_C_Q)         0.456     5.613 r  u_decrease_duty_dtn/count_reg[1]/Q
                         net (fo=2, routed)           0.956     6.569    u_decrease_duty_dtn/count_reg_n_0_[1]
    SLICE_X6Y50          CARRY4 (Prop_carry4_S[0]_CO[3])
                                                      0.637     7.206 r  u_decrease_duty_dtn/count0_carry/CO[3]
                         net (fo=1, routed)           0.000     7.206    u_decrease_duty_dtn/count0_carry_n_0
    SLICE_X6Y51          CARRY4 (Prop_carry4_CI_CO[3])
                                                      0.117     7.323 r  u_decrease_duty_dtn/count0_carry__0/CO[3]
                         net (fo=1, routed)           0.000     7.323    u_decrease_duty_dtn/count0_carry__0_n_0
    SLICE_X6Y52          CARRY4 (Prop_carry4_CI_CO[3])
                                                      0.117     7.440 r  u_decrease_duty_dtn/count0_carry__1/CO[3]
                         net (fo=1, routed)           0.000     7.440    u_decrease_duty_dtn/count0_carry__1_n_0
    SLICE_X6Y53          CARRY4 (Prop_carry4_CI_O[0])
                                                      0.219     7.659 r  u_decrease_duty_dtn/count0_carry__2/O[0]
                         net (fo=1, routed)           0.654     8.312    u_decrease_duty_dtn/count0_carry__2_n_7
    SLICE_X7Y52          LUT6 (Prop_lut6_I0_O)        0.295     8.607 r  u_decrease_duty_dtn/count[13]_i_1__0/O
                         net (fo=1, routed)           0.000     8.607    u_decrease_duty_dtn/count[13]_i_1__0_n_0
    SLICE_X7Y52          FDCE                                         r  u_decrease_duty_dtn/count_reg[13]/D
  -------------------------------------------------------------------    -------------------

                         (clock sys_clk_pin rise edge)
                                                     10.000    10.000 r  
    W5                                                0.000    10.000 r  clk (IN)
                         net (fo=0)                   0.000    10.000    clk
    W5                   IBUF (Prop_ibuf_I_O)         1.388    11.388 r  clk_IBUF_inst/O
                         net (fo=1, routed)           1.862    13.250    clk_IBUF
    BUFGCTRL_X0Y0        BUFG (Prop_bufg_I_O)         0.091    13.341 r  clk_IBUF_BUFG_inst/O
                         net (fo=52, routed)          1.508    14.849    u_decrease_duty_dtn/CLK
    SLICE_X7Y52          FDCE                                         r  u_decrease_duty_dtn/count_reg[13]/C
                         clock pessimism              0.180    15.029    
                         clock uncertainty           -0.035    14.993    
    SLICE_X7Y52          FDCE (Setup_fdce_C_D)        0.031    15.024    u_decrease_duty_dtn/count_reg[13]
  -------------------------------------------------------------------
                         required time                         15.024    
                         arrival time                          -8.607    
  -------------------------------------------------------------------
                         slack                                  6.417    

Slack (MET) :             6.447ns  (required time - arrival time)
  Source:                 u_increase_duty_dtn/count_reg[0]/C
                            (rising edge-triggered cell FDCE clocked by sys_clk_pin  {rise@0.000ns fall@5.000ns period=10.000ns})
  Destination:            u_increase_duty_dtn/count_reg[14]/D
                            (rising edge-triggered cell FDCE clocked by sys_clk_pin  {rise@0.000ns fall@5.000ns period=10.000ns})
  Path Group:             sys_clk_pin
  Path Type:              Setup (Max at Slow Process Corner)
  Requirement:            10.000ns  (sys_clk_pin rise@10.000ns - sys_clk_pin rise@0.000ns)
  Data Path Delay:        3.573ns  (logic 1.963ns (54.941%)  route 1.610ns (45.059%))
  Logic Levels:           5  (CARRY4=4 LUT6=1)
  Clock Path Skew:        -0.026ns (DCD - SCD + CPR)
    Destination Clock Delay (DCD):    4.850ns = ( 14.850 - 10.000 ) 
    Source Clock Delay      (SCD):    5.148ns
    Clock Pessimism Removal (CPR):    0.272ns
  Clock Uncertainty:      0.035ns  ((TSJ^2 + TIJ^2)^1/2 + DJ) / 2 + PE
    Total System Jitter     (TSJ):    0.071ns
    Total Input Jitter      (TIJ):    0.000ns
    Discrete Jitter          (DJ):    0.000ns
    Phase Error              (PE):    0.000ns

    Location             Delay type                Incr(ns)  Path(ns)    Netlist Resource(s)
  -------------------------------------------------------------------    -------------------
                         (clock sys_clk_pin rise edge)
                                                      0.000     0.000 r  
    W5                                                0.000     0.000 r  clk (IN)
                         net (fo=0)                   0.000     0.000    clk
    W5                   IBUF (Prop_ibuf_I_O)         1.458     1.458 r  clk_IBUF_inst/O
                         net (fo=1, routed)           1.967     3.425    clk_IBUF
    BUFGCTRL_X0Y0        BUFG (Prop_bufg_I_O)         0.096     3.521 r  clk_IBUF_BUFG_inst/O
                         net (fo=52, routed)          1.627     5.148    u_increase_duty_dtn/CLK
    SLICE_X2Y50          FDCE                                         r  u_increase_duty_dtn/count_reg[0]/C
  -------------------------------------------------------------------    -------------------
    SLICE_X2Y50          FDCE (Prop_fdce_C_Q)         0.518     5.666 r  u_increase_duty_dtn/count_reg[0]/Q
                         net (fo=3, routed)           0.812     6.478    u_increase_duty_dtn/count[0]
    SLICE_X1Y50          CARRY4 (Prop_carry4_CYINIT_CO[3])
                                                      0.580     7.058 r  u_increase_duty_dtn/count0_carry/CO[3]
                         net (fo=1, routed)           0.000     7.058    u_increase_duty_dtn/count0_carry_n_0
    SLICE_X1Y51          CARRY4 (Prop_carry4_CI_CO[3])
                                                      0.114     7.172 r  u_increase_duty_dtn/count0_carry__0/CO[3]
                         net (fo=1, routed)           0.000     7.172    u_increase_duty_dtn/count0_carry__0_n_0
    SLICE_X1Y52          CARRY4 (Prop_carry4_CI_CO[3])
                                                      0.114     7.286 r  u_increase_duty_dtn/count0_carry__1/CO[3]
                         net (fo=1, routed)           0.000     7.286    u_increase_duty_dtn/count0_carry__1_n_0
    SLICE_X1Y53          CARRY4 (Prop_carry4_CI_O[1])
                                                      0.334     7.620 r  u_increase_duty_dtn/count0_carry__2/O[1]
                         net (fo=1, routed)           0.798     8.418    u_increase_duty_dtn/count0[14]
    SLICE_X2Y53          LUT6 (Prop_lut6_I0_O)        0.303     8.721 r  u_increase_duty_dtn/count[14]_i_1/O
                         net (fo=1, routed)           0.000     8.721    u_increase_duty_dtn/p_0_in[14]
    SLICE_X2Y53          FDCE                                         r  u_increase_duty_dtn/count_reg[14]/D
  -------------------------------------------------------------------    -------------------

                         (clock sys_clk_pin rise edge)
                                                     10.000    10.000 r  
    W5                                                0.000    10.000 r  clk (IN)
                         net (fo=0)                   0.000    10.000    clk
    W5                   IBUF (Prop_ibuf_I_O)         1.388    11.388 r  clk_IBUF_inst/O
                         net (fo=1, routed)           1.862    13.250    clk_IBUF
    BUFGCTRL_X0Y0        BUFG (Prop_bufg_I_O)         0.091    13.341 r  clk_IBUF_BUFG_inst/O
                         net (fo=52, routed)          1.509    14.850    u_increase_duty_dtn/CLK
    SLICE_X2Y53          FDCE                                         r  u_increase_duty_dtn/count_reg[14]/C
                         clock pessimism              0.272    15.122    
                         clock uncertainty           -0.035    15.087    
    SLICE_X2Y53          FDCE (Setup_fdce_C_D)        0.081    15.168    u_increase_duty_dtn/count_reg[14]
  -------------------------------------------------------------------
                         required time                         15.168    
                         arrival time                          -8.721    
  -------------------------------------------------------------------
                         slack                                  6.447    

Slack (MET) :             6.465ns  (required time - arrival time)
  Source:                 u_increase_duty_dtn/count_reg[0]/C
                            (rising edge-triggered cell FDCE clocked by sys_clk_pin  {rise@0.000ns fall@5.000ns period=10.000ns})
  Destination:            u_increase_duty_dtn/count_reg[12]/D
                            (rising edge-triggered cell FDCE clocked by sys_clk_pin  {rise@0.000ns fall@5.000ns period=10.000ns})
  Path Group:             sys_clk_pin
  Path Type:              Setup (Max at Slow Process Corner)
  Requirement:            10.000ns  (sys_clk_pin rise@10.000ns - sys_clk_pin rise@0.000ns)
  Data Path Delay:        3.505ns  (logic 1.831ns (52.236%)  route 1.674ns (47.764%))
  Logic Levels:           4  (CARRY4=3 LUT6=1)
  Clock Path Skew:        -0.025ns (DCD - SCD + CPR)
    Destination Clock Delay (DCD):    4.851ns = ( 14.851 - 10.000 ) 
    Source Clock Delay      (SCD):    5.148ns
    Clock Pessimism Removal (CPR):    0.272ns
  Clock Uncertainty:      0.035ns  ((TSJ^2 + TIJ^2)^1/2 + DJ) / 2 + PE
    Total System Jitter     (TSJ):    0.071ns
    Total Input Jitter      (TIJ):    0.000ns
    Discrete Jitter          (DJ):    0.000ns
    Phase Error              (PE):    0.000ns

    Location             Delay type                Incr(ns)  Path(ns)    Netlist Resource(s)
  -------------------------------------------------------------------    -------------------
                         (clock sys_clk_pin rise edge)
                                                      0.000     0.000 r  
    W5                                                0.000     0.000 r  clk (IN)
                         net (fo=0)                   0.000     0.000    clk
    W5                   IBUF (Prop_ibuf_I_O)         1.458     1.458 r  clk_IBUF_inst/O
                         net (fo=1, routed)           1.967     3.425    clk_IBUF
    BUFGCTRL_X0Y0        BUFG (Prop_bufg_I_O)         0.096     3.521 r  clk_IBUF_BUFG_inst/O
                         net (fo=52, routed)          1.627     5.148    u_increase_duty_dtn/CLK
    SLICE_X2Y50          FDCE                                         r  u_increase_duty_dtn/count_reg[0]/C
  -------------------------------------------------------------------    -------------------
    SLICE_X2Y50          FDCE (Prop_fdce_C_Q)         0.518     5.666 r  u_increase_duty_dtn/count_reg[0]/Q
                         net (fo=3, routed)           0.812     6.478    u_increase_duty_dtn/count[0]
    SLICE_X1Y50          CARRY4 (Prop_carry4_CYINIT_CO[3])
                                                      0.580     7.058 r  u_increase_duty_dtn/count0_carry/CO[3]
                         net (fo=1, routed)           0.000     7.058    u_increase_duty_dtn/count0_carry_n_0
    SLICE_X1Y51          CARRY4 (Prop_carry4_CI_CO[3])
                                                      0.114     7.172 r  u_increase_duty_dtn/count0_carry__0/CO[3]
                         net (fo=1, routed)           0.000     7.172    u_increase_duty_dtn/count0_carry__0_n_0
    SLICE_X1Y52          CARRY4 (Prop_carry4_CI_O[3])
                                                      0.313     7.485 r  u_increase_duty_dtn/count0_carry__1/O[3]
                         net (fo=1, routed)           0.862     8.347    u_increase_duty_dtn/count0[12]
    SLICE_X0Y52          LUT6 (Prop_lut6_I0_O)        0.306     8.653 r  u_increase_duty_dtn/count[12]_i_1/O
                         net (fo=1, routed)           0.000     8.653    u_increase_duty_dtn/p_0_in[12]
    SLICE_X0Y52          FDCE                                         r  u_increase_duty_dtn/count_reg[12]/D
  -------------------------------------------------------------------    -------------------

                         (clock sys_clk_pin rise edge)
                                                     10.000    10.000 r  
    W5                                                0.000    10.000 r  clk (IN)
                         net (fo=0)                   0.000    10.000    clk
    W5                   IBUF (Prop_ibuf_I_O)         1.388    11.388 r  clk_IBUF_inst/O
                         net (fo=1, routed)           1.862    13.250    clk_IBUF
    BUFGCTRL_X0Y0        BUFG (Prop_bufg_I_O)         0.091    13.341 r  clk_IBUF_BUFG_inst/O
                         net (fo=52, routed)          1.510    14.851    u_increase_duty_dtn/CLK
    SLICE_X0Y52          FDCE                                         r  u_increase_duty_dtn/count_reg[12]/C
                         clock pessimism              0.272    15.123    
                         clock uncertainty           -0.035    15.088    
    SLICE_X0Y52          FDCE (Setup_fdce_C_D)        0.031    15.119    u_increase_duty_dtn/count_reg[12]
  -------------------------------------------------------------------
                         required time                         15.119    
                         arrival time                          -8.653    
  -------------------------------------------------------------------
                         slack                                  6.465    

Slack (MET) :             6.491ns  (required time - arrival time)
  Source:                 u_decrease_duty_dtn/count_reg[1]/C
                            (rising edge-triggered cell FDCE clocked by sys_clk_pin  {rise@0.000ns fall@5.000ns period=10.000ns})
  Destination:            u_decrease_duty_dtn/count_reg[10]/D
                            (rising edge-triggered cell FDCE clocked by sys_clk_pin  {rise@0.000ns fall@5.000ns period=10.000ns})
  Path Group:             sys_clk_pin
  Path Type:              Setup (Max at Slow Process Corner)
  Requirement:            10.000ns  (sys_clk_pin rise@10.000ns - sys_clk_pin rise@0.000ns)
  Data Path Delay:        3.374ns  (logic 1.839ns (54.509%)  route 1.535ns (45.491%))
  Logic Levels:           4  (CARRY4=3 LUT6=1)
  Clock Path Skew:        -0.129ns (DCD - SCD + CPR)
    Destination Clock Delay (DCD):    4.849ns = ( 14.849 - 10.000 ) 
    Source Clock Delay      (SCD):    5.157ns
    Clock Pessimism Removal (CPR):    0.180ns
  Clock Uncertainty:      0.035ns  ((TSJ^2 + TIJ^2)^1/2 + DJ) / 2 + PE
    Total System Jitter     (TSJ):    0.071ns
    Total Input Jitter      (TIJ):    0.000ns
    Discrete Jitter          (DJ):    0.000ns
    Phase Error              (PE):    0.000ns

    Location             Delay type                Incr(ns)  Path(ns)    Netlist Resource(s)
  -------------------------------------------------------------------    -------------------
                         (clock sys_clk_pin rise edge)
                                                      0.000     0.000 r  
    W5                                                0.000     0.000 r  clk (IN)
                         net (fo=0)                   0.000     0.000    clk
    W5                   IBUF (Prop_ibuf_I_O)         1.458     1.458 r  clk_IBUF_inst/O
                         net (fo=1, routed)           1.967     3.425    clk_IBUF
    BUFGCTRL_X0Y0        BUFG (Prop_bufg_I_O)         0.096     3.521 r  clk_IBUF_BUFG_inst/O
                         net (fo=52, routed)          1.636     5.157    u_decrease_duty_dtn/CLK
    SLICE_X7Y49          FDCE                                         r  u_decrease_duty_dtn/count_reg[1]/C
  -------------------------------------------------------------------    -------------------
    SLICE_X7Y49          FDCE (Prop_fdce_C_Q)         0.456     5.613 r  u_decrease_duty_dtn/count_reg[1]/Q
                         net (fo=2, routed)           0.956     6.569    u_decrease_duty_dtn/count_reg_n_0_[1]
    SLICE_X6Y50          CARRY4 (Prop_carry4_S[0]_CO[3])
                                                      0.637     7.206 r  u_decrease_duty_dtn/count0_carry/CO[3]
                         net (fo=1, routed)           0.000     7.206    u_decrease_duty_dtn/count0_carry_n_0
    SLICE_X6Y51          CARRY4 (Prop_carry4_CI_CO[3])
                                                      0.117     7.323 r  u_decrease_duty_dtn/count0_carry__0/CO[3]
                         net (fo=1, routed)           0.000     7.323    u_decrease_duty_dtn/count0_carry__0_n_0
    SLICE_X6Y52          CARRY4 (Prop_carry4_CI_O[1])
                                                      0.323     7.646 r  u_decrease_duty_dtn/count0_carry__1/O[1]
                         net (fo=1, routed)           0.579     8.225    u_decrease_duty_dtn/count0_carry__1_n_6
    SLICE_X7Y52          LUT6 (Prop_lut6_I0_O)        0.306     8.531 r  u_decrease_duty_dtn/count[10]_i_1__0/O
                         net (fo=1, routed)           0.000     8.531    u_decrease_duty_dtn/count[10]_i_1__0_n_0
    SLICE_X7Y52          FDCE                                         r  u_decrease_duty_dtn/count_reg[10]/D
  -------------------------------------------------------------------    -------------------

                         (clock sys_clk_pin rise edge)
                                                     10.000    10.000 r  
    W5                                                0.000    10.000 r  clk (IN)
                         net (fo=0)                   0.000    10.000    clk
    W5                   IBUF (Prop_ibuf_I_O)         1.388    11.388 r  clk_IBUF_inst/O
                         net (fo=1, routed)           1.862    13.250    clk_IBUF
    BUFGCTRL_X0Y0        BUFG (Prop_bufg_I_O)         0.091    13.341 r  clk_IBUF_BUFG_inst/O
                         net (fo=52, routed)          1.508    14.849    u_decrease_duty_dtn/CLK
    SLICE_X7Y52          FDCE                                         r  u_decrease_duty_dtn/count_reg[10]/C
                         clock pessimism              0.180    15.029    
                         clock uncertainty           -0.035    14.993    
    SLICE_X7Y52          FDCE (Setup_fdce_C_D)        0.029    15.022    u_decrease_duty_dtn/count_reg[10]
  -------------------------------------------------------------------
                         required time                         15.022    
                         arrival time                          -8.531    
  -------------------------------------------------------------------
                         slack                                  6.491    

Slack (MET) :             6.506ns  (required time - arrival time)
  Source:                 u_increase_duty_dtn/count_reg[0]/C
                            (rising edge-triggered cell FDCE clocked by sys_clk_pin  {rise@0.000ns fall@5.000ns period=10.000ns})
  Destination:            u_increase_duty_dtn/count_reg[10]/D
                            (rising edge-triggered cell FDCE clocked by sys_clk_pin  {rise@0.000ns fall@5.000ns period=10.000ns})
  Path Group:             sys_clk_pin
  Path Type:              Setup (Max at Slow Process Corner)
  Requirement:            10.000ns  (sys_clk_pin rise@10.000ns - sys_clk_pin rise@0.000ns)
  Data Path Delay:        3.463ns  (logic 1.849ns (53.393%)  route 1.614ns (46.607%))
  Logic Levels:           4  (CARRY4=3 LUT6=1)
  Clock Path Skew:        -0.025ns (DCD - SCD + CPR)
    Destination Clock Delay (DCD):    4.851ns = ( 14.851 - 10.000 ) 
    Source Clock Delay      (SCD):    5.148ns
    Clock Pessimism Removal (CPR):    0.272ns
  Clock Uncertainty:      0.035ns  ((TSJ^2 + TIJ^2)^1/2 + DJ) / 2 + PE
    Total System Jitter     (TSJ):    0.071ns
    Total Input Jitter      (TIJ):    0.000ns
    Discrete Jitter          (DJ):    0.000ns
    Phase Error              (PE):    0.000ns

    Location             Delay type                Incr(ns)  Path(ns)    Netlist Resource(s)
  -------------------------------------------------------------------    -------------------
                         (clock sys_clk_pin rise edge)
                                                      0.000     0.000 r  
    W5                                                0.000     0.000 r  clk (IN)
                         net (fo=0)                   0.000     0.000    clk
    W5                   IBUF (Prop_ibuf_I_O)         1.458     1.458 r  clk_IBUF_inst/O
                         net (fo=1, routed)           1.967     3.425    clk_IBUF
    BUFGCTRL_X0Y0        BUFG (Prop_bufg_I_O)         0.096     3.521 r  clk_IBUF_BUFG_inst/O
                         net (fo=52, routed)          1.627     5.148    u_increase_duty_dtn/CLK
    SLICE_X2Y50          FDCE                                         r  u_increase_duty_dtn/count_reg[0]/C
  -------------------------------------------------------------------    -------------------
    SLICE_X2Y50          FDCE (Prop_fdce_C_Q)         0.518     5.666 r  u_increase_duty_dtn/count_reg[0]/Q
                         net (fo=3, routed)           0.812     6.478    u_increase_duty_dtn/count[0]
    SLICE_X1Y50          CARRY4 (Prop_carry4_CYINIT_CO[3])
                                                      0.580     7.058 r  u_increase_duty_dtn/count0_carry/CO[3]
                         net (fo=1, routed)           0.000     7.058    u_increase_duty_dtn/count0_carry_n_0
    SLICE_X1Y51          CARRY4 (Prop_carry4_CI_CO[3])
                                                      0.114     7.172 r  u_increase_duty_dtn/count0_carry__0/CO[3]
                         net (fo=1, routed)           0.000     7.172    u_increase_duty_dtn/count0_carry__0_n_0
    SLICE_X1Y52          CARRY4 (Prop_carry4_CI_O[1])
                                                      0.334     7.506 r  u_increase_duty_dtn/count0_carry__1/O[1]
                         net (fo=1, routed)           0.802     8.308    u_increase_duty_dtn/count0[10]
    SLICE_X0Y52          LUT6 (Prop_lut6_I0_O)        0.303     8.611 r  u_increase_duty_dtn/count[10]_i_1/O
                         net (fo=1, routed)           0.000     8.611    u_increase_duty_dtn/p_0_in[10]
    SLICE_X0Y52          FDCE                                         r  u_increase_duty_dtn/count_reg[10]/D
  -------------------------------------------------------------------    -------------------

                         (clock sys_clk_pin rise edge)
                                                     10.000    10.000 r  
    W5                                                0.000    10.000 r  clk (IN)
                         net (fo=0)                   0.000    10.000    clk
    W5                   IBUF (Prop_ibuf_I_O)         1.388    11.388 r  clk_IBUF_inst/O
                         net (fo=1, routed)           1.862    13.250    clk_IBUF
    BUFGCTRL_X0Y0        BUFG (Prop_bufg_I_O)         0.091    13.341 r  clk_IBUF_BUFG_inst/O
                         net (fo=52, routed)          1.510    14.851    u_increase_duty_dtn/CLK
    SLICE_X0Y52          FDCE                                         r  u_increase_duty_dtn/count_reg[10]/C
                         clock pessimism              0.272    15.123    
                         clock uncertainty           -0.035    15.088    
    SLICE_X0Y52          FDCE (Setup_fdce_C_D)        0.029    15.117    u_increase_duty_dtn/count_reg[10]
  -------------------------------------------------------------------
                         required time                         15.117    
                         arrival time                          -8.611    
  -------------------------------------------------------------------
                         slack                                  6.506    





Min Delay Paths
--------------------------------------------------------------------------------------
Slack (MET) :             0.127ns  (arrival time - required time)
  Source:                 u_decrease_duty_dtn/btn_state_reg/C
                            (rising edge-triggered cell FDCE clocked by sys_clk_pin  {rise@0.000ns fall@5.000ns period=10.000ns})
  Destination:            u_pwm_duty_control/r_DUTY_CYCLE_reg[2]/D
                            (rising edge-triggered cell FDPE clocked by sys_clk_pin  {rise@0.000ns fall@5.000ns period=10.000ns})
  Path Group:             sys_clk_pin
  Path Type:              Hold (Min at Fast Process Corner)
  Requirement:            0.000ns  (sys_clk_pin rise@0.000ns - sys_clk_pin rise@0.000ns)
  Data Path Delay:        0.488ns  (logic 0.209ns (42.818%)  route 0.279ns (57.182%))
  Logic Levels:           1  (LUT6=1)
  Clock Path Skew:        0.269ns (DCD - SCD - CPR)
    Destination Clock Delay (DCD):    1.990ns
    Source Clock Delay      (SCD):    1.477ns
    Clock Pessimism Removal (CPR):    0.244ns

    Location             Delay type                Incr(ns)  Path(ns)    Netlist Resource(s)
  -------------------------------------------------------------------    -------------------
                         (clock sys_clk_pin rise edge)
                                                      0.000     0.000 r  
    W5                                                0.000     0.000 r  clk (IN)
                         net (fo=0)                   0.000     0.000    clk
    W5                   IBUF (Prop_ibuf_I_O)         0.226     0.226 r  clk_IBUF_inst/O
                         net (fo=1, routed)           0.631     0.858    clk_IBUF
    BUFGCTRL_X0Y0        BUFG (Prop_bufg_I_O)         0.026     0.884 r  clk_IBUF_BUFG_inst/O
                         net (fo=52, routed)          0.594     1.477    u_decrease_duty_dtn/CLK
    SLICE_X6Y49          FDCE                                         r  u_decrease_duty_dtn/btn_state_reg/C
  -------------------------------------------------------------------    -------------------
    SLICE_X6Y49          FDCE (Prop_fdce_C_Q)         0.164     1.641 r  u_decrease_duty_dtn/btn_state_reg/Q
                         net (fo=7, routed)           0.279     1.920    u_pwm_duty_control/w_clean_dec_btn
    SLICE_X4Y51          LUT6 (Prop_lut6_I1_O)        0.045     1.965 r  u_pwm_duty_control/r_DUTY_CYCLE[2]_i_1/O
                         net (fo=1, routed)           0.000     1.965    u_pwm_duty_control/r_DUTY_CYCLE[2]_i_1_n_0
    SLICE_X4Y51          FDPE                                         r  u_pwm_duty_control/r_DUTY_CYCLE_reg[2]/D
  -------------------------------------------------------------------    -------------------

                         (clock sys_clk_pin rise edge)
                                                      0.000     0.000 r  
    W5                                                0.000     0.000 r  clk (IN)
                         net (fo=0)                   0.000     0.000    clk
    W5                   IBUF (Prop_ibuf_I_O)         0.414     0.414 r  clk_IBUF_inst/O
                         net (fo=1, routed)           0.685     1.099    clk_IBUF
    BUFGCTRL_X0Y0        BUFG (Prop_bufg_I_O)         0.029     1.128 r  clk_IBUF_BUFG_inst/O
                         net (fo=52, routed)          0.863     1.990    u_pwm_duty_control/CLK
    SLICE_X4Y51          FDPE                                         r  u_pwm_duty_control/r_DUTY_CYCLE_reg[2]/C
                         clock pessimism             -0.244     1.746    
    SLICE_X4Y51          FDPE (Hold_fdpe_C_D)         0.092     1.838    u_pwm_duty_control/r_DUTY_CYCLE_reg[2]
  -------------------------------------------------------------------
                         required time                         -1.838    
                         arrival time                           1.965    
  -------------------------------------------------------------------
                         slack                                  0.127    

Slack (MET) :             0.146ns  (arrival time - required time)
  Source:                 u_decrease_duty_dtn/count_reg[15]/C
                            (rising edge-triggered cell FDCE clocked by sys_clk_pin  {rise@0.000ns fall@5.000ns period=10.000ns})
  Destination:            u_decrease_duty_dtn/count_reg[1]/D
                            (rising edge-triggered cell FDCE clocked by sys_clk_pin  {rise@0.000ns fall@5.000ns period=10.000ns})
  Path Group:             sys_clk_pin
  Path Type:              Hold (Min at Fast Process Corner)
  Requirement:            0.000ns  (sys_clk_pin rise@0.000ns - sys_clk_pin rise@0.000ns)
  Data Path Delay:        0.510ns  (logic 0.186ns (36.439%)  route 0.324ns (63.561%))
  Logic Levels:           1  (LUT6=1)
  Clock Path Skew:        0.274ns (DCD - SCD - CPR)
    Destination Clock Delay (DCD):    1.992ns
    Source Clock Delay      (SCD):    1.474ns
    Clock Pessimism Removal (CPR):    0.244ns

    Location             Delay type                Incr(ns)  Path(ns)    Netlist Resource(s)
  -------------------------------------------------------------------    -------------------
                         (clock sys_clk_pin rise edge)
                                                      0.000     0.000 r  
    W5                                                0.000     0.000 r  clk (IN)
                         net (fo=0)                   0.000     0.000    clk
    W5                   IBUF (Prop_ibuf_I_O)         0.226     0.226 r  clk_IBUF_inst/O
                         net (fo=1, routed)           0.631     0.858    clk_IBUF
    BUFGCTRL_X0Y0        BUFG (Prop_bufg_I_O)         0.026     0.884 r  clk_IBUF_BUFG_inst/O
                         net (fo=52, routed)          0.591     1.474    u_decrease_duty_dtn/CLK
    SLICE_X5Y53          FDCE                                         r  u_decrease_duty_dtn/count_reg[15]/C
  -------------------------------------------------------------------    -------------------
    SLICE_X5Y53          FDCE (Prop_fdce_C_Q)         0.141     1.615 f  u_decrease_duty_dtn/count_reg[15]/Q
                         net (fo=22, routed)          0.324     1.940    u_decrease_duty_dtn/count_reg_n_0_[15]
    SLICE_X7Y49          LUT6 (Prop_lut6_I1_O)        0.045     1.985 r  u_decrease_duty_dtn/count[1]_i_1__0/O
                         net (fo=1, routed)           0.000     1.985    u_decrease_duty_dtn/count[1]_i_1__0_n_0
    SLICE_X7Y49          FDCE                                         r  u_decrease_duty_dtn/count_reg[1]/D
  -------------------------------------------------------------------    -------------------

                         (clock sys_clk_pin rise edge)
                                                      0.000     0.000 r  
    W5                                                0.000     0.000 r  clk (IN)
                         net (fo=0)                   0.000     0.000    clk
    W5                   IBUF (Prop_ibuf_I_O)         0.414     0.414 r  clk_IBUF_inst/O
                         net (fo=1, routed)           0.685     1.099    clk_IBUF
    BUFGCTRL_X0Y0        BUFG (Prop_bufg_I_O)         0.029     1.128 r  clk_IBUF_BUFG_inst/O
                         net (fo=52, routed)          0.865     1.992    u_decrease_duty_dtn/CLK
    SLICE_X7Y49          FDCE                                         r  u_decrease_duty_dtn/count_reg[1]/C
                         clock pessimism             -0.244     1.748    
    SLICE_X7Y49          FDCE (Hold_fdce_C_D)         0.091     1.839    u_decrease_duty_dtn/count_reg[1]
  -------------------------------------------------------------------
                         required time                         -1.839    
                         arrival time                           1.985    
  -------------------------------------------------------------------
                         slack                                  0.146    

Slack (MET) :             0.209ns  (arrival time - required time)
  Source:                 u_decrease_duty_dtn/btn_state_reg/C
                            (rising edge-triggered cell FDCE clocked by sys_clk_pin  {rise@0.000ns fall@5.000ns period=10.000ns})
  Destination:            u_pwm_duty_control/r_DUTY_CYCLE_reg[1]/D
                            (rising edge-triggered cell FDCE clocked by sys_clk_pin  {rise@0.000ns fall@5.000ns period=10.000ns})
  Path Group:             sys_clk_pin
  Path Type:              Hold (Min at Fast Process Corner)
  Requirement:            0.000ns  (sys_clk_pin rise@0.000ns - sys_clk_pin rise@0.000ns)
  Data Path Delay:        0.569ns  (logic 0.209ns (36.700%)  route 0.360ns (63.300%))
  Logic Levels:           1  (LUT6=1)
  Clock Path Skew:        0.269ns (DCD - SCD - CPR)
    Destination Clock Delay (DCD):    1.990ns
    Source Clock Delay      (SCD):    1.477ns
    Clock Pessimism Removal (CPR):    0.244ns

    Location             Delay type                Incr(ns)  Path(ns)    Netlist Resource(s)
  -------------------------------------------------------------------    -------------------
                         (clock sys_clk_pin rise edge)
                                                      0.000     0.000 r  
    W5                                                0.000     0.000 r  clk (IN)
                         net (fo=0)                   0.000     0.000    clk
    W5                   IBUF (Prop_ibuf_I_O)         0.226     0.226 r  clk_IBUF_inst/O
                         net (fo=1, routed)           0.631     0.858    clk_IBUF
    BUFGCTRL_X0Y0        BUFG (Prop_bufg_I_O)         0.026     0.884 r  clk_IBUF_BUFG_inst/O
                         net (fo=52, routed)          0.594     1.477    u_decrease_duty_dtn/CLK
    SLICE_X6Y49          FDCE                                         r  u_decrease_duty_dtn/btn_state_reg/C
  -------------------------------------------------------------------    -------------------
    SLICE_X6Y49          FDCE (Prop_fdce_C_Q)         0.164     1.641 r  u_decrease_duty_dtn/btn_state_reg/Q
                         net (fo=7, routed)           0.360     2.002    u_pwm_duty_control/w_clean_dec_btn
    SLICE_X4Y51          LUT6 (Prop_lut6_I1_O)        0.045     2.047 r  u_pwm_duty_control/r_DUTY_CYCLE[1]_i_1/O
                         net (fo=1, routed)           0.000     2.047    u_pwm_duty_control/r_DUTY_CYCLE[1]_i_1_n_0
    SLICE_X4Y51          FDCE                                         r  u_pwm_duty_control/r_DUTY_CYCLE_reg[1]/D
  -------------------------------------------------------------------    -------------------

                         (clock sys_clk_pin rise edge)
                                                      0.000     0.000 r  
    W5                                                0.000     0.000 r  clk (IN)
                         net (fo=0)                   0.000     0.000    clk
    W5                   IBUF (Prop_ibuf_I_O)         0.414     0.414 r  clk_IBUF_inst/O
                         net (fo=1, routed)           0.685     1.099    clk_IBUF
    BUFGCTRL_X0Y0        BUFG (Prop_bufg_I_O)         0.029     1.128 r  clk_IBUF_BUFG_inst/O
                         net (fo=52, routed)          0.863     1.990    u_pwm_duty_control/CLK
    SLICE_X4Y51          FDCE                                         r  u_pwm_duty_control/r_DUTY_CYCLE_reg[1]/C
                         clock pessimism             -0.244     1.746    
    SLICE_X4Y51          FDCE (Hold_fdce_C_D)         0.092     1.838    u_pwm_duty_control/r_DUTY_CYCLE_reg[1]
  -------------------------------------------------------------------
                         required time                         -1.838    
                         arrival time                           2.047    
  -------------------------------------------------------------------
                         slack                                  0.209    

Slack (MET) :             0.252ns  (arrival time - required time)
  Source:                 u_decrease_duty_dtn/count_reg[15]/C
                            (rising edge-triggered cell FDCE clocked by sys_clk_pin  {rise@0.000ns fall@5.000ns period=10.000ns})
  Destination:            u_decrease_duty_dtn/count_reg[15]/D
                            (rising edge-triggered cell FDCE clocked by sys_clk_pin  {rise@0.000ns fall@5.000ns period=10.000ns})
  Path Group:             sys_clk_pin
  Path Type:              Hold (Min at Fast Process Corner)
  Requirement:            0.000ns  (sys_clk_pin rise@0.000ns - sys_clk_pin rise@0.000ns)
  Data Path Delay:        0.344ns  (logic 0.186ns (54.018%)  route 0.158ns (45.982%))
  Logic Levels:           1  (LUT6=1)
  Clock Path Skew:        0.000ns (DCD - SCD - CPR)
    Destination Clock Delay (DCD):    1.989ns
    Source Clock Delay      (SCD):    1.474ns
    Clock Pessimism Removal (CPR):    0.515ns

    Location             Delay type                Incr(ns)  Path(ns)    Netlist Resource(s)
  -------------------------------------------------------------------    -------------------
                         (clock sys_clk_pin rise edge)
                                                      0.000     0.000 r  
    W5                                                0.000     0.000 r  clk (IN)
                         net (fo=0)                   0.000     0.000    clk
    W5                   IBUF (Prop_ibuf_I_O)         0.226     0.226 r  clk_IBUF_inst/O
                         net (fo=1, routed)           0.631     0.858    clk_IBUF
    BUFGCTRL_X0Y0        BUFG (Prop_bufg_I_O)         0.026     0.884 r  clk_IBUF_BUFG_inst/O
                         net (fo=52, routed)          0.591     1.474    u_decrease_duty_dtn/CLK
    SLICE_X5Y53          FDCE                                         r  u_decrease_duty_dtn/count_reg[15]/C
  -------------------------------------------------------------------    -------------------
    SLICE_X5Y53          FDCE (Prop_fdce_C_Q)         0.141     1.615 f  u_decrease_duty_dtn/count_reg[15]/Q
                         net (fo=22, routed)          0.158     1.774    u_decrease_duty_dtn/count_reg_n_0_[15]
    SLICE_X5Y53          LUT6 (Prop_lut6_I1_O)        0.045     1.819 r  u_decrease_duty_dtn/count[15]_i_1__0/O
                         net (fo=1, routed)           0.000     1.819    u_decrease_duty_dtn/count[15]_i_1__0_n_0
    SLICE_X5Y53          FDCE                                         r  u_decrease_duty_dtn/count_reg[15]/D
  -------------------------------------------------------------------    -------------------

                         (clock sys_clk_pin rise edge)
                                                      0.000     0.000 r  
    W5                                                0.000     0.000 r  clk (IN)
                         net (fo=0)                   0.000     0.000    clk
    W5                   IBUF (Prop_ibuf_I_O)         0.414     0.414 r  clk_IBUF_inst/O
                         net (fo=1, routed)           0.685     1.099    clk_IBUF
    BUFGCTRL_X0Y0        BUFG (Prop_bufg_I_O)         0.029     1.128 r  clk_IBUF_BUFG_inst/O
                         net (fo=52, routed)          0.861     1.989    u_decrease_duty_dtn/CLK
    SLICE_X5Y53          FDCE                                         r  u_decrease_duty_dtn/count_reg[15]/C
                         clock pessimism             -0.515     1.474    
    SLICE_X5Y53          FDCE (Hold_fdce_C_D)         0.092     1.566    u_decrease_duty_dtn/count_reg[15]
  -------------------------------------------------------------------
                         required time                         -1.566    
                         arrival time                           1.819    
  -------------------------------------------------------------------
                         slack                                  0.252    

Slack (MET) :             0.264ns  (arrival time - required time)
  Source:                 u_increase_duty_dtn/count_reg[0]/C
                            (rising edge-triggered cell FDCE clocked by sys_clk_pin  {rise@0.000ns fall@5.000ns period=10.000ns})
  Destination:            u_increase_duty_dtn/count_reg[0]/D
                            (rising edge-triggered cell FDCE clocked by sys_clk_pin  {rise@0.000ns fall@5.000ns period=10.000ns})
  Path Group:             sys_clk_pin
  Path Type:              Hold (Min at Fast Process Corner)
  Requirement:            0.000ns  (sys_clk_pin rise@0.000ns - sys_clk_pin rise@0.000ns)
  Data Path Delay:        0.384ns  (logic 0.209ns (54.384%)  route 0.175ns (45.616%))
  Logic Levels:           1  (LUT6=1)
  Clock Path Skew:        0.000ns (DCD - SCD - CPR)
    Destination Clock Delay (DCD):    1.992ns
    Source Clock Delay      (SCD):    1.477ns
    Clock Pessimism Removal (CPR):    0.515ns

    Location             Delay type                Incr(ns)  Path(ns)    Netlist Resource(s)
  -------------------------------------------------------------------    -------------------
                         (clock sys_clk_pin rise edge)
                                                      0.000     0.000 r  
    W5                                                0.000     0.000 r  clk (IN)
                         net (fo=0)                   0.000     0.000    clk
    W5                   IBUF (Prop_ibuf_I_O)         0.226     0.226 r  clk_IBUF_inst/O
                         net (fo=1, routed)           0.631     0.858    clk_IBUF
    BUFGCTRL_X0Y0        BUFG (Prop_bufg_I_O)         0.026     0.884 r  clk_IBUF_BUFG_inst/O
                         net (fo=52, routed)          0.594     1.477    u_increase_duty_dtn/CLK
    SLICE_X2Y50          FDCE                                         r  u_increase_duty_dtn/count_reg[0]/C
  -------------------------------------------------------------------    -------------------
    SLICE_X2Y50          FDCE (Prop_fdce_C_Q)         0.164     1.641 f  u_increase_duty_dtn/count_reg[0]/Q
                         net (fo=3, routed)           0.175     1.817    u_increase_duty_dtn/count[0]
    SLICE_X2Y50          LUT6 (Prop_lut6_I0_O)        0.045     1.862 r  u_increase_duty_dtn/count[0]_i_1/O
                         net (fo=1, routed)           0.000     1.862    u_increase_duty_dtn/p_0_in[0]
    SLICE_X2Y50          FDCE                                         r  u_increase_duty_dtn/count_reg[0]/D
  -------------------------------------------------------------------    -------------------

                         (clock sys_clk_pin rise edge)
                                                      0.000     0.000 r  
    W5                                                0.000     0.000 r  clk (IN)
                         net (fo=0)                   0.000     0.000    clk
    W5                   IBUF (Prop_ibuf_I_O)         0.414     0.414 r  clk_IBUF_inst/O
                         net (fo=1, routed)           0.685     1.099    clk_IBUF
    BUFGCTRL_X0Y0        BUFG (Prop_bufg_I_O)         0.029     1.128 r  clk_IBUF_BUFG_inst/O
                         net (fo=52, routed)          0.864     1.992    u_increase_duty_dtn/CLK
    SLICE_X2Y50          FDCE                                         r  u_increase_duty_dtn/count_reg[0]/C
                         clock pessimism             -0.515     1.477    
    SLICE_X2Y50          FDCE (Hold_fdce_C_D)         0.120     1.597    u_increase_duty_dtn/count_reg[0]
  -------------------------------------------------------------------
                         required time                         -1.597    
                         arrival time                           1.862    
  -------------------------------------------------------------------
                         slack                                  0.264    

Slack (MET) :             0.274ns  (arrival time - required time)
  Source:                 u_pwm_duty_control/r_DUTY_CYCLE_reg[0]/C
                            (rising edge-triggered cell FDPE clocked by sys_clk_pin  {rise@0.000ns fall@5.000ns period=10.000ns})
  Destination:            u_pwm_duty_control/r_DUTY_CYCLE_reg[0]/D
                            (rising edge-triggered cell FDPE clocked by sys_clk_pin  {rise@0.000ns fall@5.000ns period=10.000ns})
  Path Group:             sys_clk_pin
  Path Type:              Hold (Min at Fast Process Corner)
  Requirement:            0.000ns  (sys_clk_pin rise@0.000ns - sys_clk_pin rise@0.000ns)
  Data Path Delay:        0.365ns  (logic 0.186ns (50.940%)  route 0.179ns (49.060%))
  Logic Levels:           1  (LUT1=1)
  Clock Path Skew:        0.000ns (DCD - SCD - CPR)
    Destination Clock Delay (DCD):    1.992ns
    Source Clock Delay      (SCD):    1.477ns
    Clock Pessimism Removal (CPR):    0.515ns

    Location             Delay type                Incr(ns)  Path(ns)    Netlist Resource(s)
  -------------------------------------------------------------------    -------------------
                         (clock sys_clk_pin rise edge)
                                                      0.000     0.000 r  
    W5                                                0.000     0.000 r  clk (IN)
                         net (fo=0)                   0.000     0.000    clk
    W5                   IBUF (Prop_ibuf_I_O)         0.226     0.226 r  clk_IBUF_inst/O
                         net (fo=1, routed)           0.631     0.858    clk_IBUF
    BUFGCTRL_X0Y0        BUFG (Prop_bufg_I_O)         0.026     0.884 r  clk_IBUF_BUFG_inst/O
                         net (fo=52, routed)          0.594     1.477    u_pwm_duty_control/CLK
    SLICE_X3Y51          FDPE                                         r  u_pwm_duty_control/r_DUTY_CYCLE_reg[0]/C
  -------------------------------------------------------------------    -------------------
    SLICE_X3Y51          FDPE (Prop_fdpe_C_Q)         0.141     1.618 f  u_pwm_duty_control/r_DUTY_CYCLE_reg[0]/Q
                         net (fo=6, routed)           0.179     1.797    u_pwm_duty_control/r_DUTY_CYCLE_reg_n_0_[0]
    SLICE_X3Y51          LUT1 (Prop_lut1_I0_O)        0.045     1.842 r  u_pwm_duty_control/r_DUTY_CYCLE[0]_i_1/O
                         net (fo=1, routed)           0.000     1.842    u_pwm_duty_control/r_DUTY_CYCLE[0]_i_1_n_0
    SLICE_X3Y51          FDPE                                         r  u_pwm_duty_control/r_DUTY_CYCLE_reg[0]/D
  -------------------------------------------------------------------    -------------------

                         (clock sys_clk_pin rise edge)
                                                      0.000     0.000 r  
    W5                                                0.000     0.000 r  clk (IN)
                         net (fo=0)                   0.000     0.000    clk
    W5                   IBUF (Prop_ibuf_I_O)         0.414     0.414 r  clk_IBUF_inst/O
                         net (fo=1, routed)           0.685     1.099    clk_IBUF
    BUFGCTRL_X0Y0        BUFG (Prop_bufg_I_O)         0.029     1.128 r  clk_IBUF_BUFG_inst/O
                         net (fo=52, routed)          0.864     1.992    u_pwm_duty_control/CLK
    SLICE_X3Y51          FDPE                                         r  u_pwm_duty_control/r_DUTY_CYCLE_reg[0]/C
                         clock pessimism             -0.515     1.477    
    SLICE_X3Y51          FDPE (Hold_fdpe_C_D)         0.091     1.568    u_pwm_duty_control/r_DUTY_CYCLE_reg[0]
  -------------------------------------------------------------------
                         required time                         -1.568    
                         arrival time                           1.842    
  -------------------------------------------------------------------
                         slack                                  0.274    

Slack (MET) :             0.279ns  (arrival time - required time)
  Source:                 u_pwm_duty_control/r_DUTY_CYCLE_reg[0]/C
                            (rising edge-triggered cell FDPE clocked by sys_clk_pin  {rise@0.000ns fall@5.000ns period=10.000ns})
  Destination:            u_pwm_duty_control/r_DUTY_CYCLE_reg[3]/D
                            (rising edge-triggered cell FDCE clocked by sys_clk_pin  {rise@0.000ns fall@5.000ns period=10.000ns})
  Path Group:             sys_clk_pin
  Path Type:              Hold (Min at Fast Process Corner)
  Requirement:            0.000ns  (sys_clk_pin rise@0.000ns - sys_clk_pin rise@0.000ns)
  Data Path Delay:        0.405ns  (logic 0.186ns (45.890%)  route 0.219ns (54.110%))
  Logic Levels:           1  (LUT6=1)
  Clock Path Skew:        0.035ns (DCD - SCD - CPR)
    Destination Clock Delay (DCD):    1.990ns
    Source Clock Delay      (SCD):    1.477ns
    Clock Pessimism Removal (CPR):    0.478ns

    Location             Delay type                Incr(ns)  Path(ns)    Netlist Resource(s)
  -------------------------------------------------------------------    -------------------
                         (clock sys_clk_pin rise edge)
                                                      0.000     0.000 r  
    W5                                                0.000     0.000 r  clk (IN)
                         net (fo=0)                   0.000     0.000    clk
    W5                   IBUF (Prop_ibuf_I_O)         0.226     0.226 r  clk_IBUF_inst/O
                         net (fo=1, routed)           0.631     0.858    clk_IBUF
    BUFGCTRL_X0Y0        BUFG (Prop_bufg_I_O)         0.026     0.884 r  clk_IBUF_BUFG_inst/O
                         net (fo=52, routed)          0.594     1.477    u_pwm_duty_control/CLK
    SLICE_X3Y51          FDPE                                         r  u_pwm_duty_control/r_DUTY_CYCLE_reg[0]/C
  -------------------------------------------------------------------    -------------------
    SLICE_X3Y51          FDPE (Prop_fdpe_C_Q)         0.141     1.618 r  u_pwm_duty_control/r_DUTY_CYCLE_reg[0]/Q
                         net (fo=6, routed)           0.219     1.838    u_pwm_duty_control/r_DUTY_CYCLE_reg_n_0_[0]
    SLICE_X4Y51          LUT6 (Prop_lut6_I2_O)        0.045     1.883 r  u_pwm_duty_control/r_DUTY_CYCLE[3]_i_2/O
                         net (fo=1, routed)           0.000     1.883    u_pwm_duty_control/r_DUTY_CYCLE[3]_i_2_n_0
    SLICE_X4Y51          FDCE                                         r  u_pwm_duty_control/r_DUTY_CYCLE_reg[3]/D
  -------------------------------------------------------------------    -------------------

                         (clock sys_clk_pin rise edge)
                                                      0.000     0.000 r  
    W5                                                0.000     0.000 r  clk (IN)
                         net (fo=0)                   0.000     0.000    clk
    W5                   IBUF (Prop_ibuf_I_O)         0.414     0.414 r  clk_IBUF_inst/O
                         net (fo=1, routed)           0.685     1.099    clk_IBUF
    BUFGCTRL_X0Y0        BUFG (Prop_bufg_I_O)         0.029     1.128 r  clk_IBUF_BUFG_inst/O
                         net (fo=52, routed)          0.863     1.990    u_pwm_duty_control/CLK
    SLICE_X4Y51          FDCE                                         r  u_pwm_duty_control/r_DUTY_CYCLE_reg[3]/C
                         clock pessimism             -0.478     1.512    
    SLICE_X4Y51          FDCE (Hold_fdce_C_D)         0.091     1.603    u_pwm_duty_control/r_DUTY_CYCLE_reg[3]
  -------------------------------------------------------------------
                         required time                         -1.603    
                         arrival time                           1.883    
  -------------------------------------------------------------------
                         slack                                  0.279    

Slack (MET) :             0.290ns  (arrival time - required time)
  Source:                 u_increase_duty_dtn/count_reg[14]/C
                            (rising edge-triggered cell FDCE clocked by sys_clk_pin  {rise@0.000ns fall@5.000ns period=10.000ns})
  Destination:            u_increase_duty_dtn/count_reg[19]/D
                            (rising edge-triggered cell FDCE clocked by sys_clk_pin  {rise@0.000ns fall@5.000ns period=10.000ns})
  Path Group:             sys_clk_pin
  Path Type:              Hold (Min at Fast Process Corner)
  Requirement:            0.000ns  (sys_clk_pin rise@0.000ns - sys_clk_pin rise@0.000ns)
  Data Path Delay:        0.398ns  (logic 0.209ns (52.562%)  route 0.189ns (47.438%))
  Logic Levels:           1  (LUT6=1)
  Clock Path Skew:        0.016ns (DCD - SCD - CPR)
    Destination Clock Delay (DCD):    1.991ns
    Source Clock Delay      (SCD):    1.476ns
    Clock Pessimism Removal (CPR):    0.499ns

    Location             Delay type                Incr(ns)  Path(ns)    Netlist Resource(s)
  -------------------------------------------------------------------    -------------------
                         (clock sys_clk_pin rise edge)
                                                      0.000     0.000 r  
    W5                                                0.000     0.000 r  clk (IN)
                         net (fo=0)                   0.000     0.000    clk
    W5                   IBUF (Prop_ibuf_I_O)         0.226     0.226 r  clk_IBUF_inst/O
                         net (fo=1, routed)           0.631     0.858    clk_IBUF
    BUFGCTRL_X0Y0        BUFG (Prop_bufg_I_O)         0.026     0.884 r  clk_IBUF_BUFG_inst/O
                         net (fo=52, routed)          0.593     1.476    u_increase_duty_dtn/CLK
    SLICE_X2Y53          FDCE                                         r  u_increase_duty_dtn/count_reg[14]/C
  -------------------------------------------------------------------    -------------------
    SLICE_X2Y53          FDCE (Prop_fdce_C_Q)         0.164     1.640 f  u_increase_duty_dtn/count_reg[14]/Q
                         net (fo=22, routed)          0.189     1.829    u_increase_duty_dtn/count[14]
    SLICE_X0Y53          LUT6 (Prop_lut6_I3_O)        0.045     1.874 r  u_increase_duty_dtn/count[19]_i_1/O
                         net (fo=1, routed)           0.000     1.874    u_increase_duty_dtn/p_0_in[19]
    SLICE_X0Y53          FDCE                                         r  u_increase_duty_dtn/count_reg[19]/D
  -------------------------------------------------------------------    -------------------

                         (clock sys_clk_pin rise edge)
                                                      0.000     0.000 r  
    W5                                                0.000     0.000 r  clk (IN)
                         net (fo=0)                   0.000     0.000    clk
    W5                   IBUF (Prop_ibuf_I_O)         0.414     0.414 r  clk_IBUF_inst/O
                         net (fo=1, routed)           0.685     1.099    clk_IBUF
    BUFGCTRL_X0Y0        BUFG (Prop_bufg_I_O)         0.029     1.128 r  clk_IBUF_BUFG_inst/O
                         net (fo=52, routed)          0.863     1.991    u_increase_duty_dtn/CLK
    SLICE_X0Y53          FDCE                                         r  u_increase_duty_dtn/count_reg[19]/C
                         clock pessimism             -0.499     1.492    
    SLICE_X0Y53          FDCE (Hold_fdce_C_D)         0.092     1.584    u_increase_duty_dtn/count_reg[19]
  -------------------------------------------------------------------
                         required time                         -1.584    
                         arrival time                           1.874    
  -------------------------------------------------------------------
                         slack                                  0.290    

Slack (MET) :             0.290ns  (arrival time - required time)
  Source:                 u_pwm_duty_control/r_counter_PWM_reg[3]/C
                            (rising edge-triggered cell FDCE clocked by sys_clk_pin  {rise@0.000ns fall@5.000ns period=10.000ns})
  Destination:            u_pwm_duty_control/r_counter_PWM_reg[3]/D
                            (rising edge-triggered cell FDCE clocked by sys_clk_pin  {rise@0.000ns fall@5.000ns period=10.000ns})
  Path Group:             sys_clk_pin
  Path Type:              Hold (Min at Fast Process Corner)
  Requirement:            0.000ns  (sys_clk_pin rise@0.000ns - sys_clk_pin rise@0.000ns)
  Data Path Delay:        0.421ns  (logic 0.250ns (59.388%)  route 0.171ns (40.612%))
  Logic Levels:           1  (LUT4=1)
  Clock Path Skew:        0.000ns (DCD - SCD - CPR)
    Destination Clock Delay (DCD):    1.992ns
    Source Clock Delay      (SCD):    1.477ns
    Clock Pessimism Removal (CPR):    0.515ns

    Location             Delay type                Incr(ns)  Path(ns)    Netlist Resource(s)
  -------------------------------------------------------------------    -------------------
                         (clock sys_clk_pin rise edge)
                                                      0.000     0.000 r  
    W5                                                0.000     0.000 r  clk (IN)
                         net (fo=0)                   0.000     0.000    clk
    W5                   IBUF (Prop_ibuf_I_O)         0.226     0.226 r  clk_IBUF_inst/O
                         net (fo=1, routed)           0.631     0.858    clk_IBUF
    BUFGCTRL_X0Y0        BUFG (Prop_bufg_I_O)         0.026     0.884 r  clk_IBUF_BUFG_inst/O
                         net (fo=52, routed)          0.594     1.477    u_pwm_duty_control/CLK
    SLICE_X2Y50          FDCE                                         r  u_pwm_duty_control/r_counter_PWM_reg[3]/C
  -------------------------------------------------------------------    -------------------
    SLICE_X2Y50          FDCE (Prop_fdce_C_Q)         0.148     1.625 r  u_pwm_duty_control/r_counter_PWM_reg[3]/Q
                         net (fo=5, routed)           0.171     1.796    u_pwm_duty_control/r_counter_PWM_reg[3]
    SLICE_X2Y50          LUT4 (Prop_lut4_I3_O)        0.102     1.898 r  u_pwm_duty_control/r_counter_PWM[3]_i_1/O
                         net (fo=1, routed)           0.000     1.898    u_pwm_duty_control/r_counter_PWM[3]_i_1_n_0
    SLICE_X2Y50          FDCE                                         r  u_pwm_duty_control/r_counter_PWM_reg[3]/D
  -------------------------------------------------------------------    -------------------

                         (clock sys_clk_pin rise edge)
                                                      0.000     0.000 r  
    W5                                                0.000     0.000 r  clk (IN)
                         net (fo=0)                   0.000     0.000    clk
    W5                   IBUF (Prop_ibuf_I_O)         0.414     0.414 r  clk_IBUF_inst/O
                         net (fo=1, routed)           0.685     1.099    clk_IBUF
    BUFGCTRL_X0Y0        BUFG (Prop_bufg_I_O)         0.029     1.128 r  clk_IBUF_BUFG_inst/O
                         net (fo=52, routed)          0.864     1.992    u_pwm_duty_control/CLK
    SLICE_X2Y50          FDCE                                         r  u_pwm_duty_control/r_counter_PWM_reg[3]/C
                         clock pessimism             -0.515     1.477    
    SLICE_X2Y50          FDCE (Hold_fdce_C_D)         0.131     1.608    u_pwm_duty_control/r_counter_PWM_reg[3]
  -------------------------------------------------------------------
                         required time                         -1.608    
                         arrival time                           1.898    
  -------------------------------------------------------------------
                         slack                                  0.290    

Slack (MET) :             0.296ns  (arrival time - required time)
  Source:                 u_pwm_duty_control/r_counter_PWM_reg[3]/C
                            (rising edge-triggered cell FDCE clocked by sys_clk_pin  {rise@0.000ns fall@5.000ns period=10.000ns})
  Destination:            u_pwm_duty_control/r_counter_PWM_reg[2]/D
                            (rising edge-triggered cell FDCE clocked by sys_clk_pin  {rise@0.000ns fall@5.000ns period=10.000ns})
  Path Group:             sys_clk_pin
  Path Type:              Hold (Min at Fast Process Corner)
  Requirement:            0.000ns  (sys_clk_pin rise@0.000ns - sys_clk_pin rise@0.000ns)
  Data Path Delay:        0.417ns  (logic 0.246ns (58.999%)  route 0.171ns (41.001%))
  Logic Levels:           1  (LUT4=1)
  Clock Path Skew:        0.000ns (DCD - SCD - CPR)
    Destination Clock Delay (DCD):    1.992ns
    Source Clock Delay      (SCD):    1.477ns
    Clock Pessimism Removal (CPR):    0.515ns

    Location             Delay type                Incr(ns)  Path(ns)    Netlist Resource(s)
  -------------------------------------------------------------------    -------------------
                         (clock sys_clk_pin rise edge)
                                                      0.000     0.000 r  
    W5                                                0.000     0.000 r  clk (IN)
                         net (fo=0)                   0.000     0.000    clk
    W5                   IBUF (Prop_ibuf_I_O)         0.226     0.226 r  clk_IBUF_inst/O
                         net (fo=1, routed)           0.631     0.858    clk_IBUF
    BUFGCTRL_X0Y0        BUFG (Prop_bufg_I_O)         0.026     0.884 r  clk_IBUF_BUFG_inst/O
                         net (fo=52, routed)          0.594     1.477    u_pwm_duty_control/CLK
    SLICE_X2Y50          FDCE                                         r  u_pwm_duty_control/r_counter_PWM_reg[3]/C
  -------------------------------------------------------------------    -------------------
    SLICE_X2Y50          FDCE (Prop_fdce_C_Q)         0.148     1.625 f  u_pwm_duty_control/r_counter_PWM_reg[3]/Q
                         net (fo=5, routed)           0.171     1.796    u_pwm_duty_control/r_counter_PWM_reg[3]
    SLICE_X2Y50          LUT4 (Prop_lut4_I3_O)        0.098     1.894 r  u_pwm_duty_control/r_counter_PWM[2]_i_1/O
                         net (fo=1, routed)           0.000     1.894    u_pwm_duty_control/r_counter_PWM[2]_i_1_n_0
    SLICE_X2Y50          FDCE                                         r  u_pwm_duty_control/r_counter_PWM_reg[2]/D
  -------------------------------------------------------------------    -------------------

                         (clock sys_clk_pin rise edge)
                                                      0.000     0.000 r  
    W5                                                0.000     0.000 r  clk (IN)
                         net (fo=0)                   0.000     0.000    clk
    W5                   IBUF (Prop_ibuf_I_O)         0.414     0.414 r  clk_IBUF_inst/O
                         net (fo=1, routed)           0.685     1.099    clk_IBUF
    BUFGCTRL_X0Y0        BUFG (Prop_bufg_I_O)         0.029     1.128 r  clk_IBUF_BUFG_inst/O
                         net (fo=52, routed)          0.864     1.992    u_pwm_duty_control/CLK
    SLICE_X2Y50          FDCE                                         r  u_pwm_duty_control/r_counter_PWM_reg[2]/C
                         clock pessimism             -0.515     1.477    
    SLICE_X2Y50          FDCE (Hold_fdce_C_D)         0.121     1.598    u_pwm_duty_control/r_counter_PWM_reg[2]
  -------------------------------------------------------------------
                         required time                         -1.598    
                         arrival time                           1.894    
  -------------------------------------------------------------------
                         slack                                  0.296    





Pulse Width Checks
--------------------------------------------------------------------------------------
Clock Name:         sys_clk_pin
Waveform(ns):       { 0.000 5.000 }
Period(ns):         10.000
Sources:            { clk }

Check Type        Corner  Lib Pin  Reference Pin  Required(ns)  Actual(ns)  Slack(ns)  Location       Pin
Min Period        n/a     BUFG/I   n/a            2.155         10.000      7.845      BUFGCTRL_X0Y0  clk_IBUF_BUFG_inst/I
Min Period        n/a     FDCE/C   n/a            1.000         10.000      9.000      SLICE_X6Y49    u_decrease_duty_dtn/btn_state_reg/C
Min Period        n/a     FDCE/C   n/a            1.000         10.000      9.000      SLICE_X7Y49    u_decrease_duty_dtn/count_reg[0]/C
Min Period        n/a     FDCE/C   n/a            1.000         10.000      9.000      SLICE_X7Y52    u_decrease_duty_dtn/count_reg[10]/C
Min Period        n/a     FDCE/C   n/a            1.000         10.000      9.000      SLICE_X7Y52    u_decrease_duty_dtn/count_reg[11]/C
Min Period        n/a     FDCE/C   n/a            1.000         10.000      9.000      SLICE_X5Y52    u_decrease_duty_dtn/count_reg[12]/C
Min Period        n/a     FDCE/C   n/a            1.000         10.000      9.000      SLICE_X7Y52    u_decrease_duty_dtn/count_reg[13]/C
Min Period        n/a     FDCE/C   n/a            1.000         10.000      9.000      SLICE_X5Y53    u_decrease_duty_dtn/count_reg[14]/C
Min Period        n/a     FDCE/C   n/a            1.000         10.000      9.000      SLICE_X5Y53    u_decrease_duty_dtn/count_reg[15]/C
Min Period        n/a     FDCE/C   n/a            1.000         10.000      9.000      SLICE_X7Y53    u_decrease_duty_dtn/count_reg[16]/C
Low Pulse Width   Slow    FDCE/C   n/a            0.500         5.000       4.500      SLICE_X6Y49    u_decrease_duty_dtn/btn_state_reg/C
Low Pulse Width   Fast    FDCE/C   n/a            0.500         5.000       4.500      SLICE_X6Y49    u_decrease_duty_dtn/btn_state_reg/C
Low Pulse Width   Slow    FDCE/C   n/a            0.500         5.000       4.500      SLICE_X7Y49    u_decrease_duty_dtn/count_reg[0]/C
Low Pulse Width   Fast    FDCE/C   n/a            0.500         5.000       4.500      SLICE_X7Y49    u_decrease_duty_dtn/count_reg[0]/C
Low Pulse Width   Slow    FDCE/C   n/a            0.500         5.000       4.500      SLICE_X7Y52    u_decrease_duty_dtn/count_reg[10]/C
Low Pulse Width   Fast    FDCE/C   n/a            0.500         5.000       4.500      SLICE_X7Y52    u_decrease_duty_dtn/count_reg[10]/C
Low Pulse Width   Slow    FDCE/C   n/a            0.500         5.000       4.500      SLICE_X7Y52    u_decrease_duty_dtn/count_reg[11]/C
Low Pulse Width   Fast    FDCE/C   n/a            0.500         5.000       4.500      SLICE_X7Y52    u_decrease_duty_dtn/count_reg[11]/C
Low Pulse Width   Slow    FDCE/C   n/a            0.500         5.000       4.500      SLICE_X5Y52    u_decrease_duty_dtn/count_reg[12]/C
Low Pulse Width   Fast    FDCE/C   n/a            0.500         5.000       4.500      SLICE_X5Y52    u_decrease_duty_dtn/count_reg[12]/C
High Pulse Width  Slow    FDCE/C   n/a            0.500         5.000       4.500      SLICE_X6Y49    u_decrease_duty_dtn/btn_state_reg/C
High Pulse Width  Fast    FDCE/C   n/a            0.500         5.000       4.500      SLICE_X6Y49    u_decrease_duty_dtn/btn_state_reg/C
High Pulse Width  Slow    FDCE/C   n/a            0.500         5.000       4.500      SLICE_X7Y49    u_decrease_duty_dtn/count_reg[0]/C
High Pulse Width  Fast    FDCE/C   n/a            0.500         5.000       4.500      SLICE_X7Y49    u_decrease_duty_dtn/count_reg[0]/C
High Pulse Width  Slow    FDCE/C   n/a            0.500         5.000       4.500      SLICE_X7Y52    u_decrease_duty_dtn/count_reg[10]/C
High Pulse Width  Fast    FDCE/C   n/a            0.500         5.000       4.500      SLICE_X7Y52    u_decrease_duty_dtn/count_reg[10]/C
High Pulse Width  Slow    FDCE/C   n/a            0.500         5.000       4.500      SLICE_X7Y52    u_decrease_duty_dtn/count_reg[11]/C
High Pulse Width  Fast    FDCE/C   n/a            0.500         5.000       4.500      SLICE_X7Y52    u_decrease_duty_dtn/count_reg[11]/C
High Pulse Width  Slow    FDCE/C   n/a            0.500         5.000       4.500      SLICE_X5Y52    u_decrease_duty_dtn/count_reg[12]/C
High Pulse Width  Fast    FDCE/C   n/a            0.500         5.000       4.500      SLICE_X5Y52    u_decrease_duty_dtn/count_reg[12]/C



