Copyright 1986-2021 Xilinx, Inc. All Rights Reserved.
--------------------------------------------------------------------------------------------------------------------------------------------------------------------------------
| Tool Version : Vivado v.2021.1 (win64) Build 3247384 Thu Jun 10 19:36:33 MDT 2021
| Date         : Thu Mar  5 16:41:24 2026
| Host         : DESKTOP-PQ1PAHT running 64-bit major release  (build 9200)
| Command      : report_timing_summary -max_paths 10 -file top_timing_summary_routed.rpt -pb top_timing_summary_routed.pb -rpx top_timing_summary_routed.rpx -warn_on_violation
| Design       : top
| Device       : 7a35t-cpg236
| Speed File   : -1  PRODUCTION 1.23 2018-06-13
--------------------------------------------------------------------------------------------------------------------------------------------------------------------------------

Timing Summary Report

------------------------------------------------------------------------------------------------
| Timer Settings
| --------------
------------------------------------------------------------------------------------------------

  Enable Multi Corner Analysis               :  Yes
  Enable Pessimism Removal                   :  Yes
  Pessimism Removal Resolution               :  Nearest Common Node
  Enable Input Delay Default Clock           :  No
  Enable Preset / Clear Arcs                 :  No
  Disable Flight Delays                      :  No
  Ignore I/O Paths                           :  No
  Timing Early Launch at Borrowing Latches   :  No
  Borrow Time for Max Delay Exceptions       :  Yes
  Merge Timing Exceptions                    :  Yes

  Corner  Analyze    Analyze    
  Name    Max Paths  Min Paths  
  ------  ---------  ---------  
  Slow    Yes        Yes        
  Fast    Yes        Yes        


------------------------------------------------------------------------------------------------
| Report Methodology
| ------------------
------------------------------------------------------------------------------------------------

Rule       Severity  Description                    Violations  
---------  --------  -----------------------------  ----------  
TIMING-18  Warning   Missing input or output delay  31          

Note: This report is based on the most recent report_methodology run and may not be up-to-date. Run report_methodology on the current design for the latest report.



check_timing report

Table of Contents
-----------------
1. checking no_clock (0)
2. checking constant_clock (0)
3. checking pulse_width_clock (0)
4. checking unconstrained_internal_endpoints (0)
5. checking no_input_delay (11)
6. checking no_output_delay (4)
7. checking multiple_clock (0)
8. checking generated_clocks (0)
9. checking loops (0)
10. checking partial_input_delay (0)
11. checking partial_output_delay (0)
12. checking latch_loops (0)

1. checking no_clock (0)
------------------------
 There are 0 register/latch pins with no clock.


2. checking constant_clock (0)
------------------------------
 There are 0 register/latch pins with constant_clock.


3. checking pulse_width_clock (0)
---------------------------------
 There are 0 register/latch pins which need pulse_width check


4. checking unconstrained_internal_endpoints (0)
------------------------------------------------
 There are 0 pins that are not constrained for maximum delay.

 There are 0 pins that are not constrained for maximum delay due to constant clock.


5. checking no_input_delay (11)
-------------------------------
 There are 11 input ports with no input delay specified. (HIGH)

 There are 0 input ports with no input delay but user has a false path constraint.


6. checking no_output_delay (4)
-------------------------------
 There are 4 ports with no output delay specified. (HIGH)

 There are 0 ports with no output delay but user has a false path constraint

 There are 0 ports with no output delay but with a timing clock defined on it or propagating through it


7. checking multiple_clock (0)
------------------------------
 There are 0 register/latch pins with multiple clocks.


8. checking generated_clocks (0)
--------------------------------
 There are 0 generated clocks that are not connected to a clock source.


9. checking loops (0)
---------------------
 There are 0 combinational loops in the design.


10. checking partial_input_delay (0)
------------------------------------
 There are 0 input ports with partial input delay specified.


11. checking partial_output_delay (0)
-------------------------------------
 There are 0 ports with partial output delay specified.


12. checking latch_loops (0)
----------------------------
 There are 0 combinational latch loops in the design through latch input



------------------------------------------------------------------------------------------------
| Design Timing Summary
| ---------------------
------------------------------------------------------------------------------------------------

    WNS(ns)      TNS(ns)  TNS Failing Endpoints  TNS Total Endpoints      WHS(ns)      THS(ns)  THS Failing Endpoints  THS Total Endpoints     WPWS(ns)     TPWS(ns)  TPWS Failing Endpoints  TPWS Total Endpoints  
    -------      -------  ---------------------  -------------------      -------      -------  ---------------------  -------------------     --------     --------  ----------------------  --------------------  
      5.274        0.000                      0                  179        0.170        0.000                      0                  179        4.500        0.000                       0                   138  


All user specified timing constraints are met.


------------------------------------------------------------------------------------------------
| Clock Summary
| -------------
------------------------------------------------------------------------------------------------

Clock        Waveform(ns)       Period(ns)      Frequency(MHz)
-----        ------------       ----------      --------------
sys_clk_pin  {0.000 5.000}      10.000          100.000         


------------------------------------------------------------------------------------------------
| Intra Clock Table
| -----------------
------------------------------------------------------------------------------------------------

Clock             WNS(ns)      TNS(ns)  TNS Failing Endpoints  TNS Total Endpoints      WHS(ns)      THS(ns)  THS Failing Endpoints  THS Total Endpoints     WPWS(ns)     TPWS(ns)  TPWS Failing Endpoints  TPWS Total Endpoints  
-----             -------      -------  ---------------------  -------------------      -------      -------  ---------------------  -------------------     --------     --------  ----------------------  --------------------  
sys_clk_pin         5.274        0.000                      0                  179        0.170        0.000                      0                  179        4.500        0.000                       0                   138  


------------------------------------------------------------------------------------------------
| Inter Clock Table
| -----------------
------------------------------------------------------------------------------------------------

From Clock    To Clock          WNS(ns)      TNS(ns)  TNS Failing Endpoints  TNS Total Endpoints      WHS(ns)      THS(ns)  THS Failing Endpoints  THS Total Endpoints  
----------    --------          -------      -------  ---------------------  -------------------      -------      -------  ---------------------  -------------------  


------------------------------------------------------------------------------------------------
| Other Path Groups Table
| -----------------------
------------------------------------------------------------------------------------------------

Path Group    From Clock    To Clock          WNS(ns)      TNS(ns)  TNS Failing Endpoints  TNS Total Endpoints      WHS(ns)      THS(ns)  THS Failing Endpoints  THS Total Endpoints  
----------    ----------    --------          -------      -------  ---------------------  -------------------      -------      -------  ---------------------  -------------------  


------------------------------------------------------------------------------------------------
| Timing Details
| --------------
------------------------------------------------------------------------------------------------


---------------------------------------------------------------------------------------------------
From Clock:  sys_clk_pin
  To Clock:  sys_clk_pin

Setup :            0  Failing Endpoints,  Worst Slack        5.274ns,  Total Violation        0.000ns
Hold  :            0  Failing Endpoints,  Worst Slack        0.170ns,  Total Violation        0.000ns
PW    :            0  Failing Endpoints,  Worst Slack        4.500ns,  Total Violation        0.000ns
---------------------------------------------------------------------------------------------------


Max Delay Paths
--------------------------------------------------------------------------------------
Slack (MET) :             5.274ns  (required time - arrival time)
  Source:                 u_uart_controller/u_tick_generator/r_tick_counter_reg[1]/C
                            (rising edge-triggered cell FDCE clocked by sys_clk_pin  {rise@0.000ns fall@5.000ns period=10.000ns})
  Destination:            u_uart_controller/u_tick_generator/r_tick_counter_reg[5]/D
                            (rising edge-triggered cell FDCE clocked by sys_clk_pin  {rise@0.000ns fall@5.000ns period=10.000ns})
  Path Group:             sys_clk_pin
  Path Type:              Setup (Max at Slow Process Corner)
  Requirement:            10.000ns  (sys_clk_pin rise@10.000ns - sys_clk_pin rise@0.000ns)
  Data Path Delay:        4.696ns  (logic 0.828ns (17.633%)  route 3.868ns (82.367%))
  Logic Levels:           3  (LUT4=2 LUT5=1)
  Clock Path Skew:        -0.024ns (DCD - SCD + CPR)
    Destination Clock Delay (DCD):    4.854ns = ( 14.854 - 10.000 ) 
    Source Clock Delay      (SCD):    5.151ns
    Clock Pessimism Removal (CPR):    0.273ns
  Clock Uncertainty:      0.035ns  ((TSJ^2 + TIJ^2)^1/2 + DJ) / 2 + PE
    Total System Jitter     (TSJ):    0.071ns
    Total Input Jitter      (TIJ):    0.000ns
    Discrete Jitter          (DJ):    0.000ns
    Phase Error              (PE):    0.000ns

    Location             Delay type                Incr(ns)  Path(ns)    Netlist Resource(s)
  -------------------------------------------------------------------    -------------------
                         (clock sys_clk_pin rise edge)
                                                      0.000     0.000 r  
    W5                                                0.000     0.000 r  clk (IN)
                         net (fo=0)                   0.000     0.000    clk
    W5                   IBUF (Prop_ibuf_I_O)         1.458     1.458 r  clk_IBUF_inst/O
                         net (fo=1, routed)           1.967     3.425    clk_IBUF
    BUFGCTRL_X0Y0        BUFG (Prop_bufg_I_O)         0.096     3.521 r  clk_IBUF_BUFG_inst/O
                         net (fo=137, routed)         1.630     5.151    u_uart_controller/u_tick_generator/clk_IBUF_BUFG
    SLICE_X7Y36          FDCE                                         r  u_uart_controller/u_tick_generator/r_tick_counter_reg[1]/C
  -------------------------------------------------------------------    -------------------
    SLICE_X7Y36          FDCE (Prop_fdce_C_Q)         0.456     5.607 f  u_uart_controller/u_tick_generator/r_tick_counter_reg[1]/Q
                         net (fo=2, routed)           0.856     6.464    u_uart_controller/u_tick_generator/r_tick_counter[1]
    SLICE_X7Y36          LUT4 (Prop_lut4_I1_O)        0.124     6.588 r  u_uart_controller/u_tick_generator/r_tick_counter[26]_i_6/O
                         net (fo=1, routed)           0.940     7.528    u_uart_controller/u_tick_generator/r_tick_counter[26]_i_6_n_0
    SLICE_X7Y39          LUT5 (Prop_lut5_I4_O)        0.124     7.652 r  u_uart_controller/u_tick_generator/r_tick_counter[26]_i_2/O
                         net (fo=27, routed)          2.071     9.723    u_uart_controller/u_tick_generator/r_tick_counter[26]_i_2_n_0
    SLICE_X7Y37          LUT4 (Prop_lut4_I0_O)        0.124     9.847 r  u_uart_controller/u_tick_generator/r_tick_counter[5]_i_1/O
                         net (fo=1, routed)           0.000     9.847    u_uart_controller/u_tick_generator/r_tick_counter_0[5]
    SLICE_X7Y37          FDCE                                         r  u_uart_controller/u_tick_generator/r_tick_counter_reg[5]/D
  -------------------------------------------------------------------    -------------------

                         (clock sys_clk_pin rise edge)
                                                     10.000    10.000 r  
    W5                                                0.000    10.000 r  clk (IN)
                         net (fo=0)                   0.000    10.000    clk
    W5                   IBUF (Prop_ibuf_I_O)         1.388    11.388 r  clk_IBUF_inst/O
                         net (fo=1, routed)           1.862    13.250    clk_IBUF
    BUFGCTRL_X0Y0        BUFG (Prop_bufg_I_O)         0.091    13.341 r  clk_IBUF_BUFG_inst/O
                         net (fo=137, routed)         1.513    14.854    u_uart_controller/u_tick_generator/clk_IBUF_BUFG
    SLICE_X7Y37          FDCE                                         r  u_uart_controller/u_tick_generator/r_tick_counter_reg[5]/C
                         clock pessimism              0.273    15.127    
                         clock uncertainty           -0.035    15.092    
    SLICE_X7Y37          FDCE (Setup_fdce_C_D)        0.029    15.121    u_uart_controller/u_tick_generator/r_tick_counter_reg[5]
  -------------------------------------------------------------------
                         required time                         15.121    
                         arrival time                          -9.847    
  -------------------------------------------------------------------
                         slack                                  5.274    

Slack (MET) :             5.276ns  (required time - arrival time)
  Source:                 u_uart_controller/u_tick_generator/r_tick_counter_reg[1]/C
                            (rising edge-triggered cell FDCE clocked by sys_clk_pin  {rise@0.000ns fall@5.000ns period=10.000ns})
  Destination:            u_uart_controller/u_tick_generator/r_tick_counter_reg[17]/D
                            (rising edge-triggered cell FDCE clocked by sys_clk_pin  {rise@0.000ns fall@5.000ns period=10.000ns})
  Path Group:             sys_clk_pin
  Path Type:              Setup (Max at Slow Process Corner)
  Requirement:            10.000ns  (sys_clk_pin rise@10.000ns - sys_clk_pin rise@0.000ns)
  Data Path Delay:        4.696ns  (logic 0.828ns (17.632%)  route 3.868ns (82.368%))
  Logic Levels:           3  (LUT4=2 LUT5=1)
  Clock Path Skew:        -0.022ns (DCD - SCD + CPR)
    Destination Clock Delay (DCD):    4.856ns = ( 14.856 - 10.000 ) 
    Source Clock Delay      (SCD):    5.151ns
    Clock Pessimism Removal (CPR):    0.273ns
  Clock Uncertainty:      0.035ns  ((TSJ^2 + TIJ^2)^1/2 + DJ) / 2 + PE
    Total System Jitter     (TSJ):    0.071ns
    Total Input Jitter      (TIJ):    0.000ns
    Discrete Jitter          (DJ):    0.000ns
    Phase Error              (PE):    0.000ns

    Location             Delay type                Incr(ns)  Path(ns)    Netlist Resource(s)
  -------------------------------------------------------------------    -------------------
                         (clock sys_clk_pin rise edge)
                                                      0.000     0.000 r  
    W5                                                0.000     0.000 r  clk (IN)
                         net (fo=0)                   0.000     0.000    clk
    W5                   IBUF (Prop_ibuf_I_O)         1.458     1.458 r  clk_IBUF_inst/O
                         net (fo=1, routed)           1.967     3.425    clk_IBUF
    BUFGCTRL_X0Y0        BUFG (Prop_bufg_I_O)         0.096     3.521 r  clk_IBUF_BUFG_inst/O
                         net (fo=137, routed)         1.630     5.151    u_uart_controller/u_tick_generator/clk_IBUF_BUFG
    SLICE_X7Y36          FDCE                                         r  u_uart_controller/u_tick_generator/r_tick_counter_reg[1]/C
  -------------------------------------------------------------------    -------------------
    SLICE_X7Y36          FDCE (Prop_fdce_C_Q)         0.456     5.607 f  u_uart_controller/u_tick_generator/r_tick_counter_reg[1]/Q
                         net (fo=2, routed)           0.856     6.464    u_uart_controller/u_tick_generator/r_tick_counter[1]
    SLICE_X7Y36          LUT4 (Prop_lut4_I1_O)        0.124     6.588 r  u_uart_controller/u_tick_generator/r_tick_counter[26]_i_6/O
                         net (fo=1, routed)           0.940     7.528    u_uart_controller/u_tick_generator/r_tick_counter[26]_i_6_n_0
    SLICE_X7Y39          LUT5 (Prop_lut5_I4_O)        0.124     7.652 r  u_uart_controller/u_tick_generator/r_tick_counter[26]_i_2/O
                         net (fo=27, routed)          2.071     9.723    u_uart_controller/u_tick_generator/r_tick_counter[26]_i_2_n_0
    SLICE_X7Y40          LUT4 (Prop_lut4_I0_O)        0.124     9.847 r  u_uart_controller/u_tick_generator/r_tick_counter[17]_i_1/O
                         net (fo=1, routed)           0.000     9.847    u_uart_controller/u_tick_generator/r_tick_counter_0[17]
    SLICE_X7Y40          FDCE                                         r  u_uart_controller/u_tick_generator/r_tick_counter_reg[17]/D
  -------------------------------------------------------------------    -------------------

                         (clock sys_clk_pin rise edge)
                                                     10.000    10.000 r  
    W5                                                0.000    10.000 r  clk (IN)
                         net (fo=0)                   0.000    10.000    clk
    W5                   IBUF (Prop_ibuf_I_O)         1.388    11.388 r  clk_IBUF_inst/O
                         net (fo=1, routed)           1.862    13.250    clk_IBUF
    BUFGCTRL_X0Y0        BUFG (Prop_bufg_I_O)         0.091    13.341 r  clk_IBUF_BUFG_inst/O
                         net (fo=137, routed)         1.515    14.856    u_uart_controller/u_tick_generator/clk_IBUF_BUFG
    SLICE_X7Y40          FDCE                                         r  u_uart_controller/u_tick_generator/r_tick_counter_reg[17]/C
                         clock pessimism              0.273    15.129    
                         clock uncertainty           -0.035    15.094    
    SLICE_X7Y40          FDCE (Setup_fdce_C_D)        0.029    15.123    u_uart_controller/u_tick_generator/r_tick_counter_reg[17]
  -------------------------------------------------------------------
                         required time                         15.123    
                         arrival time                          -9.847    
  -------------------------------------------------------------------
                         slack                                  5.276    

Slack (MET) :             5.292ns  (required time - arrival time)
  Source:                 u_uart_controller/u_tick_generator/r_tick_counter_reg[1]/C
                            (rising edge-triggered cell FDCE clocked by sys_clk_pin  {rise@0.000ns fall@5.000ns period=10.000ns})
  Destination:            u_uart_controller/u_tick_generator/r_tick_counter_reg[7]/D
                            (rising edge-triggered cell FDCE clocked by sys_clk_pin  {rise@0.000ns fall@5.000ns period=10.000ns})
  Path Group:             sys_clk_pin
  Path Type:              Setup (Max at Slow Process Corner)
  Requirement:            10.000ns  (sys_clk_pin rise@10.000ns - sys_clk_pin rise@0.000ns)
  Data Path Delay:        4.724ns  (logic 0.856ns (18.121%)  route 3.868ns (81.879%))
  Logic Levels:           3  (LUT4=2 LUT5=1)
  Clock Path Skew:        -0.024ns (DCD - SCD + CPR)
    Destination Clock Delay (DCD):    4.854ns = ( 14.854 - 10.000 ) 
    Source Clock Delay      (SCD):    5.151ns
    Clock Pessimism Removal (CPR):    0.273ns
  Clock Uncertainty:      0.035ns  ((TSJ^2 + TIJ^2)^1/2 + DJ) / 2 + PE
    Total System Jitter     (TSJ):    0.071ns
    Total Input Jitter      (TIJ):    0.000ns
    Discrete Jitter          (DJ):    0.000ns
    Phase Error              (PE):    0.000ns

    Location             Delay type                Incr(ns)  Path(ns)    Netlist Resource(s)
  -------------------------------------------------------------------    -------------------
                         (clock sys_clk_pin rise edge)
                                                      0.000     0.000 r  
    W5                                                0.000     0.000 r  clk (IN)
                         net (fo=0)                   0.000     0.000    clk
    W5                   IBUF (Prop_ibuf_I_O)         1.458     1.458 r  clk_IBUF_inst/O
                         net (fo=1, routed)           1.967     3.425    clk_IBUF
    BUFGCTRL_X0Y0        BUFG (Prop_bufg_I_O)         0.096     3.521 r  clk_IBUF_BUFG_inst/O
                         net (fo=137, routed)         1.630     5.151    u_uart_controller/u_tick_generator/clk_IBUF_BUFG
    SLICE_X7Y36          FDCE                                         r  u_uart_controller/u_tick_generator/r_tick_counter_reg[1]/C
  -------------------------------------------------------------------    -------------------
    SLICE_X7Y36          FDCE (Prop_fdce_C_Q)         0.456     5.607 f  u_uart_controller/u_tick_generator/r_tick_counter_reg[1]/Q
                         net (fo=2, routed)           0.856     6.464    u_uart_controller/u_tick_generator/r_tick_counter[1]
    SLICE_X7Y36          LUT4 (Prop_lut4_I1_O)        0.124     6.588 r  u_uart_controller/u_tick_generator/r_tick_counter[26]_i_6/O
                         net (fo=1, routed)           0.940     7.528    u_uart_controller/u_tick_generator/r_tick_counter[26]_i_6_n_0
    SLICE_X7Y39          LUT5 (Prop_lut5_I4_O)        0.124     7.652 r  u_uart_controller/u_tick_generator/r_tick_counter[26]_i_2/O
                         net (fo=27, routed)          2.071     9.723    u_uart_controller/u_tick_generator/r_tick_counter[26]_i_2_n_0
    SLICE_X7Y37          LUT4 (Prop_lut4_I0_O)        0.152     9.875 r  u_uart_controller/u_tick_generator/r_tick_counter[7]_i_1/O
                         net (fo=1, routed)           0.000     9.875    u_uart_controller/u_tick_generator/r_tick_counter_0[7]
    SLICE_X7Y37          FDCE                                         r  u_uart_controller/u_tick_generator/r_tick_counter_reg[7]/D
  -------------------------------------------------------------------    -------------------

                         (clock sys_clk_pin rise edge)
                                                     10.000    10.000 r  
    W5                                                0.000    10.000 r  clk (IN)
                         net (fo=0)                   0.000    10.000    clk
    W5                   IBUF (Prop_ibuf_I_O)         1.388    11.388 r  clk_IBUF_inst/O
                         net (fo=1, routed)           1.862    13.250    clk_IBUF
    BUFGCTRL_X0Y0        BUFG (Prop_bufg_I_O)         0.091    13.341 r  clk_IBUF_BUFG_inst/O
                         net (fo=137, routed)         1.513    14.854    u_uart_controller/u_tick_generator/clk_IBUF_BUFG
    SLICE_X7Y37          FDCE                                         r  u_uart_controller/u_tick_generator/r_tick_counter_reg[7]/C
                         clock pessimism              0.273    15.127    
                         clock uncertainty           -0.035    15.092    
    SLICE_X7Y37          FDCE (Setup_fdce_C_D)        0.075    15.167    u_uart_controller/u_tick_generator/r_tick_counter_reg[7]
  -------------------------------------------------------------------
                         required time                         15.167    
                         arrival time                          -9.875    
  -------------------------------------------------------------------
                         slack                                  5.292    

Slack (MET) :             5.294ns  (required time - arrival time)
  Source:                 u_uart_controller/u_tick_generator/r_tick_counter_reg[1]/C
                            (rising edge-triggered cell FDCE clocked by sys_clk_pin  {rise@0.000ns fall@5.000ns period=10.000ns})
  Destination:            u_uart_controller/u_tick_generator/r_tick_counter_reg[19]/D
                            (rising edge-triggered cell FDCE clocked by sys_clk_pin  {rise@0.000ns fall@5.000ns period=10.000ns})
  Path Group:             sys_clk_pin
  Path Type:              Setup (Max at Slow Process Corner)
  Requirement:            10.000ns  (sys_clk_pin rise@10.000ns - sys_clk_pin rise@0.000ns)
  Data Path Delay:        4.724ns  (logic 0.856ns (18.120%)  route 3.868ns (81.880%))
  Logic Levels:           3  (LUT4=2 LUT5=1)
  Clock Path Skew:        -0.022ns (DCD - SCD + CPR)
    Destination Clock Delay (DCD):    4.856ns = ( 14.856 - 10.000 ) 
    Source Clock Delay      (SCD):    5.151ns
    Clock Pessimism Removal (CPR):    0.273ns
  Clock Uncertainty:      0.035ns  ((TSJ^2 + TIJ^2)^1/2 + DJ) / 2 + PE
    Total System Jitter     (TSJ):    0.071ns
    Total Input Jitter      (TIJ):    0.000ns
    Discrete Jitter          (DJ):    0.000ns
    Phase Error              (PE):    0.000ns

    Location             Delay type                Incr(ns)  Path(ns)    Netlist Resource(s)
  -------------------------------------------------------------------    -------------------
                         (clock sys_clk_pin rise edge)
                                                      0.000     0.000 r  
    W5                                                0.000     0.000 r  clk (IN)
                         net (fo=0)                   0.000     0.000    clk
    W5                   IBUF (Prop_ibuf_I_O)         1.458     1.458 r  clk_IBUF_inst/O
                         net (fo=1, routed)           1.967     3.425    clk_IBUF
    BUFGCTRL_X0Y0        BUFG (Prop_bufg_I_O)         0.096     3.521 r  clk_IBUF_BUFG_inst/O
                         net (fo=137, routed)         1.630     5.151    u_uart_controller/u_tick_generator/clk_IBUF_BUFG
    SLICE_X7Y36          FDCE                                         r  u_uart_controller/u_tick_generator/r_tick_counter_reg[1]/C
  -------------------------------------------------------------------    -------------------
    SLICE_X7Y36          FDCE (Prop_fdce_C_Q)         0.456     5.607 f  u_uart_controller/u_tick_generator/r_tick_counter_reg[1]/Q
                         net (fo=2, routed)           0.856     6.464    u_uart_controller/u_tick_generator/r_tick_counter[1]
    SLICE_X7Y36          LUT4 (Prop_lut4_I1_O)        0.124     6.588 r  u_uart_controller/u_tick_generator/r_tick_counter[26]_i_6/O
                         net (fo=1, routed)           0.940     7.528    u_uart_controller/u_tick_generator/r_tick_counter[26]_i_6_n_0
    SLICE_X7Y39          LUT5 (Prop_lut5_I4_O)        0.124     7.652 r  u_uart_controller/u_tick_generator/r_tick_counter[26]_i_2/O
                         net (fo=27, routed)          2.071     9.723    u_uart_controller/u_tick_generator/r_tick_counter[26]_i_2_n_0
    SLICE_X7Y40          LUT4 (Prop_lut4_I0_O)        0.152     9.875 r  u_uart_controller/u_tick_generator/r_tick_counter[19]_i_1/O
                         net (fo=1, routed)           0.000     9.875    u_uart_controller/u_tick_generator/r_tick_counter_0[19]
    SLICE_X7Y40          FDCE                                         r  u_uart_controller/u_tick_generator/r_tick_counter_reg[19]/D
  -------------------------------------------------------------------    -------------------

                         (clock sys_clk_pin rise edge)
                                                     10.000    10.000 r  
    W5                                                0.000    10.000 r  clk (IN)
                         net (fo=0)                   0.000    10.000    clk
    W5                   IBUF (Prop_ibuf_I_O)         1.388    11.388 r  clk_IBUF_inst/O
                         net (fo=1, routed)           1.862    13.250    clk_IBUF
    BUFGCTRL_X0Y0        BUFG (Prop_bufg_I_O)         0.091    13.341 r  clk_IBUF_BUFG_inst/O
                         net (fo=137, routed)         1.515    14.856    u_uart_controller/u_tick_generator/clk_IBUF_BUFG
    SLICE_X7Y40          FDCE                                         r  u_uart_controller/u_tick_generator/r_tick_counter_reg[19]/C
                         clock pessimism              0.273    15.129    
                         clock uncertainty           -0.035    15.094    
    SLICE_X7Y40          FDCE (Setup_fdce_C_D)        0.075    15.169    u_uart_controller/u_tick_generator/r_tick_counter_reg[19]
  -------------------------------------------------------------------
                         required time                         15.169    
                         arrival time                          -9.875    
  -------------------------------------------------------------------
                         slack                                  5.294    

Slack (MET) :             5.582ns  (required time - arrival time)
  Source:                 u_uart_controller/u_uart_rx/r_baud_tick_cnt_reg[1]/C
                            (rising edge-triggered cell FDCE clocked by sys_clk_pin  {rise@0.000ns fall@5.000ns period=10.000ns})
  Destination:            u_uart_controller/u_uart_rx/r_data_reg_reg[0]/CE
                            (rising edge-triggered cell FDCE clocked by sys_clk_pin  {rise@0.000ns fall@5.000ns period=10.000ns})
  Path Group:             sys_clk_pin
  Path Type:              Setup (Max at Slow Process Corner)
  Requirement:            10.000ns  (sys_clk_pin rise@10.000ns - sys_clk_pin rise@0.000ns)
  Data Path Delay:        3.937ns  (logic 1.188ns (30.175%)  route 2.749ns (69.825%))
  Logic Levels:           3  (LUT3=1 LUT5=2)
  Clock Path Skew:        -0.039ns (DCD - SCD + CPR)
    Destination Clock Delay (DCD):    4.833ns = ( 14.833 - 10.000 ) 
    Source Clock Delay      (SCD):    5.130ns
    Clock Pessimism Removal (CPR):    0.258ns
  Clock Uncertainty:      0.035ns  ((TSJ^2 + TIJ^2)^1/2 + DJ) / 2 + PE
    Total System Jitter     (TSJ):    0.071ns
    Total Input Jitter      (TIJ):    0.000ns
    Discrete Jitter          (DJ):    0.000ns
    Phase Error              (PE):    0.000ns

    Location             Delay type                Incr(ns)  Path(ns)    Netlist Resource(s)
  -------------------------------------------------------------------    -------------------
                         (clock sys_clk_pin rise edge)
                                                      0.000     0.000 r  
    W5                                                0.000     0.000 r  clk (IN)
                         net (fo=0)                   0.000     0.000    clk
    W5                   IBUF (Prop_ibuf_I_O)         1.458     1.458 r  clk_IBUF_inst/O
                         net (fo=1, routed)           1.967     3.425    clk_IBUF
    BUFGCTRL_X0Y0        BUFG (Prop_bufg_I_O)         0.096     3.521 r  clk_IBUF_BUFG_inst/O
                         net (fo=137, routed)         1.609     5.130    u_uart_controller/u_uart_rx/clk_IBUF_BUFG
    SLICE_X62Y77         FDCE                                         r  u_uart_controller/u_uart_rx/r_baud_tick_cnt_reg[1]/C
  -------------------------------------------------------------------    -------------------
    SLICE_X62Y77         FDCE (Prop_fdce_C_Q)         0.419     5.549 r  u_uart_controller/u_uart_rx/r_baud_tick_cnt_reg[1]/Q
                         net (fo=5, routed)           0.860     6.409    u_uart_controller/u_uart_rx/r_baud_tick_cnt_reg_n_0_[1]
    SLICE_X62Y76         LUT5 (Prop_lut5_I2_O)        0.299     6.708 f  u_uart_controller/u_uart_rx/data_out[7]_i_2/O
                         net (fo=4, routed)           0.607     7.315    u_uart_controller/u_uart_rx/data_out[7]_i_2_n_0
    SLICE_X61Y74         LUT5 (Prop_lut5_I0_O)        0.118     7.433 f  u_uart_controller/u_uart_rx/r_data_reg[3]_i_2/O
                         net (fo=4, routed)           0.608     8.041    u_uart_controller/u_uart_rx/r_data_reg[3]_i_2_n_0
    SLICE_X62Y74         LUT3 (Prop_lut3_I2_O)        0.352     8.393 r  u_uart_controller/u_uart_rx/r_data_reg[0]_i_1/O
                         net (fo=1, routed)           0.674     9.067    u_uart_controller/u_uart_rx/r_data_reg[0]
    SLICE_X63Y74         FDCE                                         r  u_uart_controller/u_uart_rx/r_data_reg_reg[0]/CE
  -------------------------------------------------------------------    -------------------

                         (clock sys_clk_pin rise edge)
                                                     10.000    10.000 r  
    W5                                                0.000    10.000 r  clk (IN)
                         net (fo=0)                   0.000    10.000    clk
    W5                   IBUF (Prop_ibuf_I_O)         1.388    11.388 r  clk_IBUF_inst/O
                         net (fo=1, routed)           1.862    13.250    clk_IBUF
    BUFGCTRL_X0Y0        BUFG (Prop_bufg_I_O)         0.091    13.341 r  clk_IBUF_BUFG_inst/O
                         net (fo=137, routed)         1.492    14.833    u_uart_controller/u_uart_rx/clk_IBUF_BUFG
    SLICE_X63Y74         FDCE                                         r  u_uart_controller/u_uart_rx/r_data_reg_reg[0]/C
                         clock pessimism              0.258    15.091    
                         clock uncertainty           -0.035    15.056    
    SLICE_X63Y74         FDCE (Setup_fdce_C_CE)      -0.407    14.649    u_uart_controller/u_uart_rx/r_data_reg_reg[0]
  -------------------------------------------------------------------
                         required time                         14.649    
                         arrival time                          -9.067    
  -------------------------------------------------------------------
                         slack                                  5.582    

Slack (MET) :             5.639ns  (required time - arrival time)
  Source:                 u_uart_controller/u_tick_generator/r_tick_counter_reg[1]/C
                            (rising edge-triggered cell FDCE clocked by sys_clk_pin  {rise@0.000ns fall@5.000ns period=10.000ns})
  Destination:            u_uart_controller/u_tick_generator/r_tick_counter_reg[10]/D
                            (rising edge-triggered cell FDCE clocked by sys_clk_pin  {rise@0.000ns fall@5.000ns period=10.000ns})
  Path Group:             sys_clk_pin
  Path Type:              Setup (Max at Slow Process Corner)
  Requirement:            10.000ns  (sys_clk_pin rise@10.000ns - sys_clk_pin rise@0.000ns)
  Data Path Delay:        4.332ns  (logic 0.828ns (19.114%)  route 3.504ns (80.886%))
  Logic Levels:           3  (LUT4=2 LUT5=1)
  Clock Path Skew:        -0.023ns (DCD - SCD + CPR)
    Destination Clock Delay (DCD):    4.855ns = ( 14.855 - 10.000 ) 
    Source Clock Delay      (SCD):    5.151ns
    Clock Pessimism Removal (CPR):    0.273ns
  Clock Uncertainty:      0.035ns  ((TSJ^2 + TIJ^2)^1/2 + DJ) / 2 + PE
    Total System Jitter     (TSJ):    0.071ns
    Total Input Jitter      (TIJ):    0.000ns
    Discrete Jitter          (DJ):    0.000ns
    Phase Error              (PE):    0.000ns

    Location             Delay type                Incr(ns)  Path(ns)    Netlist Resource(s)
  -------------------------------------------------------------------    -------------------
                         (clock sys_clk_pin rise edge)
                                                      0.000     0.000 r  
    W5                                                0.000     0.000 r  clk (IN)
                         net (fo=0)                   0.000     0.000    clk
    W5                   IBUF (Prop_ibuf_I_O)         1.458     1.458 r  clk_IBUF_inst/O
                         net (fo=1, routed)           1.967     3.425    clk_IBUF
    BUFGCTRL_X0Y0        BUFG (Prop_bufg_I_O)         0.096     3.521 r  clk_IBUF_BUFG_inst/O
                         net (fo=137, routed)         1.630     5.151    u_uart_controller/u_tick_generator/clk_IBUF_BUFG
    SLICE_X7Y36          FDCE                                         r  u_uart_controller/u_tick_generator/r_tick_counter_reg[1]/C
  -------------------------------------------------------------------    -------------------
    SLICE_X7Y36          FDCE (Prop_fdce_C_Q)         0.456     5.607 f  u_uart_controller/u_tick_generator/r_tick_counter_reg[1]/Q
                         net (fo=2, routed)           0.856     6.464    u_uart_controller/u_tick_generator/r_tick_counter[1]
    SLICE_X7Y36          LUT4 (Prop_lut4_I1_O)        0.124     6.588 r  u_uart_controller/u_tick_generator/r_tick_counter[26]_i_6/O
                         net (fo=1, routed)           0.940     7.528    u_uart_controller/u_tick_generator/r_tick_counter[26]_i_6_n_0
    SLICE_X7Y39          LUT5 (Prop_lut5_I4_O)        0.124     7.652 r  u_uart_controller/u_tick_generator/r_tick_counter[26]_i_2/O
                         net (fo=27, routed)          1.707     9.359    u_uart_controller/u_tick_generator/r_tick_counter[26]_i_2_n_0
    SLICE_X7Y38          LUT4 (Prop_lut4_I0_O)        0.124     9.483 r  u_uart_controller/u_tick_generator/r_tick_counter[10]_i_1/O
                         net (fo=1, routed)           0.000     9.483    u_uart_controller/u_tick_generator/r_tick_counter_0[10]
    SLICE_X7Y38          FDCE                                         r  u_uart_controller/u_tick_generator/r_tick_counter_reg[10]/D
  -------------------------------------------------------------------    -------------------

                         (clock sys_clk_pin rise edge)
                                                     10.000    10.000 r  
    W5                                                0.000    10.000 r  clk (IN)
                         net (fo=0)                   0.000    10.000    clk
    W5                   IBUF (Prop_ibuf_I_O)         1.388    11.388 r  clk_IBUF_inst/O
                         net (fo=1, routed)           1.862    13.250    clk_IBUF
    BUFGCTRL_X0Y0        BUFG (Prop_bufg_I_O)         0.091    13.341 r  clk_IBUF_BUFG_inst/O
                         net (fo=137, routed)         1.514    14.855    u_uart_controller/u_tick_generator/clk_IBUF_BUFG
    SLICE_X7Y38          FDCE                                         r  u_uart_controller/u_tick_generator/r_tick_counter_reg[10]/C
                         clock pessimism              0.273    15.128    
                         clock uncertainty           -0.035    15.093    
    SLICE_X7Y38          FDCE (Setup_fdce_C_D)        0.029    15.122    u_uart_controller/u_tick_generator/r_tick_counter_reg[10]
  -------------------------------------------------------------------
                         required time                         15.122    
                         arrival time                          -9.483    
  -------------------------------------------------------------------
                         slack                                  5.639    

Slack (MET) :             5.659ns  (required time - arrival time)
  Source:                 u_uart_controller/u_tick_generator/r_tick_counter_reg[1]/C
                            (rising edge-triggered cell FDCE clocked by sys_clk_pin  {rise@0.000ns fall@5.000ns period=10.000ns})
  Destination:            u_uart_controller/u_tick_generator/r_tick_counter_reg[12]/D
                            (rising edge-triggered cell FDCE clocked by sys_clk_pin  {rise@0.000ns fall@5.000ns period=10.000ns})
  Path Group:             sys_clk_pin
  Path Type:              Setup (Max at Slow Process Corner)
  Requirement:            10.000ns  (sys_clk_pin rise@10.000ns - sys_clk_pin rise@0.000ns)
  Data Path Delay:        4.358ns  (logic 0.854ns (19.597%)  route 3.504ns (80.403%))
  Logic Levels:           3  (LUT4=2 LUT5=1)
  Clock Path Skew:        -0.023ns (DCD - SCD + CPR)
    Destination Clock Delay (DCD):    4.855ns = ( 14.855 - 10.000 ) 
    Source Clock Delay      (SCD):    5.151ns
    Clock Pessimism Removal (CPR):    0.273ns
  Clock Uncertainty:      0.035ns  ((TSJ^2 + TIJ^2)^1/2 + DJ) / 2 + PE
    Total System Jitter     (TSJ):    0.071ns
    Total Input Jitter      (TIJ):    0.000ns
    Discrete Jitter          (DJ):    0.000ns
    Phase Error              (PE):    0.000ns

    Location             Delay type                Incr(ns)  Path(ns)    Netlist Resource(s)
  -------------------------------------------------------------------    -------------------
                         (clock sys_clk_pin rise edge)
                                                      0.000     0.000 r  
    W5                                                0.000     0.000 r  clk (IN)
                         net (fo=0)                   0.000     0.000    clk
    W5                   IBUF (Prop_ibuf_I_O)         1.458     1.458 r  clk_IBUF_inst/O
                         net (fo=1, routed)           1.967     3.425    clk_IBUF
    BUFGCTRL_X0Y0        BUFG (Prop_bufg_I_O)         0.096     3.521 r  clk_IBUF_BUFG_inst/O
                         net (fo=137, routed)         1.630     5.151    u_uart_controller/u_tick_generator/clk_IBUF_BUFG
    SLICE_X7Y36          FDCE                                         r  u_uart_controller/u_tick_generator/r_tick_counter_reg[1]/C
  -------------------------------------------------------------------    -------------------
    SLICE_X7Y36          FDCE (Prop_fdce_C_Q)         0.456     5.607 f  u_uart_controller/u_tick_generator/r_tick_counter_reg[1]/Q
                         net (fo=2, routed)           0.856     6.464    u_uart_controller/u_tick_generator/r_tick_counter[1]
    SLICE_X7Y36          LUT4 (Prop_lut4_I1_O)        0.124     6.588 r  u_uart_controller/u_tick_generator/r_tick_counter[26]_i_6/O
                         net (fo=1, routed)           0.940     7.528    u_uart_controller/u_tick_generator/r_tick_counter[26]_i_6_n_0
    SLICE_X7Y39          LUT5 (Prop_lut5_I4_O)        0.124     7.652 r  u_uart_controller/u_tick_generator/r_tick_counter[26]_i_2/O
                         net (fo=27, routed)          1.707     9.359    u_uart_controller/u_tick_generator/r_tick_counter[26]_i_2_n_0
    SLICE_X7Y38          LUT4 (Prop_lut4_I0_O)        0.150     9.509 r  u_uart_controller/u_tick_generator/r_tick_counter[12]_i_1/O
                         net (fo=1, routed)           0.000     9.509    u_uart_controller/u_tick_generator/r_tick_counter_0[12]
    SLICE_X7Y38          FDCE                                         r  u_uart_controller/u_tick_generator/r_tick_counter_reg[12]/D
  -------------------------------------------------------------------    -------------------

                         (clock sys_clk_pin rise edge)
                                                     10.000    10.000 r  
    W5                                                0.000    10.000 r  clk (IN)
                         net (fo=0)                   0.000    10.000    clk
    W5                   IBUF (Prop_ibuf_I_O)         1.388    11.388 r  clk_IBUF_inst/O
                         net (fo=1, routed)           1.862    13.250    clk_IBUF
    BUFGCTRL_X0Y0        BUFG (Prop_bufg_I_O)         0.091    13.341 r  clk_IBUF_BUFG_inst/O
                         net (fo=137, routed)         1.514    14.855    u_uart_controller/u_tick_generator/clk_IBUF_BUFG
    SLICE_X7Y38          FDCE                                         r  u_uart_controller/u_tick_generator/r_tick_counter_reg[12]/C
                         clock pessimism              0.273    15.128    
                         clock uncertainty           -0.035    15.093    
    SLICE_X7Y38          FDCE (Setup_fdce_C_D)        0.075    15.168    u_uart_controller/u_tick_generator/r_tick_counter_reg[12]
  -------------------------------------------------------------------
                         required time                         15.168    
                         arrival time                          -9.509    
  -------------------------------------------------------------------
                         slack                                  5.659    

Slack (MET) :             5.766ns  (required time - arrival time)
  Source:                 u_uart_controller/u_uart_rx/r_baud_tick_cnt_reg[1]/C
                            (rising edge-triggered cell FDCE clocked by sys_clk_pin  {rise@0.000ns fall@5.000ns period=10.000ns})
  Destination:            u_uart_controller/u_uart_rx/r_data_reg_reg[7]/CE
                            (rising edge-triggered cell FDCE clocked by sys_clk_pin  {rise@0.000ns fall@5.000ns period=10.000ns})
  Path Group:             sys_clk_pin
  Path Type:              Setup (Max at Slow Process Corner)
  Requirement:            10.000ns  (sys_clk_pin rise@10.000ns - sys_clk_pin rise@0.000ns)
  Data Path Delay:        3.805ns  (logic 0.962ns (25.283%)  route 2.843ns (74.717%))
  Logic Levels:           3  (LUT3=1 LUT5=2)
  Clock Path Skew:        -0.022ns (DCD - SCD + CPR)
    Destination Clock Delay (DCD):    4.836ns = ( 14.836 - 10.000 ) 
    Source Clock Delay      (SCD):    5.130ns
    Clock Pessimism Removal (CPR):    0.272ns
  Clock Uncertainty:      0.035ns  ((TSJ^2 + TIJ^2)^1/2 + DJ) / 2 + PE
    Total System Jitter     (TSJ):    0.071ns
    Total Input Jitter      (TIJ):    0.000ns
    Discrete Jitter          (DJ):    0.000ns
    Phase Error              (PE):    0.000ns

    Location             Delay type                Incr(ns)  Path(ns)    Netlist Resource(s)
  -------------------------------------------------------------------    -------------------
                         (clock sys_clk_pin rise edge)
                                                      0.000     0.000 r  
    W5                                                0.000     0.000 r  clk (IN)
                         net (fo=0)                   0.000     0.000    clk
    W5                   IBUF (Prop_ibuf_I_O)         1.458     1.458 r  clk_IBUF_inst/O
                         net (fo=1, routed)           1.967     3.425    clk_IBUF
    BUFGCTRL_X0Y0        BUFG (Prop_bufg_I_O)         0.096     3.521 r  clk_IBUF_BUFG_inst/O
                         net (fo=137, routed)         1.609     5.130    u_uart_controller/u_uart_rx/clk_IBUF_BUFG
    SLICE_X62Y77         FDCE                                         r  u_uart_controller/u_uart_rx/r_baud_tick_cnt_reg[1]/C
  -------------------------------------------------------------------    -------------------
    SLICE_X62Y77         FDCE (Prop_fdce_C_Q)         0.419     5.549 r  u_uart_controller/u_uart_rx/r_baud_tick_cnt_reg[1]/Q
                         net (fo=5, routed)           0.860     6.409    u_uart_controller/u_uart_rx/r_baud_tick_cnt_reg_n_0_[1]
    SLICE_X62Y76         LUT5 (Prop_lut5_I2_O)        0.299     6.708 f  u_uart_controller/u_uart_rx/data_out[7]_i_2/O
                         net (fo=4, routed)           0.607     7.315    u_uart_controller/u_uart_rx/data_out[7]_i_2_n_0
    SLICE_X61Y74         LUT5 (Prop_lut5_I0_O)        0.124     7.439 f  u_uart_controller/u_uart_rx/r_data_reg[7]_i_2/O
                         net (fo=4, routed)           0.518     7.957    u_uart_controller/u_uart_rx/r_data_reg[7]_i_2_n_0
    SLICE_X62Y74         LUT3 (Prop_lut3_I2_O)        0.120     8.077 r  u_uart_controller/u_uart_rx/r_data_reg[7]_i_1__0/O
                         net (fo=1, routed)           0.858     8.935    u_uart_controller/u_uart_rx/r_data_reg[7]
    SLICE_X64Y77         FDCE                                         r  u_uart_controller/u_uart_rx/r_data_reg_reg[7]/CE
  -------------------------------------------------------------------    -------------------

                         (clock sys_clk_pin rise edge)
                                                     10.000    10.000 r  
    W5                                                0.000    10.000 r  clk (IN)
                         net (fo=0)                   0.000    10.000    clk
    W5                   IBUF (Prop_ibuf_I_O)         1.388    11.388 r  clk_IBUF_inst/O
                         net (fo=1, routed)           1.862    13.250    clk_IBUF
    BUFGCTRL_X0Y0        BUFG (Prop_bufg_I_O)         0.091    13.341 r  clk_IBUF_BUFG_inst/O
                         net (fo=137, routed)         1.495    14.836    u_uart_controller/u_uart_rx/clk_IBUF_BUFG
    SLICE_X64Y77         FDCE                                         r  u_uart_controller/u_uart_rx/r_data_reg_reg[7]/C
                         clock pessimism              0.272    15.108    
                         clock uncertainty           -0.035    15.073    
    SLICE_X64Y77         FDCE (Setup_fdce_C_CE)      -0.372    14.701    u_uart_controller/u_uart_rx/r_data_reg_reg[7]
  -------------------------------------------------------------------
                         required time                         14.701    
                         arrival time                          -8.935    
  -------------------------------------------------------------------
                         slack                                  5.766    

Slack (MET) :             5.846ns  (required time - arrival time)
  Source:                 u_uart_controller/u_data_sender/r_send_byte_cnt_reg[1]/C
                            (rising edge-triggered cell FDCE clocked by sys_clk_pin  {rise@0.000ns fall@5.000ns period=10.000ns})
  Destination:            u_uart_controller/u_data_sender/tx_data_reg[4]/D
                            (rising edge-triggered cell FDRE clocked by sys_clk_pin  {rise@0.000ns fall@5.000ns period=10.000ns})
  Path Group:             sys_clk_pin
  Path Type:              Setup (Max at Slow Process Corner)
  Requirement:            10.000ns  (sys_clk_pin rise@10.000ns - sys_clk_pin rise@0.000ns)
  Data Path Delay:        3.838ns  (logic 1.708ns (44.497%)  route 2.130ns (55.503%))
  Logic Levels:           3  (CARRY4=2 LUT2=1)
  Clock Path Skew:        -0.024ns (DCD - SCD + CPR)
    Destination Clock Delay (DCD):    4.857ns = ( 14.857 - 10.000 ) 
    Source Clock Delay      (SCD):    5.155ns
    Clock Pessimism Removal (CPR):    0.274ns
  Clock Uncertainty:      0.035ns  ((TSJ^2 + TIJ^2)^1/2 + DJ) / 2 + PE
    Total System Jitter     (TSJ):    0.071ns
    Total Input Jitter      (TIJ):    0.000ns
    Discrete Jitter          (DJ):    0.000ns
    Phase Error              (PE):    0.000ns

    Location             Delay type                Incr(ns)  Path(ns)    Netlist Resource(s)
  -------------------------------------------------------------------    -------------------
                         (clock sys_clk_pin rise edge)
                                                      0.000     0.000 r  
    W5                                                0.000     0.000 r  clk (IN)
                         net (fo=0)                   0.000     0.000    clk
    W5                   IBUF (Prop_ibuf_I_O)         1.458     1.458 r  clk_IBUF_inst/O
                         net (fo=1, routed)           1.967     3.425    clk_IBUF
    BUFGCTRL_X0Y0        BUFG (Prop_bufg_I_O)         0.096     3.521 r  clk_IBUF_BUFG_inst/O
                         net (fo=137, routed)         1.634     5.155    u_uart_controller/u_data_sender/clk_IBUF_BUFG
    SLICE_X1Y37          FDCE                                         r  u_uart_controller/u_data_sender/r_send_byte_cnt_reg[1]/C
  -------------------------------------------------------------------    -------------------
    SLICE_X1Y37          FDCE (Prop_fdce_C_Q)         0.456     5.611 r  u_uart_controller/u_data_sender/r_send_byte_cnt_reg[1]/Q
                         net (fo=5, routed)           0.712     6.323    u_uart_controller/u_data_sender/r_send_byte_cnt_reg[1]
    SLICE_X1Y37          LUT2 (Prop_lut2_I1_O)        0.153     6.476 r  u_uart_controller/u_data_sender/tx_data[3]_i_4/O
                         net (fo=1, routed)           0.633     7.109    u_uart_controller/u_data_sender/tx_data[3]_i_4_n_0
    SLICE_X0Y37          CARRY4 (Prop_carry4_S[1]_CO[3])
                                                      0.877     7.986 r  u_uart_controller/u_data_sender/tx_data_reg[3]_i_1/CO[3]
                         net (fo=1, routed)           0.000     7.986    u_uart_controller/u_data_sender/tx_data_reg[3]_i_1_n_0
    SLICE_X0Y38          CARRY4 (Prop_carry4_CI_O[0])
                                                      0.222     8.208 r  u_uart_controller/u_data_sender/tx_data_reg[7]_i_2/O[0]
                         net (fo=1, routed)           0.786     8.994    u_uart_controller/u_data_sender/tx_data_reg[7]_i_2_n_7
    SLICE_X1Y38          FDRE                                         r  u_uart_controller/u_data_sender/tx_data_reg[4]/D
  -------------------------------------------------------------------    -------------------

                         (clock sys_clk_pin rise edge)
                                                     10.000    10.000 r  
    W5                                                0.000    10.000 r  clk (IN)
                         net (fo=0)                   0.000    10.000    clk
    W5                   IBUF (Prop_ibuf_I_O)         1.388    11.388 r  clk_IBUF_inst/O
                         net (fo=1, routed)           1.862    13.250    clk_IBUF
    BUFGCTRL_X0Y0        BUFG (Prop_bufg_I_O)         0.091    13.341 r  clk_IBUF_BUFG_inst/O
                         net (fo=137, routed)         1.516    14.857    u_uart_controller/u_data_sender/clk_IBUF_BUFG
    SLICE_X1Y38          FDRE                                         r  u_uart_controller/u_data_sender/tx_data_reg[4]/C
                         clock pessimism              0.274    15.131    
                         clock uncertainty           -0.035    15.096    
    SLICE_X1Y38          FDRE (Setup_fdre_C_D)       -0.256    14.840    u_uart_controller/u_data_sender/tx_data_reg[4]
  -------------------------------------------------------------------
                         required time                         14.840    
                         arrival time                          -8.994    
  -------------------------------------------------------------------
                         slack                                  5.846    

Slack (MET) :             5.871ns  (required time - arrival time)
  Source:                 u_uart_controller/u_data_sender/r_send_byte_cnt_reg[1]/C
                            (rising edge-triggered cell FDCE clocked by sys_clk_pin  {rise@0.000ns fall@5.000ns period=10.000ns})
  Destination:            u_uart_controller/u_data_sender/tx_data_reg[5]/D
                            (rising edge-triggered cell FDRE clocked by sys_clk_pin  {rise@0.000ns fall@5.000ns period=10.000ns})
  Path Group:             sys_clk_pin
  Path Type:              Setup (Max at Slow Process Corner)
  Requirement:            10.000ns  (sys_clk_pin rise@10.000ns - sys_clk_pin rise@0.000ns)
  Data Path Delay:        3.830ns  (logic 1.820ns (47.524%)  route 2.010ns (52.476%))
  Logic Levels:           3  (CARRY4=2 LUT2=1)
  Clock Path Skew:        -0.024ns (DCD - SCD + CPR)
    Destination Clock Delay (DCD):    4.857ns = ( 14.857 - 10.000 ) 
    Source Clock Delay      (SCD):    5.155ns
    Clock Pessimism Removal (CPR):    0.274ns
  Clock Uncertainty:      0.035ns  ((TSJ^2 + TIJ^2)^1/2 + DJ) / 2 + PE
    Total System Jitter     (TSJ):    0.071ns
    Total Input Jitter      (TIJ):    0.000ns
    Discrete Jitter          (DJ):    0.000ns
    Phase Error              (PE):    0.000ns

    Location             Delay type                Incr(ns)  Path(ns)    Netlist Resource(s)
  -------------------------------------------------------------------    -------------------
                         (clock sys_clk_pin rise edge)
                                                      0.000     0.000 r  
    W5                                                0.000     0.000 r  clk (IN)
                         net (fo=0)                   0.000     0.000    clk
    W5                   IBUF (Prop_ibuf_I_O)         1.458     1.458 r  clk_IBUF_inst/O
                         net (fo=1, routed)           1.967     3.425    clk_IBUF
    BUFGCTRL_X0Y0        BUFG (Prop_bufg_I_O)         0.096     3.521 r  clk_IBUF_BUFG_inst/O
                         net (fo=137, routed)         1.634     5.155    u_uart_controller/u_data_sender/clk_IBUF_BUFG
    SLICE_X1Y37          FDCE                                         r  u_uart_controller/u_data_sender/r_send_byte_cnt_reg[1]/C
  -------------------------------------------------------------------    -------------------
    SLICE_X1Y37          FDCE (Prop_fdce_C_Q)         0.456     5.611 r  u_uart_controller/u_data_sender/r_send_byte_cnt_reg[1]/Q
                         net (fo=5, routed)           0.712     6.323    u_uart_controller/u_data_sender/r_send_byte_cnt_reg[1]
    SLICE_X1Y37          LUT2 (Prop_lut2_I1_O)        0.153     6.476 r  u_uart_controller/u_data_sender/tx_data[3]_i_4/O
                         net (fo=1, routed)           0.633     7.109    u_uart_controller/u_data_sender/tx_data[3]_i_4_n_0
    SLICE_X0Y37          CARRY4 (Prop_carry4_S[1]_CO[3])
                                                      0.877     7.986 r  u_uart_controller/u_data_sender/tx_data_reg[3]_i_1/CO[3]
                         net (fo=1, routed)           0.000     7.986    u_uart_controller/u_data_sender/tx_data_reg[3]_i_1_n_0
    SLICE_X0Y38          CARRY4 (Prop_carry4_CI_O[1])
                                                      0.334     8.320 r  u_uart_controller/u_data_sender/tx_data_reg[7]_i_2/O[1]
                         net (fo=1, routed)           0.665     8.985    u_uart_controller/u_data_sender/tx_data_reg[7]_i_2_n_6
    SLICE_X1Y38          FDRE                                         r  u_uart_controller/u_data_sender/tx_data_reg[5]/D
  -------------------------------------------------------------------    -------------------

                         (clock sys_clk_pin rise edge)
                                                     10.000    10.000 r  
    W5                                                0.000    10.000 r  clk (IN)
                         net (fo=0)                   0.000    10.000    clk
    W5                   IBUF (Prop_ibuf_I_O)         1.388    11.388 r  clk_IBUF_inst/O
                         net (fo=1, routed)           1.862    13.250    clk_IBUF
    BUFGCTRL_X0Y0        BUFG (Prop_bufg_I_O)         0.091    13.341 r  clk_IBUF_BUFG_inst/O
                         net (fo=137, routed)         1.516    14.857    u_uart_controller/u_data_sender/clk_IBUF_BUFG
    SLICE_X1Y38          FDRE                                         r  u_uart_controller/u_data_sender/tx_data_reg[5]/C
                         clock pessimism              0.274    15.131    
                         clock uncertainty           -0.035    15.096    
    SLICE_X1Y38          FDRE (Setup_fdre_C_D)       -0.240    14.856    u_uart_controller/u_data_sender/tx_data_reg[5]
  -------------------------------------------------------------------
                         required time                         14.856    
                         arrival time                          -8.985    
  -------------------------------------------------------------------
                         slack                                  5.871    





Min Delay Paths
--------------------------------------------------------------------------------------
Slack (MET) :             0.170ns  (arrival time - required time)
  Source:                 u_uart_controller/u_data_sender/tx_data_reg[3]/C
                            (rising edge-triggered cell FDRE clocked by sys_clk_pin  {rise@0.000ns fall@5.000ns period=10.000ns})
  Destination:            u_uart_controller/u_uart_tx/r_data_reg_reg[3]/D
                            (rising edge-triggered cell FDCE clocked by sys_clk_pin  {rise@0.000ns fall@5.000ns period=10.000ns})
  Path Group:             sys_clk_pin
  Path Type:              Hold (Min at Fast Process Corner)
  Requirement:            0.000ns  (sys_clk_pin rise@0.000ns - sys_clk_pin rise@0.000ns)
  Data Path Delay:        0.257ns  (logic 0.141ns (54.812%)  route 0.116ns (45.188%))
  Logic Levels:           0  
  Clock Path Skew:        0.017ns (DCD - SCD - CPR)
    Destination Clock Delay (DCD):    1.992ns
    Source Clock Delay      (SCD):    1.476ns
    Clock Pessimism Removal (CPR):    0.499ns

    Location             Delay type                Incr(ns)  Path(ns)    Netlist Resource(s)
  -------------------------------------------------------------------    -------------------
                         (clock sys_clk_pin rise edge)
                                                      0.000     0.000 r  
    W5                                                0.000     0.000 r  clk (IN)
                         net (fo=0)                   0.000     0.000    clk
    W5                   IBUF (Prop_ibuf_I_O)         0.226     0.226 r  clk_IBUF_inst/O
                         net (fo=1, routed)           0.631     0.858    clk_IBUF
    BUFGCTRL_X0Y0        BUFG (Prop_bufg_I_O)         0.026     0.884 r  clk_IBUF_BUFG_inst/O
                         net (fo=137, routed)         0.593     1.476    u_uart_controller/u_data_sender/clk_IBUF_BUFG
    SLICE_X1Y38          FDRE                                         r  u_uart_controller/u_data_sender/tx_data_reg[3]/C
  -------------------------------------------------------------------    -------------------
    SLICE_X1Y38          FDRE (Prop_fdre_C_Q)         0.141     1.617 r  u_uart_controller/u_data_sender/tx_data_reg[3]/Q
                         net (fo=1, routed)           0.116     1.733    u_uart_controller/u_uart_tx/D[3]
    SLICE_X1Y40          FDCE                                         r  u_uart_controller/u_uart_tx/r_data_reg_reg[3]/D
  -------------------------------------------------------------------    -------------------

                         (clock sys_clk_pin rise edge)
                                                      0.000     0.000 r  
    W5                                                0.000     0.000 r  clk (IN)
                         net (fo=0)                   0.000     0.000    clk
    W5                   IBUF (Prop_ibuf_I_O)         0.414     0.414 r  clk_IBUF_inst/O
                         net (fo=1, routed)           0.685     1.099    clk_IBUF
    BUFGCTRL_X0Y0        BUFG (Prop_bufg_I_O)         0.029     1.128 r  clk_IBUF_BUFG_inst/O
                         net (fo=137, routed)         0.865     1.992    u_uart_controller/u_uart_tx/clk_IBUF_BUFG
    SLICE_X1Y40          FDCE                                         r  u_uart_controller/u_uart_tx/r_data_reg_reg[3]/C
                         clock pessimism             -0.499     1.493    
    SLICE_X1Y40          FDCE (Hold_fdce_C_D)         0.070     1.563    u_uart_controller/u_uart_tx/r_data_reg_reg[3]
  -------------------------------------------------------------------
                         required time                         -1.563    
                         arrival time                           1.733    
  -------------------------------------------------------------------
                         slack                                  0.170    

Slack (MET) :             0.170ns  (arrival time - required time)
  Source:                 u_uart_controller/u_data_sender/tx_data_reg[5]/C
                            (rising edge-triggered cell FDRE clocked by sys_clk_pin  {rise@0.000ns fall@5.000ns period=10.000ns})
  Destination:            u_uart_controller/u_uart_tx/r_data_reg_reg[5]/D
                            (rising edge-triggered cell FDCE clocked by sys_clk_pin  {rise@0.000ns fall@5.000ns period=10.000ns})
  Path Group:             sys_clk_pin
  Path Type:              Hold (Min at Fast Process Corner)
  Requirement:            0.000ns  (sys_clk_pin rise@0.000ns - sys_clk_pin rise@0.000ns)
  Data Path Delay:        0.257ns  (logic 0.141ns (54.812%)  route 0.116ns (45.188%))
  Logic Levels:           0  
  Clock Path Skew:        0.017ns (DCD - SCD - CPR)
    Destination Clock Delay (DCD):    1.992ns
    Source Clock Delay      (SCD):    1.476ns
    Clock Pessimism Removal (CPR):    0.499ns

    Location             Delay type                Incr(ns)  Path(ns)    Netlist Resource(s)
  -------------------------------------------------------------------    -------------------
                         (clock sys_clk_pin rise edge)
                                                      0.000     0.000 r  
    W5                                                0.000     0.000 r  clk (IN)
                         net (fo=0)                   0.000     0.000    clk
    W5                   IBUF (Prop_ibuf_I_O)         0.226     0.226 r  clk_IBUF_inst/O
                         net (fo=1, routed)           0.631     0.858    clk_IBUF
    BUFGCTRL_X0Y0        BUFG (Prop_bufg_I_O)         0.026     0.884 r  clk_IBUF_BUFG_inst/O
                         net (fo=137, routed)         0.593     1.476    u_uart_controller/u_data_sender/clk_IBUF_BUFG
    SLICE_X1Y38          FDRE                                         r  u_uart_controller/u_data_sender/tx_data_reg[5]/C
  -------------------------------------------------------------------    -------------------
    SLICE_X1Y38          FDRE (Prop_fdre_C_Q)         0.141     1.617 r  u_uart_controller/u_data_sender/tx_data_reg[5]/Q
                         net (fo=1, routed)           0.116     1.733    u_uart_controller/u_uart_tx/D[5]
    SLICE_X1Y40          FDCE                                         r  u_uart_controller/u_uart_tx/r_data_reg_reg[5]/D
  -------------------------------------------------------------------    -------------------

                         (clock sys_clk_pin rise edge)
                                                      0.000     0.000 r  
    W5                                                0.000     0.000 r  clk (IN)
                         net (fo=0)                   0.000     0.000    clk
    W5                   IBUF (Prop_ibuf_I_O)         0.414     0.414 r  clk_IBUF_inst/O
                         net (fo=1, routed)           0.685     1.099    clk_IBUF
    BUFGCTRL_X0Y0        BUFG (Prop_bufg_I_O)         0.029     1.128 r  clk_IBUF_BUFG_inst/O
                         net (fo=137, routed)         0.865     1.992    u_uart_controller/u_uart_tx/clk_IBUF_BUFG
    SLICE_X1Y40          FDCE                                         r  u_uart_controller/u_uart_tx/r_data_reg_reg[5]/C
                         clock pessimism             -0.499     1.493    
    SLICE_X1Y40          FDCE (Hold_fdce_C_D)         0.070     1.563    u_uart_controller/u_uart_tx/r_data_reg_reg[5]
  -------------------------------------------------------------------
                         required time                         -1.563    
                         arrival time                           1.733    
  -------------------------------------------------------------------
                         slack                                  0.170    

Slack (MET) :             0.176ns  (arrival time - required time)
  Source:                 u_uart_controller/u_data_sender/tx_data_reg[1]/C
                            (rising edge-triggered cell FDRE clocked by sys_clk_pin  {rise@0.000ns fall@5.000ns period=10.000ns})
  Destination:            u_uart_controller/u_uart_tx/r_data_reg_reg[1]/D
                            (rising edge-triggered cell FDCE clocked by sys_clk_pin  {rise@0.000ns fall@5.000ns period=10.000ns})
  Path Group:             sys_clk_pin
  Path Type:              Hold (Min at Fast Process Corner)
  Requirement:            0.000ns  (sys_clk_pin rise@0.000ns - sys_clk_pin rise@0.000ns)
  Data Path Delay:        0.259ns  (logic 0.141ns (54.426%)  route 0.118ns (45.574%))
  Logic Levels:           0  
  Clock Path Skew:        0.017ns (DCD - SCD - CPR)
    Destination Clock Delay (DCD):    1.992ns
    Source Clock Delay      (SCD):    1.476ns
    Clock Pessimism Removal (CPR):    0.499ns

    Location             Delay type                Incr(ns)  Path(ns)    Netlist Resource(s)
  -------------------------------------------------------------------    -------------------
                         (clock sys_clk_pin rise edge)
                                                      0.000     0.000 r  
    W5                                                0.000     0.000 r  clk (IN)
                         net (fo=0)                   0.000     0.000    clk
    W5                   IBUF (Prop_ibuf_I_O)         0.226     0.226 r  clk_IBUF_inst/O
                         net (fo=1, routed)           0.631     0.858    clk_IBUF
    BUFGCTRL_X0Y0        BUFG (Prop_bufg_I_O)         0.026     0.884 r  clk_IBUF_BUFG_inst/O
                         net (fo=137, routed)         0.593     1.476    u_uart_controller/u_data_sender/clk_IBUF_BUFG
    SLICE_X0Y38          FDRE                                         r  u_uart_controller/u_data_sender/tx_data_reg[1]/C
  -------------------------------------------------------------------    -------------------
    SLICE_X0Y38          FDRE (Prop_fdre_C_Q)         0.141     1.617 r  u_uart_controller/u_data_sender/tx_data_reg[1]/Q
                         net (fo=1, routed)           0.118     1.735    u_uart_controller/u_uart_tx/D[1]
    SLICE_X0Y40          FDCE                                         r  u_uart_controller/u_uart_tx/r_data_reg_reg[1]/D
  -------------------------------------------------------------------    -------------------

                         (clock sys_clk_pin rise edge)
                                                      0.000     0.000 r  
    W5                                                0.000     0.000 r  clk (IN)
                         net (fo=0)                   0.000     0.000    clk
    W5                   IBUF (Prop_ibuf_I_O)         0.414     0.414 r  clk_IBUF_inst/O
                         net (fo=1, routed)           0.685     1.099    clk_IBUF
    BUFGCTRL_X0Y0        BUFG (Prop_bufg_I_O)         0.029     1.128 r  clk_IBUF_BUFG_inst/O
                         net (fo=137, routed)         0.865     1.992    u_uart_controller/u_uart_tx/clk_IBUF_BUFG
    SLICE_X0Y40          FDCE                                         r  u_uart_controller/u_uart_tx/r_data_reg_reg[1]/C
                         clock pessimism             -0.499     1.493    
    SLICE_X0Y40          FDCE (Hold_fdce_C_D)         0.066     1.559    u_uart_controller/u_uart_tx/r_data_reg_reg[1]
  -------------------------------------------------------------------
                         required time                         -1.559    
                         arrival time                           1.735    
  -------------------------------------------------------------------
                         slack                                  0.176    

Slack (MET) :             0.186ns  (arrival time - required time)
  Source:                 u_uart_controller/u_uart_rx/r_data_reg_reg[4]/C
                            (rising edge-triggered cell FDCE clocked by sys_clk_pin  {rise@0.000ns fall@5.000ns period=10.000ns})
  Destination:            u_uart_controller/u_uart_rx/data_out_reg[4]/D
                            (rising edge-triggered cell FDCE clocked by sys_clk_pin  {rise@0.000ns fall@5.000ns period=10.000ns})
  Path Group:             sys_clk_pin
  Path Type:              Hold (Min at Fast Process Corner)
  Requirement:            0.000ns  (sys_clk_pin rise@0.000ns - sys_clk_pin rise@0.000ns)
  Data Path Delay:        0.280ns  (logic 0.141ns (50.289%)  route 0.139ns (49.712%))
  Logic Levels:           0  
  Clock Path Skew:        0.034ns (DCD - SCD - CPR)
    Destination Clock Delay (DCD):    1.975ns
    Source Clock Delay      (SCD):    1.463ns
    Clock Pessimism Removal (CPR):    0.478ns

    Location             Delay type                Incr(ns)  Path(ns)    Netlist Resource(s)
  -------------------------------------------------------------------    -------------------
                         (clock sys_clk_pin rise edge)
                                                      0.000     0.000 r  
    W5                                                0.000     0.000 r  clk (IN)
                         net (fo=0)                   0.000     0.000    clk
    W5                   IBUF (Prop_ibuf_I_O)         0.226     0.226 r  clk_IBUF_inst/O
                         net (fo=1, routed)           0.631     0.858    clk_IBUF
    BUFGCTRL_X0Y0        BUFG (Prop_bufg_I_O)         0.026     0.884 r  clk_IBUF_BUFG_inst/O
                         net (fo=137, routed)         0.580     1.463    u_uart_controller/u_uart_rx/clk_IBUF_BUFG
    SLICE_X65Y74         FDCE                                         r  u_uart_controller/u_uart_rx/r_data_reg_reg[4]/C
  -------------------------------------------------------------------    -------------------
    SLICE_X65Y74         FDCE (Prop_fdce_C_Q)         0.141     1.604 r  u_uart_controller/u_uart_rx/r_data_reg_reg[4]/Q
                         net (fo=1, routed)           0.139     1.744    u_uart_controller/u_uart_rx/r_data_reg_reg_n_0_[4]
    SLICE_X64Y75         FDCE                                         r  u_uart_controller/u_uart_rx/data_out_reg[4]/D
  -------------------------------------------------------------------    -------------------

                         (clock sys_clk_pin rise edge)
                                                      0.000     0.000 r  
    W5                                                0.000     0.000 r  clk (IN)
                         net (fo=0)                   0.000     0.000    clk
    W5                   IBUF (Prop_ibuf_I_O)         0.414     0.414 r  clk_IBUF_inst/O
                         net (fo=1, routed)           0.685     1.099    clk_IBUF
    BUFGCTRL_X0Y0        BUFG (Prop_bufg_I_O)         0.029     1.128 r  clk_IBUF_BUFG_inst/O
                         net (fo=137, routed)         0.847     1.975    u_uart_controller/u_uart_rx/clk_IBUF_BUFG
    SLICE_X64Y75         FDCE                                         r  u_uart_controller/u_uart_rx/data_out_reg[4]/C
                         clock pessimism             -0.478     1.497    
    SLICE_X64Y75         FDCE (Hold_fdce_C_D)         0.060     1.557    u_uart_controller/u_uart_rx/data_out_reg[4]
  -------------------------------------------------------------------
                         required time                         -1.557    
                         arrival time                           1.744    
  -------------------------------------------------------------------
                         slack                                  0.186    

Slack (MET) :             0.198ns  (arrival time - required time)
  Source:                 u_uart_controller/u_uart_tx/r_baud_cnt_reg[12]/C
                            (rising edge-triggered cell FDCE clocked by sys_clk_pin  {rise@0.000ns fall@5.000ns period=10.000ns})
  Destination:            u_uart_controller/u_uart_tx/r_baud_tick_reg/D
                            (rising edge-triggered cell FDCE clocked by sys_clk_pin  {rise@0.000ns fall@5.000ns period=10.000ns})
  Path Group:             sys_clk_pin
  Path Type:              Hold (Min at Fast Process Corner)
  Requirement:            0.000ns  (sys_clk_pin rise@0.000ns - sys_clk_pin rise@0.000ns)
  Data Path Delay:        0.331ns  (logic 0.186ns (56.271%)  route 0.145ns (43.729%))
  Logic Levels:           1  (LUT5=1)
  Clock Path Skew:        0.013ns (DCD - SCD - CPR)
    Destination Clock Delay (DCD):    1.992ns
    Source Clock Delay      (SCD):    1.477ns
    Clock Pessimism Removal (CPR):    0.502ns

    Location             Delay type                Incr(ns)  Path(ns)    Netlist Resource(s)
  -------------------------------------------------------------------    -------------------
                         (clock sys_clk_pin rise edge)
                                                      0.000     0.000 r  
    W5                                                0.000     0.000 r  clk (IN)
                         net (fo=0)                   0.000     0.000    clk
    W5                   IBUF (Prop_ibuf_I_O)         0.226     0.226 r  clk_IBUF_inst/O
                         net (fo=1, routed)           0.631     0.858    clk_IBUF
    BUFGCTRL_X0Y0        BUFG (Prop_bufg_I_O)         0.026     0.884 r  clk_IBUF_BUFG_inst/O
                         net (fo=137, routed)         0.594     1.477    u_uart_controller/u_uart_tx/clk_IBUF_BUFG
    SLICE_X3Y41          FDCE                                         r  u_uart_controller/u_uart_tx/r_baud_cnt_reg[12]/C
  -------------------------------------------------------------------    -------------------
    SLICE_X3Y41          FDCE (Prop_fdce_C_Q)         0.141     1.618 r  u_uart_controller/u_uart_tx/r_baud_cnt_reg[12]/Q
                         net (fo=16, routed)          0.145     1.763    u_uart_controller/u_uart_tx/r_baud_cnt_reg[12]
    SLICE_X2Y41          LUT5 (Prop_lut5_I3_O)        0.045     1.808 r  u_uart_controller/u_uart_tx/r_baud_tick_i_1/O
                         net (fo=1, routed)           0.000     1.808    u_uart_controller/u_uart_tx/r_baud_tick_i_1_n_0
    SLICE_X2Y41          FDCE                                         r  u_uart_controller/u_uart_tx/r_baud_tick_reg/D
  -------------------------------------------------------------------    -------------------

                         (clock sys_clk_pin rise edge)
                                                      0.000     0.000 r  
    W5                                                0.000     0.000 r  clk (IN)
                         net (fo=0)                   0.000     0.000    clk
    W5                   IBUF (Prop_ibuf_I_O)         0.414     0.414 r  clk_IBUF_inst/O
                         net (fo=1, routed)           0.685     1.099    clk_IBUF
    BUFGCTRL_X0Y0        BUFG (Prop_bufg_I_O)         0.029     1.128 r  clk_IBUF_BUFG_inst/O
                         net (fo=137, routed)         0.865     1.992    u_uart_controller/u_uart_tx/clk_IBUF_BUFG
    SLICE_X2Y41          FDCE                                         r  u_uart_controller/u_uart_tx/r_baud_tick_reg/C
                         clock pessimism             -0.502     1.490    
    SLICE_X2Y41          FDCE (Hold_fdce_C_D)         0.120     1.610    u_uart_controller/u_uart_tx/r_baud_tick_reg
  -------------------------------------------------------------------
                         required time                         -1.610    
                         arrival time                           1.808    
  -------------------------------------------------------------------
                         slack                                  0.198    

Slack (MET) :             0.201ns  (arrival time - required time)
  Source:                 u_uart_controller/u_data_sender/tx_data_reg[7]/C
                            (rising edge-triggered cell FDRE clocked by sys_clk_pin  {rise@0.000ns fall@5.000ns period=10.000ns})
  Destination:            u_uart_controller/u_uart_tx/r_data_reg_reg[7]/D
                            (rising edge-triggered cell FDCE clocked by sys_clk_pin  {rise@0.000ns fall@5.000ns period=10.000ns})
  Path Group:             sys_clk_pin
  Path Type:              Hold (Min at Fast Process Corner)
  Requirement:            0.000ns  (sys_clk_pin rise@0.000ns - sys_clk_pin rise@0.000ns)
  Data Path Delay:        0.274ns  (logic 0.164ns (59.853%)  route 0.110ns (40.147%))
  Logic Levels:           0  
  Clock Path Skew:        0.014ns (DCD - SCD - CPR)
    Destination Clock Delay (DCD):    1.989ns
    Source Clock Delay      (SCD):    1.476ns
    Clock Pessimism Removal (CPR):    0.499ns

    Location             Delay type                Incr(ns)  Path(ns)    Netlist Resource(s)
  -------------------------------------------------------------------    -------------------
                         (clock sys_clk_pin rise edge)
                                                      0.000     0.000 r  
    W5                                                0.000     0.000 r  clk (IN)
                         net (fo=0)                   0.000     0.000    clk
    W5                   IBUF (Prop_ibuf_I_O)         0.226     0.226 r  clk_IBUF_inst/O
                         net (fo=1, routed)           0.631     0.858    clk_IBUF
    BUFGCTRL_X0Y0        BUFG (Prop_bufg_I_O)         0.026     0.884 r  clk_IBUF_BUFG_inst/O
                         net (fo=137, routed)         0.593     1.476    u_uart_controller/u_data_sender/clk_IBUF_BUFG
    SLICE_X2Y38          FDRE                                         r  u_uart_controller/u_data_sender/tx_data_reg[7]/C
  -------------------------------------------------------------------    -------------------
    SLICE_X2Y38          FDRE (Prop_fdre_C_Q)         0.164     1.640 r  u_uart_controller/u_data_sender/tx_data_reg[7]/Q
                         net (fo=1, routed)           0.110     1.750    u_uart_controller/u_uart_tx/D[7]
    SLICE_X2Y37          FDCE                                         r  u_uart_controller/u_uart_tx/r_data_reg_reg[7]/D
  -------------------------------------------------------------------    -------------------

                         (clock sys_clk_pin rise edge)
                                                      0.000     0.000 r  
    W5                                                0.000     0.000 r  clk (IN)
                         net (fo=0)                   0.000     0.000    clk
    W5                   IBUF (Prop_ibuf_I_O)         0.414     0.414 r  clk_IBUF_inst/O
                         net (fo=1, routed)           0.685     1.099    clk_IBUF
    BUFGCTRL_X0Y0        BUFG (Prop_bufg_I_O)         0.029     1.128 r  clk_IBUF_BUFG_inst/O
                         net (fo=137, routed)         0.862     1.989    u_uart_controller/u_uart_tx/clk_IBUF_BUFG
    SLICE_X2Y37          FDCE                                         r  u_uart_controller/u_uart_tx/r_data_reg_reg[7]/C
                         clock pessimism             -0.499     1.490    
    SLICE_X2Y37          FDCE (Hold_fdce_C_D)         0.059     1.549    u_uart_controller/u_uart_tx/r_data_reg_reg[7]
  -------------------------------------------------------------------
                         required time                         -1.549    
                         arrival time                           1.750    
  -------------------------------------------------------------------
                         slack                                  0.201    

Slack (MET) :             0.212ns  (arrival time - required time)
  Source:                 u_uart_controller/u_uart_rx/r_data_reg_reg[0]/C
                            (rising edge-triggered cell FDCE clocked by sys_clk_pin  {rise@0.000ns fall@5.000ns period=10.000ns})
  Destination:            u_uart_controller/u_uart_rx/data_out_reg[0]/D
                            (rising edge-triggered cell FDCE clocked by sys_clk_pin  {rise@0.000ns fall@5.000ns period=10.000ns})
  Path Group:             sys_clk_pin
  Path Type:              Hold (Min at Fast Process Corner)
  Requirement:            0.000ns  (sys_clk_pin rise@0.000ns - sys_clk_pin rise@0.000ns)
  Data Path Delay:        0.331ns  (logic 0.141ns (42.628%)  route 0.190ns (57.372%))
  Logic Levels:           0  
  Clock Path Skew:        0.034ns (DCD - SCD - CPR)
    Destination Clock Delay (DCD):    1.975ns
    Source Clock Delay      (SCD):    1.463ns
    Clock Pessimism Removal (CPR):    0.478ns

    Location             Delay type                Incr(ns)  Path(ns)    Netlist Resource(s)
  -------------------------------------------------------------------    -------------------
                         (clock sys_clk_pin rise edge)
                                                      0.000     0.000 r  
    W5                                                0.000     0.000 r  clk (IN)
                         net (fo=0)                   0.000     0.000    clk
    W5                   IBUF (Prop_ibuf_I_O)         0.226     0.226 r  clk_IBUF_inst/O
                         net (fo=1, routed)           0.631     0.858    clk_IBUF
    BUFGCTRL_X0Y0        BUFG (Prop_bufg_I_O)         0.026     0.884 r  clk_IBUF_BUFG_inst/O
                         net (fo=137, routed)         0.580     1.463    u_uart_controller/u_uart_rx/clk_IBUF_BUFG
    SLICE_X63Y74         FDCE                                         r  u_uart_controller/u_uart_rx/r_data_reg_reg[0]/C
  -------------------------------------------------------------------    -------------------
    SLICE_X63Y74         FDCE (Prop_fdce_C_Q)         0.141     1.604 r  u_uart_controller/u_uart_rx/r_data_reg_reg[0]/Q
                         net (fo=1, routed)           0.190     1.794    u_uart_controller/u_uart_rx/r_data_reg_reg_n_0_[0]
    SLICE_X64Y75         FDCE                                         r  u_uart_controller/u_uart_rx/data_out_reg[0]/D
  -------------------------------------------------------------------    -------------------

                         (clock sys_clk_pin rise edge)
                                                      0.000     0.000 r  
    W5                                                0.000     0.000 r  clk (IN)
                         net (fo=0)                   0.000     0.000    clk
    W5                   IBUF (Prop_ibuf_I_O)         0.414     0.414 r  clk_IBUF_inst/O
                         net (fo=1, routed)           0.685     1.099    clk_IBUF
    BUFGCTRL_X0Y0        BUFG (Prop_bufg_I_O)         0.029     1.128 r  clk_IBUF_BUFG_inst/O
                         net (fo=137, routed)         0.847     1.975    u_uart_controller/u_uart_rx/clk_IBUF_BUFG
    SLICE_X64Y75         FDCE                                         r  u_uart_controller/u_uart_rx/data_out_reg[0]/C
                         clock pessimism             -0.478     1.497    
    SLICE_X64Y75         FDCE (Hold_fdce_C_D)         0.085     1.582    u_uart_controller/u_uart_rx/data_out_reg[0]
  -------------------------------------------------------------------
                         required time                         -1.582    
                         arrival time                           1.794    
  -------------------------------------------------------------------
                         slack                                  0.212    

Slack (MET) :             0.220ns  (arrival time - required time)
  Source:                 u_uart_controller/u_data_sender/tx_data_reg[6]/C
                            (rising edge-triggered cell FDRE clocked by sys_clk_pin  {rise@0.000ns fall@5.000ns period=10.000ns})
  Destination:            u_uart_controller/u_uart_tx/r_data_reg_reg[6]/D
                            (rising edge-triggered cell FDCE clocked by sys_clk_pin  {rise@0.000ns fall@5.000ns period=10.000ns})
  Path Group:             sys_clk_pin
  Path Type:              Hold (Min at Fast Process Corner)
  Requirement:            0.000ns  (sys_clk_pin rise@0.000ns - sys_clk_pin rise@0.000ns)
  Data Path Delay:        0.309ns  (logic 0.141ns (45.649%)  route 0.168ns (54.351%))
  Logic Levels:           0  
  Clock Path Skew:        0.017ns (DCD - SCD - CPR)
    Destination Clock Delay (DCD):    1.992ns
    Source Clock Delay      (SCD):    1.476ns
    Clock Pessimism Removal (CPR):    0.499ns

    Location             Delay type                Incr(ns)  Path(ns)    Netlist Resource(s)
  -------------------------------------------------------------------    -------------------
                         (clock sys_clk_pin rise edge)
                                                      0.000     0.000 r  
    W5                                                0.000     0.000 r  clk (IN)
                         net (fo=0)                   0.000     0.000    clk
    W5                   IBUF (Prop_ibuf_I_O)         0.226     0.226 r  clk_IBUF_inst/O
                         net (fo=1, routed)           0.631     0.858    clk_IBUF
    BUFGCTRL_X0Y0        BUFG (Prop_bufg_I_O)         0.026     0.884 r  clk_IBUF_BUFG_inst/O
                         net (fo=137, routed)         0.593     1.476    u_uart_controller/u_data_sender/clk_IBUF_BUFG
    SLICE_X1Y38          FDRE                                         r  u_uart_controller/u_data_sender/tx_data_reg[6]/C
  -------------------------------------------------------------------    -------------------
    SLICE_X1Y38          FDRE (Prop_fdre_C_Q)         0.141     1.617 r  u_uart_controller/u_data_sender/tx_data_reg[6]/Q
                         net (fo=1, routed)           0.168     1.785    u_uart_controller/u_uart_tx/D[6]
    SLICE_X1Y40          FDCE                                         r  u_uart_controller/u_uart_tx/r_data_reg_reg[6]/D
  -------------------------------------------------------------------    -------------------

                         (clock sys_clk_pin rise edge)
                                                      0.000     0.000 r  
    W5                                                0.000     0.000 r  clk (IN)
                         net (fo=0)                   0.000     0.000    clk
    W5                   IBUF (Prop_ibuf_I_O)         0.414     0.414 r  clk_IBUF_inst/O
                         net (fo=1, routed)           0.685     1.099    clk_IBUF
    BUFGCTRL_X0Y0        BUFG (Prop_bufg_I_O)         0.029     1.128 r  clk_IBUF_BUFG_inst/O
                         net (fo=137, routed)         0.865     1.992    u_uart_controller/u_uart_tx/clk_IBUF_BUFG
    SLICE_X1Y40          FDCE                                         r  u_uart_controller/u_uart_tx/r_data_reg_reg[6]/C
                         clock pessimism             -0.499     1.493    
    SLICE_X1Y40          FDCE (Hold_fdce_C_D)         0.072     1.565    u_uart_controller/u_uart_tx/r_data_reg_reg[6]
  -------------------------------------------------------------------
                         required time                         -1.565    
                         arrival time                           1.785    
  -------------------------------------------------------------------
                         slack                                  0.220    

Slack (MET) :             0.225ns  (arrival time - required time)
  Source:                 u_uart_controller/u_data_sender/tx_data_reg[2]/C
                            (rising edge-triggered cell FDRE clocked by sys_clk_pin  {rise@0.000ns fall@5.000ns period=10.000ns})
  Destination:            u_uart_controller/u_uart_tx/r_data_reg_reg[2]/D
                            (rising edge-triggered cell FDCE clocked by sys_clk_pin  {rise@0.000ns fall@5.000ns period=10.000ns})
  Path Group:             sys_clk_pin
  Path Type:              Hold (Min at Fast Process Corner)
  Requirement:            0.000ns  (sys_clk_pin rise@0.000ns - sys_clk_pin rise@0.000ns)
  Data Path Delay:        0.312ns  (logic 0.141ns (45.231%)  route 0.171ns (54.769%))
  Logic Levels:           0  
  Clock Path Skew:        0.017ns (DCD - SCD - CPR)
    Destination Clock Delay (DCD):    1.992ns
    Source Clock Delay      (SCD):    1.476ns
    Clock Pessimism Removal (CPR):    0.499ns

    Location             Delay type                Incr(ns)  Path(ns)    Netlist Resource(s)
  -------------------------------------------------------------------    -------------------
                         (clock sys_clk_pin rise edge)
                                                      0.000     0.000 r  
    W5                                                0.000     0.000 r  clk (IN)
                         net (fo=0)                   0.000     0.000    clk
    W5                   IBUF (Prop_ibuf_I_O)         0.226     0.226 r  clk_IBUF_inst/O
                         net (fo=1, routed)           0.631     0.858    clk_IBUF
    BUFGCTRL_X0Y0        BUFG (Prop_bufg_I_O)         0.026     0.884 r  clk_IBUF_BUFG_inst/O
                         net (fo=137, routed)         0.593     1.476    u_uart_controller/u_data_sender/clk_IBUF_BUFG
    SLICE_X0Y38          FDRE                                         r  u_uart_controller/u_data_sender/tx_data_reg[2]/C
  -------------------------------------------------------------------    -------------------
    SLICE_X0Y38          FDRE (Prop_fdre_C_Q)         0.141     1.617 r  u_uart_controller/u_data_sender/tx_data_reg[2]/Q
                         net (fo=1, routed)           0.171     1.788    u_uart_controller/u_uart_tx/D[2]
    SLICE_X0Y40          FDCE                                         r  u_uart_controller/u_uart_tx/r_data_reg_reg[2]/D
  -------------------------------------------------------------------    -------------------

                         (clock sys_clk_pin rise edge)
                                                      0.000     0.000 r  
    W5                                                0.000     0.000 r  clk (IN)
                         net (fo=0)                   0.000     0.000    clk
    W5                   IBUF (Prop_ibuf_I_O)         0.414     0.414 r  clk_IBUF_inst/O
                         net (fo=1, routed)           0.685     1.099    clk_IBUF
    BUFGCTRL_X0Y0        BUFG (Prop_bufg_I_O)         0.029     1.128 r  clk_IBUF_BUFG_inst/O
                         net (fo=137, routed)         0.865     1.992    u_uart_controller/u_uart_tx/clk_IBUF_BUFG
    SLICE_X0Y40          FDCE                                         r  u_uart_controller/u_uart_tx/r_data_reg_reg[2]/C
                         clock pessimism             -0.499     1.493    
    SLICE_X0Y40          FDCE (Hold_fdce_C_D)         0.070     1.563    u_uart_controller/u_uart_tx/r_data_reg_reg[2]
  -------------------------------------------------------------------
                         required time                         -1.563    
                         arrival time                           1.788    
  -------------------------------------------------------------------
                         slack                                  0.225    

Slack (MET) :             0.226ns  (arrival time - required time)
  Source:                 u_uart_controller/u_uart_rx/r_baud_tick_reg/C
                            (rising edge-triggered cell FDCE clocked by sys_clk_pin  {rise@0.000ns fall@5.000ns period=10.000ns})
  Destination:            u_uart_controller/u_uart_rx/rx_done_reg/D
                            (rising edge-triggered cell FDCE clocked by sys_clk_pin  {rise@0.000ns fall@5.000ns period=10.000ns})
  Path Group:             sys_clk_pin
  Path Type:              Hold (Min at Fast Process Corner)
  Requirement:            0.000ns  (sys_clk_pin rise@0.000ns - sys_clk_pin rise@0.000ns)
  Data Path Delay:        0.353ns  (logic 0.209ns (59.272%)  route 0.144ns (40.728%))
  Logic Levels:           1  (LUT5=1)
  Clock Path Skew:        0.035ns (DCD - SCD - CPR)
    Destination Clock Delay (DCD):    1.975ns
    Source Clock Delay      (SCD):    1.462ns
    Clock Pessimism Removal (CPR):    0.478ns

    Location             Delay type                Incr(ns)  Path(ns)    Netlist Resource(s)
  -------------------------------------------------------------------    -------------------
                         (clock sys_clk_pin rise edge)
                                                      0.000     0.000 r  
    W5                                                0.000     0.000 r  clk (IN)
                         net (fo=0)                   0.000     0.000    clk
    W5                   IBUF (Prop_ibuf_I_O)         0.226     0.226 r  clk_IBUF_inst/O
                         net (fo=1, routed)           0.631     0.858    clk_IBUF
    BUFGCTRL_X0Y0        BUFG (Prop_bufg_I_O)         0.026     0.884 r  clk_IBUF_BUFG_inst/O
                         net (fo=137, routed)         0.579     1.462    u_uart_controller/u_uart_rx/clk_IBUF_BUFG
    SLICE_X60Y75         FDCE                                         r  u_uart_controller/u_uart_rx/r_baud_tick_reg/C
  -------------------------------------------------------------------    -------------------
    SLICE_X60Y75         FDCE (Prop_fdce_C_Q)         0.164     1.626 r  u_uart_controller/u_uart_rx/r_baud_tick_reg/Q
                         net (fo=5, routed)           0.144     1.770    u_uart_controller/u_uart_rx/r_baud_tick
    SLICE_X62Y75         LUT5 (Prop_lut5_I3_O)        0.045     1.815 r  u_uart_controller/u_uart_rx/rx_done_i_1/O
                         net (fo=1, routed)           0.000     1.815    u_uart_controller/u_uart_rx/rx_done_i_1_n_0
    SLICE_X62Y75         FDCE                                         r  u_uart_controller/u_uart_rx/rx_done_reg/D
  -------------------------------------------------------------------    -------------------

                         (clock sys_clk_pin rise edge)
                                                      0.000     0.000 r  
    W5                                                0.000     0.000 r  clk (IN)
                         net (fo=0)                   0.000     0.000    clk
    W5                   IBUF (Prop_ibuf_I_O)         0.414     0.414 r  clk_IBUF_inst/O
                         net (fo=1, routed)           0.685     1.099    clk_IBUF
    BUFGCTRL_X0Y0        BUFG (Prop_bufg_I_O)         0.029     1.128 r  clk_IBUF_BUFG_inst/O
                         net (fo=137, routed)         0.847     1.975    u_uart_controller/u_uart_rx/clk_IBUF_BUFG
    SLICE_X62Y75         FDCE                                         r  u_uart_controller/u_uart_rx/rx_done_reg/C
                         clock pessimism             -0.478     1.497    
    SLICE_X62Y75         FDCE (Hold_fdce_C_D)         0.092     1.589    u_uart_controller/u_uart_rx/rx_done_reg
  -------------------------------------------------------------------
                         required time                         -1.589    
                         arrival time                           1.815    
  -------------------------------------------------------------------
                         slack                                  0.226    





Pulse Width Checks
--------------------------------------------------------------------------------------
Clock Name:         sys_clk_pin
Waveform(ns):       { 0.000 5.000 }
Period(ns):         10.000
Sources:            { clk }

Check Type        Corner  Lib Pin  Reference Pin  Required(ns)  Actual(ns)  Slack(ns)  Location       Pin
Min Period        n/a     BUFG/I   n/a            2.155         10.000      7.845      BUFGCTRL_X0Y0  clk_IBUF_BUFG_inst/I
Min Period        n/a     FDCE/C   n/a            1.000         10.000      9.000      SLICE_X63Y72   u_btn_debounce/U_debouncer_btnL/btn_state_reg/C
Min Period        n/a     FDCE/C   n/a            1.000         10.000      9.000      SLICE_X61Y72   u_btn_debounce/U_debouncer_btnL/count_reg[0]/C
Min Period        n/a     FDCE/C   n/a            1.000         10.000      9.000      SLICE_X61Y75   u_btn_debounce/U_debouncer_btnL/count_reg[10]/C
Min Period        n/a     FDCE/C   n/a            1.000         10.000      9.000      SLICE_X60Y74   u_btn_debounce/U_debouncer_btnL/count_reg[11]/C
Min Period        n/a     FDCE/C   n/a            1.000         10.000      9.000      SLICE_X60Y74   u_btn_debounce/U_debouncer_btnL/count_reg[12]/C
Min Period        n/a     FDCE/C   n/a            1.000         10.000      9.000      SLICE_X62Y75   u_btn_debounce/U_debouncer_btnL/count_reg[13]/C
Min Period        n/a     FDCE/C   n/a            1.000         10.000      9.000      SLICE_X62Y75   u_btn_debounce/U_debouncer_btnL/count_reg[14]/C
Min Period        n/a     FDCE/C   n/a            1.000         10.000      9.000      SLICE_X62Y75   u_btn_debounce/U_debouncer_btnL/count_reg[15]/C
Min Period        n/a     FDCE/C   n/a            1.000         10.000      9.000      SLICE_X61Y75   u_btn_debounce/U_debouncer_btnL/count_reg[16]/C
Low Pulse Width   Slow    FDCE/C   n/a            0.500         5.000       4.500      SLICE_X63Y72   u_btn_debounce/U_debouncer_btnL/btn_state_reg/C
Low Pulse Width   Fast    FDCE/C   n/a            0.500         5.000       4.500      SLICE_X63Y72   u_btn_debounce/U_debouncer_btnL/btn_state_reg/C
Low Pulse Width   Slow    FDCE/C   n/a            0.500         5.000       4.500      SLICE_X61Y72   u_btn_debounce/U_debouncer_btnL/count_reg[0]/C
Low Pulse Width   Fast    FDCE/C   n/a            0.500         5.000       4.500      SLICE_X61Y72   u_btn_debounce/U_debouncer_btnL/count_reg[0]/C
Low Pulse Width   Slow    FDCE/C   n/a            0.500         5.000       4.500      SLICE_X61Y75   u_btn_debounce/U_debouncer_btnL/count_reg[10]/C
Low Pulse Width   Fast    FDCE/C   n/a            0.500         5.000       4.500      SLICE_X61Y75   u_btn_debounce/U_debouncer_btnL/count_reg[10]/C
Low Pulse Width   Slow    FDCE/C   n/a            0.500         5.000       4.500      SLICE_X60Y74   u_btn_debounce/U_debouncer_btnL/count_reg[11]/C
Low Pulse Width   Fast    FDCE/C   n/a            0.500         5.000       4.500      SLICE_X60Y74   u_btn_debounce/U_debouncer_btnL/count_reg[11]/C
Low Pulse Width   Slow    FDCE/C   n/a            0.500         5.000       4.500      SLICE_X60Y74   u_btn_debounce/U_debouncer_btnL/count_reg[12]/C
Low Pulse Width   Fast    FDCE/C   n/a            0.500         5.000       4.500      SLICE_X60Y74   u_btn_debounce/U_debouncer_btnL/count_reg[12]/C
High Pulse Width  Slow    FDCE/C   n/a            0.500         5.000       4.500      SLICE_X63Y72   u_btn_debounce/U_debouncer_btnL/btn_state_reg/C
High Pulse Width  Fast    FDCE/C   n/a            0.500         5.000       4.500      SLICE_X63Y72   u_btn_debounce/U_debouncer_btnL/btn_state_reg/C
High Pulse Width  Slow    FDCE/C   n/a            0.500         5.000       4.500      SLICE_X61Y72   u_btn_debounce/U_debouncer_btnL/count_reg[0]/C
High Pulse Width  Fast    FDCE/C   n/a            0.500         5.000       4.500      SLICE_X61Y72   u_btn_debounce/U_debouncer_btnL/count_reg[0]/C
High Pulse Width  Slow    FDCE/C   n/a            0.500         5.000       4.500      SLICE_X61Y75   u_btn_debounce/U_debouncer_btnL/count_reg[10]/C
High Pulse Width  Fast    FDCE/C   n/a            0.500         5.000       4.500      SLICE_X61Y75   u_btn_debounce/U_debouncer_btnL/count_reg[10]/C
High Pulse Width  Slow    FDCE/C   n/a            0.500         5.000       4.500      SLICE_X60Y74   u_btn_debounce/U_debouncer_btnL/count_reg[11]/C
High Pulse Width  Fast    FDCE/C   n/a            0.500         5.000       4.500      SLICE_X60Y74   u_btn_debounce/U_debouncer_btnL/count_reg[11]/C
High Pulse Width  Slow    FDCE/C   n/a            0.500         5.000       4.500      SLICE_X60Y74   u_btn_debounce/U_debouncer_btnL/count_reg[12]/C
High Pulse Width  Fast    FDCE/C   n/a            0.500         5.000       4.500      SLICE_X60Y74   u_btn_debounce/U_debouncer_btnL/count_reg[12]/C



