Copyright 1986-2021 Xilinx, Inc. All Rights Reserved.
-----------------------------------------------------------------------------------------------------------------------------------------------------------------------------------------------------
| Tool Version : Vivado v.2021.1 (win64) Build 3247384 Thu Jun 10 19:36:33 MDT 2021
| Date         : Wed Mar  4 11:02:25 2026
| Host         : DESKTOP-PQ1PAHT running 64-bit major release  (build 9200)
| Command      : report_timing_summary -max_paths 10 -file top_rotary_timing_summary_routed.rpt -pb top_rotary_timing_summary_routed.pb -rpx top_rotary_timing_summary_routed.rpx -warn_on_violation
| Design       : top_rotary
| Device       : 7a35t-cpg236
| Speed File   : -1  PRODUCTION 1.23 2018-06-13
-----------------------------------------------------------------------------------------------------------------------------------------------------------------------------------------------------

Timing Summary Report

------------------------------------------------------------------------------------------------
| Timer Settings
| --------------
------------------------------------------------------------------------------------------------

  Enable Multi Corner Analysis               :  Yes
  Enable Pessimism Removal                   :  Yes
  Pessimism Removal Resolution               :  Nearest Common Node
  Enable Input Delay Default Clock           :  No
  Enable Preset / Clear Arcs                 :  No
  Disable Flight Delays                      :  No
  Ignore I/O Paths                           :  No
  Timing Early Launch at Borrowing Latches   :  No
  Borrow Time for Max Delay Exceptions       :  Yes
  Merge Timing Exceptions                    :  Yes

  Corner  Analyze    Analyze    
  Name    Max Paths  Min Paths  
  ------  ---------  ---------  
  Slow    Yes        Yes        
  Fast    Yes        Yes        


------------------------------------------------------------------------------------------------
| Report Methodology
| ------------------
------------------------------------------------------------------------------------------------

Rule       Severity  Description                    Violations  
---------  --------  -----------------------------  ----------  
TIMING-18  Warning   Missing input or output delay  20          

Note: This report is based on the most recent report_methodology run and may not be up-to-date. Run report_methodology on the current design for the latest report.



check_timing report

Table of Contents
-----------------
1. checking no_clock (0)
2. checking constant_clock (0)
3. checking pulse_width_clock (0)
4. checking unconstrained_internal_endpoints (0)
5. checking no_input_delay (4)
6. checking no_output_delay (11)
7. checking multiple_clock (0)
8. checking generated_clocks (0)
9. checking loops (0)
10. checking partial_input_delay (0)
11. checking partial_output_delay (0)
12. checking latch_loops (0)

1. checking no_clock (0)
------------------------
 There are 0 register/latch pins with no clock.


2. checking constant_clock (0)
------------------------------
 There are 0 register/latch pins with constant_clock.


3. checking pulse_width_clock (0)
---------------------------------
 There are 0 register/latch pins which need pulse_width check


4. checking unconstrained_internal_endpoints (0)
------------------------------------------------
 There are 0 pins that are not constrained for maximum delay.

 There are 0 pins that are not constrained for maximum delay due to constant clock.


5. checking no_input_delay (4)
------------------------------
 There are 4 input ports with no input delay specified. (HIGH)

 There are 0 input ports with no input delay but user has a false path constraint.


6. checking no_output_delay (11)
--------------------------------
 There are 11 ports with no output delay specified. (HIGH)

 There are 0 ports with no output delay but user has a false path constraint

 There are 0 ports with no output delay but with a timing clock defined on it or propagating through it


7. checking multiple_clock (0)
------------------------------
 There are 0 register/latch pins with multiple clocks.


8. checking generated_clocks (0)
--------------------------------
 There are 0 generated clocks that are not connected to a clock source.


9. checking loops (0)
---------------------
 There are 0 combinational loops in the design.


10. checking partial_input_delay (0)
------------------------------------
 There are 0 input ports with partial input delay specified.


11. checking partial_output_delay (0)
-------------------------------------
 There are 0 ports with partial output delay specified.


12. checking latch_loops (0)
----------------------------
 There are 0 combinational latch loops in the design through latch input



------------------------------------------------------------------------------------------------
| Design Timing Summary
| ---------------------
------------------------------------------------------------------------------------------------

    WNS(ns)      TNS(ns)  TNS Failing Endpoints  TNS Total Endpoints      WHS(ns)      THS(ns)  THS Failing Endpoints  THS Total Endpoints     WPWS(ns)     TPWS(ns)  TPWS Failing Endpoints  TPWS Total Endpoints  
    -------      -------  ---------------------  -------------------      -------      -------  ---------------------  -------------------     --------     --------  ----------------------  --------------------  
      5.768        0.000                      0                   87        0.185        0.000                      0                   87        4.500        0.000                       0                    78  


All user specified timing constraints are met.


------------------------------------------------------------------------------------------------
| Clock Summary
| -------------
------------------------------------------------------------------------------------------------

Clock        Waveform(ns)       Period(ns)      Frequency(MHz)
-----        ------------       ----------      --------------
sys_clk_pin  {0.000 5.000}      10.000          100.000         


------------------------------------------------------------------------------------------------
| Intra Clock Table
| -----------------
------------------------------------------------------------------------------------------------

Clock             WNS(ns)      TNS(ns)  TNS Failing Endpoints  TNS Total Endpoints      WHS(ns)      THS(ns)  THS Failing Endpoints  THS Total Endpoints     WPWS(ns)     TPWS(ns)  TPWS Failing Endpoints  TPWS Total Endpoints  
-----             -------      -------  ---------------------  -------------------      -------      -------  ---------------------  -------------------     --------     --------  ----------------------  --------------------  
sys_clk_pin         5.768        0.000                      0                   87        0.185        0.000                      0                   87        4.500        0.000                       0                    78  


------------------------------------------------------------------------------------------------
| Inter Clock Table
| -----------------
------------------------------------------------------------------------------------------------

From Clock    To Clock          WNS(ns)      TNS(ns)  TNS Failing Endpoints  TNS Total Endpoints      WHS(ns)      THS(ns)  THS Failing Endpoints  THS Total Endpoints  
----------    --------          -------      -------  ---------------------  -------------------      -------      -------  ---------------------  -------------------  


------------------------------------------------------------------------------------------------
| Other Path Groups Table
| -----------------------
------------------------------------------------------------------------------------------------

Path Group    From Clock    To Clock          WNS(ns)      TNS(ns)  TNS Failing Endpoints  TNS Total Endpoints      WHS(ns)      THS(ns)  THS Failing Endpoints  THS Total Endpoints  
----------    ----------    --------          -------      -------  ---------------------  -------------------      -------      -------  ---------------------  -------------------  


------------------------------------------------------------------------------------------------
| Timing Details
| --------------
------------------------------------------------------------------------------------------------


---------------------------------------------------------------------------------------------------
From Clock:  sys_clk_pin
  To Clock:  sys_clk_pin

Setup :            0  Failing Endpoints,  Worst Slack        5.768ns,  Total Violation        0.000ns
Hold  :            0  Failing Endpoints,  Worst Slack        0.185ns,  Total Violation        0.000ns
PW    :            0  Failing Endpoints,  Worst Slack        4.500ns,  Total Violation        0.000ns
---------------------------------------------------------------------------------------------------


Max Delay Paths
--------------------------------------------------------------------------------------
Slack (MET) :             5.768ns  (required time - arrival time)
  Source:                 u_key_debouncer/count_reg[3]/C
                            (rising edge-triggered cell FDCE clocked by sys_clk_pin  {rise@0.000ns fall@5.000ns period=10.000ns})
  Destination:            u_key_debouncer/btn_state_reg/CE
                            (rising edge-triggered cell FDCE clocked by sys_clk_pin  {rise@0.000ns fall@5.000ns period=10.000ns})
  Path Group:             sys_clk_pin
  Path Type:              Setup (Max at Slow Process Corner)
  Requirement:            10.000ns  (sys_clk_pin rise@10.000ns - sys_clk_pin rise@0.000ns)
  Data Path Delay:        3.989ns  (logic 0.828ns (20.759%)  route 3.161ns (79.241%))
  Logic Levels:           3  (LUT6=3)
  Clock Path Skew:        -0.039ns (DCD - SCD + CPR)
    Destination Clock Delay (DCD):    4.832ns = ( 14.832 - 10.000 ) 
    Source Clock Delay      (SCD):    5.129ns
    Clock Pessimism Removal (CPR):    0.258ns
  Clock Uncertainty:      0.035ns  ((TSJ^2 + TIJ^2)^1/2 + DJ) / 2 + PE
    Total System Jitter     (TSJ):    0.071ns
    Total Input Jitter      (TIJ):    0.000ns
    Discrete Jitter          (DJ):    0.000ns
    Phase Error              (PE):    0.000ns

    Location             Delay type                Incr(ns)  Path(ns)    Netlist Resource(s)
  -------------------------------------------------------------------    -------------------
                         (clock sys_clk_pin rise edge)
                                                      0.000     0.000 r  
    W5                                                0.000     0.000 r  clk (IN)
                         net (fo=0)                   0.000     0.000    clk
    W5                   IBUF (Prop_ibuf_I_O)         1.458     1.458 r  clk_IBUF_inst/O
                         net (fo=1, routed)           1.967     3.425    clk_IBUF
    BUFGCTRL_X0Y0        BUFG (Prop_bufg_I_O)         0.096     3.521 r  clk_IBUF_BUFG_inst/O
                         net (fo=77, routed)          1.608     5.129    u_key_debouncer/CLK
    SLICE_X63Y73         FDCE                                         r  u_key_debouncer/count_reg[3]/C
  -------------------------------------------------------------------    -------------------
    SLICE_X63Y73         FDCE (Prop_fdce_C_Q)         0.456     5.585 r  u_key_debouncer/count_reg[3]/Q
                         net (fo=2, routed)           1.234     6.818    u_key_debouncer/count_reg_n_0_[3]
    SLICE_X64Y73         LUT6 (Prop_lut6_I0_O)        0.124     6.942 f  u_key_debouncer/btn_state_i_4__1/O
                         net (fo=1, routed)           1.002     7.944    u_key_debouncer/btn_state_i_4__1_n_0
    SLICE_X63Y75         LUT6 (Prop_lut6_I1_O)        0.124     8.068 f  u_key_debouncer/btn_state_i_3__1/O
                         net (fo=21, routed)          0.404     8.472    u_key_debouncer/btn_state_i_3__1_n_0
    SLICE_X61Y75         LUT6 (Prop_lut6_I4_O)        0.124     8.596 r  u_key_debouncer/btn_state_i_1__1/O
                         net (fo=1, routed)           0.521     9.117    u_key_debouncer/btn_state
    SLICE_X60Y75         FDCE                                         r  u_key_debouncer/btn_state_reg/CE
  -------------------------------------------------------------------    -------------------

                         (clock sys_clk_pin rise edge)
                                                     10.000    10.000 r  
    W5                                                0.000    10.000 r  clk (IN)
                         net (fo=0)                   0.000    10.000    clk
    W5                   IBUF (Prop_ibuf_I_O)         1.388    11.388 r  clk_IBUF_inst/O
                         net (fo=1, routed)           1.862    13.250    clk_IBUF
    BUFGCTRL_X0Y0        BUFG (Prop_bufg_I_O)         0.091    13.341 r  clk_IBUF_BUFG_inst/O
                         net (fo=77, routed)          1.491    14.832    u_key_debouncer/CLK
    SLICE_X60Y75         FDCE                                         r  u_key_debouncer/btn_state_reg/C
                         clock pessimism              0.258    15.090    
                         clock uncertainty           -0.035    15.055    
    SLICE_X60Y75         FDCE (Setup_fdce_C_CE)      -0.169    14.886    u_key_debouncer/btn_state_reg
  -------------------------------------------------------------------
                         required time                         14.886    
                         arrival time                          -9.117    
  -------------------------------------------------------------------
                         slack                                  5.768    

Slack (MET) :             5.971ns  (required time - arrival time)
  Source:                 u_key_debouncer/count_reg[3]/C
                            (rising edge-triggered cell FDCE clocked by sys_clk_pin  {rise@0.000ns fall@5.000ns period=10.000ns})
  Destination:            u_key_debouncer/count_reg[7]/D
                            (rising edge-triggered cell FDCE clocked by sys_clk_pin  {rise@0.000ns fall@5.000ns period=10.000ns})
  Path Group:             sys_clk_pin
  Path Type:              Setup (Max at Slow Process Corner)
  Requirement:            10.000ns  (sys_clk_pin rise@10.000ns - sys_clk_pin rise@0.000ns)
  Data Path Delay:        4.001ns  (logic 0.828ns (20.695%)  route 3.173ns (79.305%))
  Logic Levels:           3  (LUT6=3)
  Clock Path Skew:        -0.024ns (DCD - SCD + CPR)
    Destination Clock Delay (DCD):    4.833ns = ( 14.833 - 10.000 ) 
    Source Clock Delay      (SCD):    5.129ns
    Clock Pessimism Removal (CPR):    0.272ns
  Clock Uncertainty:      0.035ns  ((TSJ^2 + TIJ^2)^1/2 + DJ) / 2 + PE
    Total System Jitter     (TSJ):    0.071ns
    Total Input Jitter      (TIJ):    0.000ns
    Discrete Jitter          (DJ):    0.000ns
    Phase Error              (PE):    0.000ns

    Location             Delay type                Incr(ns)  Path(ns)    Netlist Resource(s)
  -------------------------------------------------------------------    -------------------
                         (clock sys_clk_pin rise edge)
                                                      0.000     0.000 r  
    W5                                                0.000     0.000 r  clk (IN)
                         net (fo=0)                   0.000     0.000    clk
    W5                   IBUF (Prop_ibuf_I_O)         1.458     1.458 r  clk_IBUF_inst/O
                         net (fo=1, routed)           1.967     3.425    clk_IBUF
    BUFGCTRL_X0Y0        BUFG (Prop_bufg_I_O)         0.096     3.521 r  clk_IBUF_BUFG_inst/O
                         net (fo=77, routed)          1.608     5.129    u_key_debouncer/CLK
    SLICE_X63Y73         FDCE                                         r  u_key_debouncer/count_reg[3]/C
  -------------------------------------------------------------------    -------------------
    SLICE_X63Y73         FDCE (Prop_fdce_C_Q)         0.456     5.585 f  u_key_debouncer/count_reg[3]/Q
                         net (fo=2, routed)           1.234     6.818    u_key_debouncer/count_reg_n_0_[3]
    SLICE_X64Y73         LUT6 (Prop_lut6_I0_O)        0.124     6.942 r  u_key_debouncer/btn_state_i_4__1/O
                         net (fo=1, routed)           1.002     7.944    u_key_debouncer/btn_state_i_4__1_n_0
    SLICE_X63Y75         LUT6 (Prop_lut6_I1_O)        0.124     8.068 r  u_key_debouncer/btn_state_i_3__1/O
                         net (fo=21, routed)          0.937     9.006    u_key_debouncer/btn_state_i_3__1_n_0
    SLICE_X63Y74         LUT6 (Prop_lut6_I2_O)        0.124     9.130 r  u_key_debouncer/count[7]_i_1__1/O
                         net (fo=1, routed)           0.000     9.130    u_key_debouncer/count[7]_i_1__1_n_0
    SLICE_X63Y74         FDCE                                         r  u_key_debouncer/count_reg[7]/D
  -------------------------------------------------------------------    -------------------

                         (clock sys_clk_pin rise edge)
                                                     10.000    10.000 r  
    W5                                                0.000    10.000 r  clk (IN)
                         net (fo=0)                   0.000    10.000    clk
    W5                   IBUF (Prop_ibuf_I_O)         1.388    11.388 r  clk_IBUF_inst/O
                         net (fo=1, routed)           1.862    13.250    clk_IBUF
    BUFGCTRL_X0Y0        BUFG (Prop_bufg_I_O)         0.091    13.341 r  clk_IBUF_BUFG_inst/O
                         net (fo=77, routed)          1.492    14.833    u_key_debouncer/CLK
    SLICE_X63Y74         FDCE                                         r  u_key_debouncer/count_reg[7]/C
                         clock pessimism              0.272    15.105    
                         clock uncertainty           -0.035    15.070    
    SLICE_X63Y74         FDCE (Setup_fdce_C_D)        0.031    15.101    u_key_debouncer/count_reg[7]
  -------------------------------------------------------------------
                         required time                         15.101    
                         arrival time                          -9.130    
  -------------------------------------------------------------------
                         slack                                  5.971    

Slack (MET) :             5.985ns  (required time - arrival time)
  Source:                 u_key_debouncer/count_reg[3]/C
                            (rising edge-triggered cell FDCE clocked by sys_clk_pin  {rise@0.000ns fall@5.000ns period=10.000ns})
  Destination:            u_key_debouncer/count_reg[11]/D
                            (rising edge-triggered cell FDCE clocked by sys_clk_pin  {rise@0.000ns fall@5.000ns period=10.000ns})
  Path Group:             sys_clk_pin
  Path Type:              Setup (Max at Slow Process Corner)
  Requirement:            10.000ns  (sys_clk_pin rise@10.000ns - sys_clk_pin rise@0.000ns)
  Data Path Delay:        3.969ns  (logic 0.828ns (20.859%)  route 3.141ns (79.141%))
  Logic Levels:           3  (LUT6=3)
  Clock Path Skew:        -0.039ns (DCD - SCD + CPR)
    Destination Clock Delay (DCD):    4.832ns = ( 14.832 - 10.000 ) 
    Source Clock Delay      (SCD):    5.129ns
    Clock Pessimism Removal (CPR):    0.258ns
  Clock Uncertainty:      0.035ns  ((TSJ^2 + TIJ^2)^1/2 + DJ) / 2 + PE
    Total System Jitter     (TSJ):    0.071ns
    Total Input Jitter      (TIJ):    0.000ns
    Discrete Jitter          (DJ):    0.000ns
    Phase Error              (PE):    0.000ns

    Location             Delay type                Incr(ns)  Path(ns)    Netlist Resource(s)
  -------------------------------------------------------------------    -------------------
                         (clock sys_clk_pin rise edge)
                                                      0.000     0.000 r  
    W5                                                0.000     0.000 r  clk (IN)
                         net (fo=0)                   0.000     0.000    clk
    W5                   IBUF (Prop_ibuf_I_O)         1.458     1.458 r  clk_IBUF_inst/O
                         net (fo=1, routed)           1.967     3.425    clk_IBUF
    BUFGCTRL_X0Y0        BUFG (Prop_bufg_I_O)         0.096     3.521 r  clk_IBUF_BUFG_inst/O
                         net (fo=77, routed)          1.608     5.129    u_key_debouncer/CLK
    SLICE_X63Y73         FDCE                                         r  u_key_debouncer/count_reg[3]/C
  -------------------------------------------------------------------    -------------------
    SLICE_X63Y73         FDCE (Prop_fdce_C_Q)         0.456     5.585 f  u_key_debouncer/count_reg[3]/Q
                         net (fo=2, routed)           1.234     6.818    u_key_debouncer/count_reg_n_0_[3]
    SLICE_X64Y73         LUT6 (Prop_lut6_I0_O)        0.124     6.942 r  u_key_debouncer/btn_state_i_4__1/O
                         net (fo=1, routed)           1.002     7.944    u_key_debouncer/btn_state_i_4__1_n_0
    SLICE_X63Y75         LUT6 (Prop_lut6_I1_O)        0.124     8.068 r  u_key_debouncer/btn_state_i_3__1/O
                         net (fo=21, routed)          0.906     8.974    u_key_debouncer/btn_state_i_3__1_n_0
    SLICE_X61Y75         LUT6 (Prop_lut6_I2_O)        0.124     9.098 r  u_key_debouncer/count[11]_i_1__1/O
                         net (fo=1, routed)           0.000     9.098    u_key_debouncer/count[11]_i_1__1_n_0
    SLICE_X61Y75         FDCE                                         r  u_key_debouncer/count_reg[11]/D
  -------------------------------------------------------------------    -------------------

                         (clock sys_clk_pin rise edge)
                                                     10.000    10.000 r  
    W5                                                0.000    10.000 r  clk (IN)
                         net (fo=0)                   0.000    10.000    clk
    W5                   IBUF (Prop_ibuf_I_O)         1.388    11.388 r  clk_IBUF_inst/O
                         net (fo=1, routed)           1.862    13.250    clk_IBUF
    BUFGCTRL_X0Y0        BUFG (Prop_bufg_I_O)         0.091    13.341 r  clk_IBUF_BUFG_inst/O
                         net (fo=77, routed)          1.491    14.832    u_key_debouncer/CLK
    SLICE_X61Y75         FDCE                                         r  u_key_debouncer/count_reg[11]/C
                         clock pessimism              0.258    15.090    
                         clock uncertainty           -0.035    15.055    
    SLICE_X61Y75         FDCE (Setup_fdce_C_D)        0.029    15.084    u_key_debouncer/count_reg[11]
  -------------------------------------------------------------------
                         required time                         15.084    
                         arrival time                          -9.098    
  -------------------------------------------------------------------
                         slack                                  5.985    

Slack (MET) :             5.988ns  (required time - arrival time)
  Source:                 u_key_debouncer/count_reg[3]/C
                            (rising edge-triggered cell FDCE clocked by sys_clk_pin  {rise@0.000ns fall@5.000ns period=10.000ns})
  Destination:            u_key_debouncer/count_reg[12]/D
                            (rising edge-triggered cell FDCE clocked by sys_clk_pin  {rise@0.000ns fall@5.000ns period=10.000ns})
  Path Group:             sys_clk_pin
  Path Type:              Setup (Max at Slow Process Corner)
  Requirement:            10.000ns  (sys_clk_pin rise@10.000ns - sys_clk_pin rise@0.000ns)
  Data Path Delay:        3.968ns  (logic 0.828ns (20.864%)  route 3.140ns (79.136%))
  Logic Levels:           3  (LUT6=3)
  Clock Path Skew:        -0.039ns (DCD - SCD + CPR)
    Destination Clock Delay (DCD):    4.832ns = ( 14.832 - 10.000 ) 
    Source Clock Delay      (SCD):    5.129ns
    Clock Pessimism Removal (CPR):    0.258ns
  Clock Uncertainty:      0.035ns  ((TSJ^2 + TIJ^2)^1/2 + DJ) / 2 + PE
    Total System Jitter     (TSJ):    0.071ns
    Total Input Jitter      (TIJ):    0.000ns
    Discrete Jitter          (DJ):    0.000ns
    Phase Error              (PE):    0.000ns

    Location             Delay type                Incr(ns)  Path(ns)    Netlist Resource(s)
  -------------------------------------------------------------------    -------------------
                         (clock sys_clk_pin rise edge)
                                                      0.000     0.000 r  
    W5                                                0.000     0.000 r  clk (IN)
                         net (fo=0)                   0.000     0.000    clk
    W5                   IBUF (Prop_ibuf_I_O)         1.458     1.458 r  clk_IBUF_inst/O
                         net (fo=1, routed)           1.967     3.425    clk_IBUF
    BUFGCTRL_X0Y0        BUFG (Prop_bufg_I_O)         0.096     3.521 r  clk_IBUF_BUFG_inst/O
                         net (fo=77, routed)          1.608     5.129    u_key_debouncer/CLK
    SLICE_X63Y73         FDCE                                         r  u_key_debouncer/count_reg[3]/C
  -------------------------------------------------------------------    -------------------
    SLICE_X63Y73         FDCE (Prop_fdce_C_Q)         0.456     5.585 f  u_key_debouncer/count_reg[3]/Q
                         net (fo=2, routed)           1.234     6.818    u_key_debouncer/count_reg_n_0_[3]
    SLICE_X64Y73         LUT6 (Prop_lut6_I0_O)        0.124     6.942 r  u_key_debouncer/btn_state_i_4__1/O
                         net (fo=1, routed)           1.002     7.944    u_key_debouncer/btn_state_i_4__1_n_0
    SLICE_X63Y75         LUT6 (Prop_lut6_I1_O)        0.124     8.068 r  u_key_debouncer/btn_state_i_3__1/O
                         net (fo=21, routed)          0.905     8.973    u_key_debouncer/btn_state_i_3__1_n_0
    SLICE_X61Y75         LUT6 (Prop_lut6_I2_O)        0.124     9.097 r  u_key_debouncer/count[12]_i_1__1/O
                         net (fo=1, routed)           0.000     9.097    u_key_debouncer/count[12]_i_1__1_n_0
    SLICE_X61Y75         FDCE                                         r  u_key_debouncer/count_reg[12]/D
  -------------------------------------------------------------------    -------------------

                         (clock sys_clk_pin rise edge)
                                                     10.000    10.000 r  
    W5                                                0.000    10.000 r  clk (IN)
                         net (fo=0)                   0.000    10.000    clk
    W5                   IBUF (Prop_ibuf_I_O)         1.388    11.388 r  clk_IBUF_inst/O
                         net (fo=1, routed)           1.862    13.250    clk_IBUF
    BUFGCTRL_X0Y0        BUFG (Prop_bufg_I_O)         0.091    13.341 r  clk_IBUF_BUFG_inst/O
                         net (fo=77, routed)          1.491    14.832    u_key_debouncer/CLK
    SLICE_X61Y75         FDCE                                         r  u_key_debouncer/count_reg[12]/C
                         clock pessimism              0.258    15.090    
                         clock uncertainty           -0.035    15.055    
    SLICE_X61Y75         FDCE (Setup_fdce_C_D)        0.031    15.086    u_key_debouncer/count_reg[12]
  -------------------------------------------------------------------
                         required time                         15.086    
                         arrival time                          -9.097    
  -------------------------------------------------------------------
                         slack                                  5.988    

Slack (MET) :             6.095ns  (required time - arrival time)
  Source:                 u_s2_debouncer/count_reg[1]/C
                            (rising edge-triggered cell FDCE clocked by sys_clk_pin  {rise@0.000ns fall@5.000ns period=10.000ns})
  Destination:            u_s2_debouncer/count_reg[14]/D
                            (rising edge-triggered cell FDCE clocked by sys_clk_pin  {rise@0.000ns fall@5.000ns period=10.000ns})
  Path Group:             sys_clk_pin
  Path Type:              Setup (Max at Slow Process Corner)
  Requirement:            10.000ns  (sys_clk_pin rise@10.000ns - sys_clk_pin rise@0.000ns)
  Data Path Delay:        3.872ns  (logic 2.115ns (54.626%)  route 1.757ns (45.374%))
  Logic Levels:           5  (CARRY4=4 LUT4=1)
  Clock Path Skew:        -0.027ns (DCD - SCD + CPR)
    Destination Clock Delay (DCD):    4.854ns = ( 14.854 - 10.000 ) 
    Source Clock Delay      (SCD):    5.155ns
    Clock Pessimism Removal (CPR):    0.274ns
  Clock Uncertainty:      0.035ns  ((TSJ^2 + TIJ^2)^1/2 + DJ) / 2 + PE
    Total System Jitter     (TSJ):    0.071ns
    Total Input Jitter      (TIJ):    0.000ns
    Discrete Jitter          (DJ):    0.000ns
    Phase Error              (PE):    0.000ns

    Location             Delay type                Incr(ns)  Path(ns)    Netlist Resource(s)
  -------------------------------------------------------------------    -------------------
                         (clock sys_clk_pin rise edge)
                                                      0.000     0.000 r  
    W5                                                0.000     0.000 r  clk (IN)
                         net (fo=0)                   0.000     0.000    clk
    W5                   IBUF (Prop_ibuf_I_O)         1.458     1.458 r  clk_IBUF_inst/O
                         net (fo=1, routed)           1.967     3.425    clk_IBUF
    BUFGCTRL_X0Y0        BUFG (Prop_bufg_I_O)         0.096     3.521 r  clk_IBUF_BUFG_inst/O
                         net (fo=77, routed)          1.634     5.155    u_s2_debouncer/CLK
    SLICE_X0Y12          FDCE                                         r  u_s2_debouncer/count_reg[1]/C
  -------------------------------------------------------------------    -------------------
    SLICE_X0Y12          FDCE (Prop_fdce_C_Q)         0.419     5.574 r  u_s2_debouncer/count_reg[1]/Q
                         net (fo=1, routed)           0.647     6.221    u_s2_debouncer/count_reg_n_0_[1]
    SLICE_X1Y12          CARRY4 (Prop_carry4_S[0]_CO[3])
                                                      0.831     7.052 r  u_s2_debouncer/count0_carry/CO[3]
                         net (fo=1, routed)           0.000     7.052    u_s2_debouncer/count0_carry_n_0
    SLICE_X1Y13          CARRY4 (Prop_carry4_CI_CO[3])
                                                      0.114     7.166 r  u_s2_debouncer/count0_carry__0/CO[3]
                         net (fo=1, routed)           0.000     7.166    u_s2_debouncer/count0_carry__0_n_0
    SLICE_X1Y14          CARRY4 (Prop_carry4_CI_CO[3])
                                                      0.114     7.280 r  u_s2_debouncer/count0_carry__1/CO[3]
                         net (fo=1, routed)           0.000     7.280    u_s2_debouncer/count0_carry__1_n_0
    SLICE_X1Y15          CARRY4 (Prop_carry4_CI_O[1])
                                                      0.334     7.614 r  u_s2_debouncer/count0_carry__2/O[1]
                         net (fo=1, routed)           1.110     8.724    u_s2_debouncer/count0_carry__2_n_6
    SLICE_X0Y15          LUT4 (Prop_lut4_I0_O)        0.303     9.027 r  u_s2_debouncer/count[14]_i_1__0/O
                         net (fo=1, routed)           0.000     9.027    u_s2_debouncer/count[14]_i_1__0_n_0
    SLICE_X0Y15          FDCE                                         r  u_s2_debouncer/count_reg[14]/D
  -------------------------------------------------------------------    -------------------

                         (clock sys_clk_pin rise edge)
                                                     10.000    10.000 r  
    W5                                                0.000    10.000 r  clk (IN)
                         net (fo=0)                   0.000    10.000    clk
    W5                   IBUF (Prop_ibuf_I_O)         1.388    11.388 r  clk_IBUF_inst/O
                         net (fo=1, routed)           1.862    13.250    clk_IBUF
    BUFGCTRL_X0Y0        BUFG (Prop_bufg_I_O)         0.091    13.341 r  clk_IBUF_BUFG_inst/O
                         net (fo=77, routed)          1.513    14.854    u_s2_debouncer/CLK
    SLICE_X0Y15          FDCE                                         r  u_s2_debouncer/count_reg[14]/C
                         clock pessimism              0.274    15.128    
                         clock uncertainty           -0.035    15.093    
    SLICE_X0Y15          FDCE (Setup_fdce_C_D)        0.029    15.122    u_s2_debouncer/count_reg[14]
  -------------------------------------------------------------------
                         required time                         15.122    
                         arrival time                          -9.027    
  -------------------------------------------------------------------
                         slack                                  6.095    

Slack (MET) :             6.183ns  (required time - arrival time)
  Source:                 u_s2_debouncer/count_reg[9]/C
                            (rising edge-triggered cell FDCE clocked by sys_clk_pin  {rise@0.000ns fall@5.000ns period=10.000ns})
  Destination:            u_s2_debouncer/btn_state_reg/CE
                            (rising edge-triggered cell FDCE clocked by sys_clk_pin  {rise@0.000ns fall@5.000ns period=10.000ns})
  Path Group:             sys_clk_pin
  Path Type:              Setup (Max at Slow Process Corner)
  Requirement:            10.000ns  (sys_clk_pin rise@10.000ns - sys_clk_pin rise@0.000ns)
  Data Path Delay:        3.552ns  (logic 0.963ns (27.109%)  route 2.589ns (72.891%))
  Logic Levels:           3  (LUT3=1 LUT4=1 LUT6=1)
  Clock Path Skew:        -0.024ns (DCD - SCD + CPR)
    Destination Clock Delay (DCD):    4.856ns = ( 14.856 - 10.000 ) 
    Source Clock Delay      (SCD):    5.154ns
    Clock Pessimism Removal (CPR):    0.274ns
  Clock Uncertainty:      0.035ns  ((TSJ^2 + TIJ^2)^1/2 + DJ) / 2 + PE
    Total System Jitter     (TSJ):    0.071ns
    Total Input Jitter      (TIJ):    0.000ns
    Discrete Jitter          (DJ):    0.000ns
    Phase Error              (PE):    0.000ns

    Location             Delay type                Incr(ns)  Path(ns)    Netlist Resource(s)
  -------------------------------------------------------------------    -------------------
                         (clock sys_clk_pin rise edge)
                                                      0.000     0.000 r  
    W5                                                0.000     0.000 r  clk (IN)
                         net (fo=0)                   0.000     0.000    clk
    W5                   IBUF (Prop_ibuf_I_O)         1.458     1.458 r  clk_IBUF_inst/O
                         net (fo=1, routed)           1.967     3.425    clk_IBUF
    BUFGCTRL_X0Y0        BUFG (Prop_bufg_I_O)         0.096     3.521 r  clk_IBUF_BUFG_inst/O
                         net (fo=77, routed)          1.633     5.154    u_s2_debouncer/CLK
    SLICE_X0Y13          FDCE                                         r  u_s2_debouncer/count_reg[9]/C
  -------------------------------------------------------------------    -------------------
    SLICE_X0Y13          FDCE (Prop_fdce_C_Q)         0.419     5.573 r  u_s2_debouncer/count_reg[9]/Q
                         net (fo=2, routed)           1.046     6.619    u_s2_debouncer/count_reg_n_0_[9]
    SLICE_X0Y13          LUT6 (Prop_lut6_I0_O)        0.296     6.915 f  u_s2_debouncer/btn_state_i_4__0/O
                         net (fo=1, routed)           0.440     7.355    u_s2_debouncer/btn_state_i_4__0_n_0
    SLICE_X0Y15          LUT4 (Prop_lut4_I1_O)        0.124     7.479 f  u_s2_debouncer/btn_state_i_2__0/O
                         net (fo=19, routed)          0.724     8.203    u_s2_debouncer/btn_state_i_2__0_n_0
    SLICE_X0Y12          LUT3 (Prop_lut3_I2_O)        0.124     8.327 r  u_s2_debouncer/btn_state_i_1__0/O
                         net (fo=1, routed)           0.379     8.707    u_s2_debouncer/btn_state
    SLICE_X1Y12          FDCE                                         r  u_s2_debouncer/btn_state_reg/CE
  -------------------------------------------------------------------    -------------------

                         (clock sys_clk_pin rise edge)
                                                     10.000    10.000 r  
    W5                                                0.000    10.000 r  clk (IN)
                         net (fo=0)                   0.000    10.000    clk
    W5                   IBUF (Prop_ibuf_I_O)         1.388    11.388 r  clk_IBUF_inst/O
                         net (fo=1, routed)           1.862    13.250    clk_IBUF
    BUFGCTRL_X0Y0        BUFG (Prop_bufg_I_O)         0.091    13.341 r  clk_IBUF_BUFG_inst/O
                         net (fo=77, routed)          1.515    14.856    u_s2_debouncer/CLK
    SLICE_X1Y12          FDCE                                         r  u_s2_debouncer/btn_state_reg/C
                         clock pessimism              0.274    15.130    
                         clock uncertainty           -0.035    15.095    
    SLICE_X1Y12          FDCE (Setup_fdce_C_CE)      -0.205    14.890    u_s2_debouncer/btn_state_reg
  -------------------------------------------------------------------
                         required time                         14.890    
                         arrival time                          -8.707    
  -------------------------------------------------------------------
                         slack                                  6.183    

Slack (MET) :             6.185ns  (required time - arrival time)
  Source:                 u_s2_debouncer/count_reg[1]/C
                            (rising edge-triggered cell FDCE clocked by sys_clk_pin  {rise@0.000ns fall@5.000ns period=10.000ns})
  Destination:            u_s2_debouncer/count_reg[15]/D
                            (rising edge-triggered cell FDCE clocked by sys_clk_pin  {rise@0.000ns fall@5.000ns period=10.000ns})
  Path Group:             sys_clk_pin
  Path Type:              Setup (Max at Slow Process Corner)
  Requirement:            10.000ns  (sys_clk_pin rise@10.000ns - sys_clk_pin rise@0.000ns)
  Data Path Delay:        3.784ns  (logic 2.019ns (53.362%)  route 1.765ns (46.638%))
  Logic Levels:           5  (CARRY4=4 LUT4=1)
  Clock Path Skew:        -0.027ns (DCD - SCD + CPR)
    Destination Clock Delay (DCD):    4.854ns = ( 14.854 - 10.000 ) 
    Source Clock Delay      (SCD):    5.155ns
    Clock Pessimism Removal (CPR):    0.274ns
  Clock Uncertainty:      0.035ns  ((TSJ^2 + TIJ^2)^1/2 + DJ) / 2 + PE
    Total System Jitter     (TSJ):    0.071ns
    Total Input Jitter      (TIJ):    0.000ns
    Discrete Jitter          (DJ):    0.000ns
    Phase Error              (PE):    0.000ns

    Location             Delay type                Incr(ns)  Path(ns)    Netlist Resource(s)
  -------------------------------------------------------------------    -------------------
                         (clock sys_clk_pin rise edge)
                                                      0.000     0.000 r  
    W5                                                0.000     0.000 r  clk (IN)
                         net (fo=0)                   0.000     0.000    clk
    W5                   IBUF (Prop_ibuf_I_O)         1.458     1.458 r  clk_IBUF_inst/O
                         net (fo=1, routed)           1.967     3.425    clk_IBUF
    BUFGCTRL_X0Y0        BUFG (Prop_bufg_I_O)         0.096     3.521 r  clk_IBUF_BUFG_inst/O
                         net (fo=77, routed)          1.634     5.155    u_s2_debouncer/CLK
    SLICE_X0Y12          FDCE                                         r  u_s2_debouncer/count_reg[1]/C
  -------------------------------------------------------------------    -------------------
    SLICE_X0Y12          FDCE (Prop_fdce_C_Q)         0.419     5.574 r  u_s2_debouncer/count_reg[1]/Q
                         net (fo=1, routed)           0.647     6.221    u_s2_debouncer/count_reg_n_0_[1]
    SLICE_X1Y12          CARRY4 (Prop_carry4_S[0]_CO[3])
                                                      0.831     7.052 r  u_s2_debouncer/count0_carry/CO[3]
                         net (fo=1, routed)           0.000     7.052    u_s2_debouncer/count0_carry_n_0
    SLICE_X1Y13          CARRY4 (Prop_carry4_CI_CO[3])
                                                      0.114     7.166 r  u_s2_debouncer/count0_carry__0/CO[3]
                         net (fo=1, routed)           0.000     7.166    u_s2_debouncer/count0_carry__0_n_0
    SLICE_X1Y14          CARRY4 (Prop_carry4_CI_CO[3])
                                                      0.114     7.280 r  u_s2_debouncer/count0_carry__1/CO[3]
                         net (fo=1, routed)           0.000     7.280    u_s2_debouncer/count0_carry__1_n_0
    SLICE_X1Y15          CARRY4 (Prop_carry4_CI_O[2])
                                                      0.239     7.519 r  u_s2_debouncer/count0_carry__2/O[2]
                         net (fo=1, routed)           1.118     8.637    u_s2_debouncer/count0_carry__2_n_5
    SLICE_X0Y15          LUT4 (Prop_lut4_I0_O)        0.302     8.939 r  u_s2_debouncer/count[15]_i_1__0/O
                         net (fo=1, routed)           0.000     8.939    u_s2_debouncer/count[15]_i_1__0_n_0
    SLICE_X0Y15          FDCE                                         r  u_s2_debouncer/count_reg[15]/D
  -------------------------------------------------------------------    -------------------

                         (clock sys_clk_pin rise edge)
                                                     10.000    10.000 r  
    W5                                                0.000    10.000 r  clk (IN)
                         net (fo=0)                   0.000    10.000    clk
    W5                   IBUF (Prop_ibuf_I_O)         1.388    11.388 r  clk_IBUF_inst/O
                         net (fo=1, routed)           1.862    13.250    clk_IBUF
    BUFGCTRL_X0Y0        BUFG (Prop_bufg_I_O)         0.091    13.341 r  clk_IBUF_BUFG_inst/O
                         net (fo=77, routed)          1.513    14.854    u_s2_debouncer/CLK
    SLICE_X0Y15          FDCE                                         r  u_s2_debouncer/count_reg[15]/C
                         clock pessimism              0.274    15.128    
                         clock uncertainty           -0.035    15.093    
    SLICE_X0Y15          FDCE (Setup_fdce_C_D)        0.031    15.124    u_s2_debouncer/count_reg[15]
  -------------------------------------------------------------------
                         required time                         15.124    
                         arrival time                          -8.939    
  -------------------------------------------------------------------
                         slack                                  6.185    

Slack (MET) :             6.195ns  (required time - arrival time)
  Source:                 u_key_debouncer/count_reg[3]/C
                            (rising edge-triggered cell FDCE clocked by sys_clk_pin  {rise@0.000ns fall@5.000ns period=10.000ns})
  Destination:            u_key_debouncer/count_reg[8]/D
                            (rising edge-triggered cell FDCE clocked by sys_clk_pin  {rise@0.000ns fall@5.000ns period=10.000ns})
  Path Group:             sys_clk_pin
  Path Type:              Setup (Max at Slow Process Corner)
  Requirement:            10.000ns  (sys_clk_pin rise@10.000ns - sys_clk_pin rise@0.000ns)
  Data Path Delay:        3.778ns  (logic 0.828ns (21.917%)  route 2.950ns (78.083%))
  Logic Levels:           3  (LUT6=3)
  Clock Path Skew:        -0.024ns (DCD - SCD + CPR)
    Destination Clock Delay (DCD):    4.833ns = ( 14.833 - 10.000 ) 
    Source Clock Delay      (SCD):    5.129ns
    Clock Pessimism Removal (CPR):    0.272ns
  Clock Uncertainty:      0.035ns  ((TSJ^2 + TIJ^2)^1/2 + DJ) / 2 + PE
    Total System Jitter     (TSJ):    0.071ns
    Total Input Jitter      (TIJ):    0.000ns
    Discrete Jitter          (DJ):    0.000ns
    Phase Error              (PE):    0.000ns

    Location             Delay type                Incr(ns)  Path(ns)    Netlist Resource(s)
  -------------------------------------------------------------------    -------------------
                         (clock sys_clk_pin rise edge)
                                                      0.000     0.000 r  
    W5                                                0.000     0.000 r  clk (IN)
                         net (fo=0)                   0.000     0.000    clk
    W5                   IBUF (Prop_ibuf_I_O)         1.458     1.458 r  clk_IBUF_inst/O
                         net (fo=1, routed)           1.967     3.425    clk_IBUF
    BUFGCTRL_X0Y0        BUFG (Prop_bufg_I_O)         0.096     3.521 r  clk_IBUF_BUFG_inst/O
                         net (fo=77, routed)          1.608     5.129    u_key_debouncer/CLK
    SLICE_X63Y73         FDCE                                         r  u_key_debouncer/count_reg[3]/C
  -------------------------------------------------------------------    -------------------
    SLICE_X63Y73         FDCE (Prop_fdce_C_Q)         0.456     5.585 f  u_key_debouncer/count_reg[3]/Q
                         net (fo=2, routed)           1.234     6.818    u_key_debouncer/count_reg_n_0_[3]
    SLICE_X64Y73         LUT6 (Prop_lut6_I0_O)        0.124     6.942 r  u_key_debouncer/btn_state_i_4__1/O
                         net (fo=1, routed)           1.002     7.944    u_key_debouncer/btn_state_i_4__1_n_0
    SLICE_X63Y75         LUT6 (Prop_lut6_I1_O)        0.124     8.068 r  u_key_debouncer/btn_state_i_3__1/O
                         net (fo=21, routed)          0.714     8.783    u_key_debouncer/btn_state_i_3__1_n_0
    SLICE_X63Y74         LUT6 (Prop_lut6_I2_O)        0.124     8.907 r  u_key_debouncer/count[8]_i_1__1/O
                         net (fo=1, routed)           0.000     8.907    u_key_debouncer/count[8]_i_1__1_n_0
    SLICE_X63Y74         FDCE                                         r  u_key_debouncer/count_reg[8]/D
  -------------------------------------------------------------------    -------------------

                         (clock sys_clk_pin rise edge)
                                                     10.000    10.000 r  
    W5                                                0.000    10.000 r  clk (IN)
                         net (fo=0)                   0.000    10.000    clk
    W5                   IBUF (Prop_ibuf_I_O)         1.388    11.388 r  clk_IBUF_inst/O
                         net (fo=1, routed)           1.862    13.250    clk_IBUF
    BUFGCTRL_X0Y0        BUFG (Prop_bufg_I_O)         0.091    13.341 r  clk_IBUF_BUFG_inst/O
                         net (fo=77, routed)          1.492    14.833    u_key_debouncer/CLK
    SLICE_X63Y74         FDCE                                         r  u_key_debouncer/count_reg[8]/C
                         clock pessimism              0.272    15.105    
                         clock uncertainty           -0.035    15.070    
    SLICE_X63Y74         FDCE (Setup_fdce_C_D)        0.032    15.102    u_key_debouncer/count_reg[8]
  -------------------------------------------------------------------
                         required time                         15.102    
                         arrival time                          -8.907    
  -------------------------------------------------------------------
                         slack                                  6.195    

Slack (MET) :             6.221ns  (required time - arrival time)
  Source:                 u_key_debouncer/count_reg[3]/C
                            (rising edge-triggered cell FDCE clocked by sys_clk_pin  {rise@0.000ns fall@5.000ns period=10.000ns})
  Destination:            u_key_debouncer/count_reg[13]/D
                            (rising edge-triggered cell FDCE clocked by sys_clk_pin  {rise@0.000ns fall@5.000ns period=10.000ns})
  Path Group:             sys_clk_pin
  Path Type:              Setup (Max at Slow Process Corner)
  Requirement:            10.000ns  (sys_clk_pin rise@10.000ns - sys_clk_pin rise@0.000ns)
  Data Path Delay:        3.736ns  (logic 0.828ns (22.161%)  route 2.908ns (77.839%))
  Logic Levels:           3  (LUT6=3)
  Clock Path Skew:        -0.036ns (DCD - SCD + CPR)
    Destination Clock Delay (DCD):    4.835ns = ( 14.835 - 10.000 ) 
    Source Clock Delay      (SCD):    5.129ns
    Clock Pessimism Removal (CPR):    0.258ns
  Clock Uncertainty:      0.035ns  ((TSJ^2 + TIJ^2)^1/2 + DJ) / 2 + PE
    Total System Jitter     (TSJ):    0.071ns
    Total Input Jitter      (TIJ):    0.000ns
    Discrete Jitter          (DJ):    0.000ns
    Phase Error              (PE):    0.000ns

    Location             Delay type                Incr(ns)  Path(ns)    Netlist Resource(s)
  -------------------------------------------------------------------    -------------------
                         (clock sys_clk_pin rise edge)
                                                      0.000     0.000 r  
    W5                                                0.000     0.000 r  clk (IN)
                         net (fo=0)                   0.000     0.000    clk
    W5                   IBUF (Prop_ibuf_I_O)         1.458     1.458 r  clk_IBUF_inst/O
                         net (fo=1, routed)           1.967     3.425    clk_IBUF
    BUFGCTRL_X0Y0        BUFG (Prop_bufg_I_O)         0.096     3.521 r  clk_IBUF_BUFG_inst/O
                         net (fo=77, routed)          1.608     5.129    u_key_debouncer/CLK
    SLICE_X63Y73         FDCE                                         r  u_key_debouncer/count_reg[3]/C
  -------------------------------------------------------------------    -------------------
    SLICE_X63Y73         FDCE (Prop_fdce_C_Q)         0.456     5.585 f  u_key_debouncer/count_reg[3]/Q
                         net (fo=2, routed)           1.234     6.818    u_key_debouncer/count_reg_n_0_[3]
    SLICE_X64Y73         LUT6 (Prop_lut6_I0_O)        0.124     6.942 r  u_key_debouncer/btn_state_i_4__1/O
                         net (fo=1, routed)           1.002     7.944    u_key_debouncer/btn_state_i_4__1_n_0
    SLICE_X63Y75         LUT6 (Prop_lut6_I1_O)        0.124     8.068 r  u_key_debouncer/btn_state_i_3__1/O
                         net (fo=21, routed)          0.673     8.741    u_key_debouncer/btn_state_i_3__1_n_0
    SLICE_X63Y76         LUT6 (Prop_lut6_I2_O)        0.124     8.865 r  u_key_debouncer/count[13]_i_1__1/O
                         net (fo=1, routed)           0.000     8.865    u_key_debouncer/count[13]_i_1__1_n_0
    SLICE_X63Y76         FDCE                                         r  u_key_debouncer/count_reg[13]/D
  -------------------------------------------------------------------    -------------------

                         (clock sys_clk_pin rise edge)
                                                     10.000    10.000 r  
    W5                                                0.000    10.000 r  clk (IN)
                         net (fo=0)                   0.000    10.000    clk
    W5                   IBUF (Prop_ibuf_I_O)         1.388    11.388 r  clk_IBUF_inst/O
                         net (fo=1, routed)           1.862    13.250    clk_IBUF
    BUFGCTRL_X0Y0        BUFG (Prop_bufg_I_O)         0.091    13.341 r  clk_IBUF_BUFG_inst/O
                         net (fo=77, routed)          1.494    14.835    u_key_debouncer/CLK
    SLICE_X63Y76         FDCE                                         r  u_key_debouncer/count_reg[13]/C
                         clock pessimism              0.258    15.093    
                         clock uncertainty           -0.035    15.058    
    SLICE_X63Y76         FDCE (Setup_fdce_C_D)        0.029    15.087    u_key_debouncer/count_reg[13]
  -------------------------------------------------------------------
                         required time                         15.087    
                         arrival time                          -8.865    
  -------------------------------------------------------------------
                         slack                                  6.221    

Slack (MET) :             6.229ns  (required time - arrival time)
  Source:                 u_s1_debouncer/count_reg[1]/C
                            (rising edge-triggered cell FDCE clocked by sys_clk_pin  {rise@0.000ns fall@5.000ns period=10.000ns})
  Destination:            u_s1_debouncer/count_reg[14]/D
                            (rising edge-triggered cell FDCE clocked by sys_clk_pin  {rise@0.000ns fall@5.000ns period=10.000ns})
  Path Group:             sys_clk_pin
  Path Type:              Setup (Max at Slow Process Corner)
  Requirement:            10.000ns  (sys_clk_pin rise@10.000ns - sys_clk_pin rise@0.000ns)
  Data Path Delay:        3.738ns  (logic 2.094ns (56.020%)  route 1.644ns (43.980%))
  Logic Levels:           5  (CARRY4=4 LUT4=1)
  Clock Path Skew:        -0.027ns (DCD - SCD + CPR)
    Destination Clock Delay (DCD):    4.853ns = ( 14.853 - 10.000 ) 
    Source Clock Delay      (SCD):    5.154ns
    Clock Pessimism Removal (CPR):    0.274ns
  Clock Uncertainty:      0.035ns  ((TSJ^2 + TIJ^2)^1/2 + DJ) / 2 + PE
    Total System Jitter     (TSJ):    0.071ns
    Total Input Jitter      (TIJ):    0.000ns
    Discrete Jitter          (DJ):    0.000ns
    Phase Error              (PE):    0.000ns

    Location             Delay type                Incr(ns)  Path(ns)    Netlist Resource(s)
  -------------------------------------------------------------------    -------------------
                         (clock sys_clk_pin rise edge)
                                                      0.000     0.000 r  
    W5                                                0.000     0.000 r  clk (IN)
                         net (fo=0)                   0.000     0.000    clk
    W5                   IBUF (Prop_ibuf_I_O)         1.458     1.458 r  clk_IBUF_inst/O
                         net (fo=1, routed)           1.967     3.425    clk_IBUF
    BUFGCTRL_X0Y0        BUFG (Prop_bufg_I_O)         0.096     3.521 r  clk_IBUF_BUFG_inst/O
                         net (fo=77, routed)          1.633     5.154    u_s1_debouncer/CLK
    SLICE_X3Y13          FDCE                                         r  u_s1_debouncer/count_reg[1]/C
  -------------------------------------------------------------------    -------------------
    SLICE_X3Y13          FDCE (Prop_fdce_C_Q)         0.419     5.573 r  u_s1_debouncer/count_reg[1]/Q
                         net (fo=1, routed)           0.834     6.407    u_s1_debouncer/count[1]
    SLICE_X2Y12          CARRY4 (Prop_carry4_S[0]_CO[3])
                                                      0.812     7.219 r  u_s1_debouncer/count0_carry/CO[3]
                         net (fo=1, routed)           0.000     7.219    u_s1_debouncer/count0_carry_n_0
    SLICE_X2Y13          CARRY4 (Prop_carry4_CI_CO[3])
                                                      0.117     7.336 r  u_s1_debouncer/count0_carry__0/CO[3]
                         net (fo=1, routed)           0.000     7.336    u_s1_debouncer/count0_carry__0_n_0
    SLICE_X2Y14          CARRY4 (Prop_carry4_CI_CO[3])
                                                      0.117     7.453 r  u_s1_debouncer/count0_carry__1/CO[3]
                         net (fo=1, routed)           0.000     7.453    u_s1_debouncer/count0_carry__1_n_0
    SLICE_X2Y15          CARRY4 (Prop_carry4_CI_O[1])
                                                      0.323     7.776 r  u_s1_debouncer/count0_carry__2/O[1]
                         net (fo=1, routed)           0.810     8.586    u_s1_debouncer/count0[14]
    SLICE_X3Y16          LUT4 (Prop_lut4_I0_O)        0.306     8.892 r  u_s1_debouncer/count[14]_i_1/O
                         net (fo=1, routed)           0.000     8.892    u_s1_debouncer/count[14]_i_1_n_0
    SLICE_X3Y16          FDCE                                         r  u_s1_debouncer/count_reg[14]/D
  -------------------------------------------------------------------    -------------------

                         (clock sys_clk_pin rise edge)
                                                     10.000    10.000 r  
    W5                                                0.000    10.000 r  clk (IN)
                         net (fo=0)                   0.000    10.000    clk
    W5                   IBUF (Prop_ibuf_I_O)         1.388    11.388 r  clk_IBUF_inst/O
                         net (fo=1, routed)           1.862    13.250    clk_IBUF
    BUFGCTRL_X0Y0        BUFG (Prop_bufg_I_O)         0.091    13.341 r  clk_IBUF_BUFG_inst/O
                         net (fo=77, routed)          1.512    14.853    u_s1_debouncer/CLK
    SLICE_X3Y16          FDCE                                         r  u_s1_debouncer/count_reg[14]/C
                         clock pessimism              0.274    15.127    
                         clock uncertainty           -0.035    15.092    
    SLICE_X3Y16          FDCE (Setup_fdce_C_D)        0.029    15.121    u_s1_debouncer/count_reg[14]
  -------------------------------------------------------------------
                         required time                         15.121    
                         arrival time                          -8.892    
  -------------------------------------------------------------------
                         slack                                  6.229    





Min Delay Paths
--------------------------------------------------------------------------------------
Slack (MET) :             0.185ns  (arrival time - required time)
  Source:                 u_rotary/r_prev_key_reg/C
                            (rising edge-triggered cell FDCE clocked by sys_clk_pin  {rise@0.000ns fall@5.000ns period=10.000ns})
  Destination:            u_rotary/r_led_toggle_reg/D
                            (rising edge-triggered cell FDCE clocked by sys_clk_pin  {rise@0.000ns fall@5.000ns period=10.000ns})
  Path Group:             sys_clk_pin
  Path Type:              Hold (Min at Fast Process Corner)
  Requirement:            0.000ns  (sys_clk_pin rise@0.000ns - sys_clk_pin rise@0.000ns)
  Data Path Delay:        0.305ns  (logic 0.246ns (80.588%)  route 0.059ns (19.412%))
  Logic Levels:           1  (LUT3=1)
  Clock Path Skew:        0.000ns (DCD - SCD - CPR)
    Destination Clock Delay (DCD):    1.975ns
    Source Clock Delay      (SCD):    1.463ns
    Clock Pessimism Removal (CPR):    0.512ns

    Location             Delay type                Incr(ns)  Path(ns)    Netlist Resource(s)
  -------------------------------------------------------------------    -------------------
                         (clock sys_clk_pin rise edge)
                                                      0.000     0.000 r  
    W5                                                0.000     0.000 r  clk (IN)
                         net (fo=0)                   0.000     0.000    clk
    W5                   IBUF (Prop_ibuf_I_O)         0.226     0.226 r  clk_IBUF_inst/O
                         net (fo=1, routed)           0.631     0.858    clk_IBUF
    BUFGCTRL_X0Y0        BUFG (Prop_bufg_I_O)         0.026     0.884 r  clk_IBUF_BUFG_inst/O
                         net (fo=77, routed)          0.580     1.463    u_rotary/CLK
    SLICE_X64Y75         FDCE                                         r  u_rotary/r_prev_key_reg/C
  -------------------------------------------------------------------    -------------------
    SLICE_X64Y75         FDCE (Prop_fdce_C_Q)         0.148     1.611 r  u_rotary/r_prev_key_reg/Q
                         net (fo=1, routed)           0.059     1.670    u_rotary/r_prev_key
    SLICE_X64Y75         LUT3 (Prop_lut3_I1_O)        0.098     1.768 r  u_rotary/r_led_toggle_i_1/O
                         net (fo=1, routed)           0.000     1.768    u_rotary/r_led_toggle_i_1_n_0
    SLICE_X64Y75         FDCE                                         r  u_rotary/r_led_toggle_reg/D
  -------------------------------------------------------------------    -------------------

                         (clock sys_clk_pin rise edge)
                                                      0.000     0.000 r  
    W5                                                0.000     0.000 r  clk (IN)
                         net (fo=0)                   0.000     0.000    clk
    W5                   IBUF (Prop_ibuf_I_O)         0.414     0.414 r  clk_IBUF_inst/O
                         net (fo=1, routed)           0.685     1.099    clk_IBUF
    BUFGCTRL_X0Y0        BUFG (Prop_bufg_I_O)         0.029     1.128 r  clk_IBUF_BUFG_inst/O
                         net (fo=77, routed)          0.847     1.975    u_rotary/CLK
    SLICE_X64Y75         FDCE                                         r  u_rotary/r_led_toggle_reg/C
                         clock pessimism             -0.512     1.463    
    SLICE_X64Y75         FDCE (Hold_fdce_C_D)         0.120     1.583    u_rotary/r_led_toggle_reg
  -------------------------------------------------------------------
                         required time                         -1.583    
                         arrival time                           1.768    
  -------------------------------------------------------------------
                         slack                                  0.185    

Slack (MET) :             0.190ns  (arrival time - required time)
  Source:                 u_rotary/r_current_state_reg[1]/C
                            (rising edge-triggered cell FDCE clocked by sys_clk_pin  {rise@0.000ns fall@5.000ns period=10.000ns})
  Destination:            u_rotary/r_prev_state_reg[1]/D
                            (rising edge-triggered cell FDCE clocked by sys_clk_pin  {rise@0.000ns fall@5.000ns period=10.000ns})
  Path Group:             sys_clk_pin
  Path Type:              Hold (Min at Fast Process Corner)
  Requirement:            0.000ns  (sys_clk_pin rise@0.000ns - sys_clk_pin rise@0.000ns)
  Data Path Delay:        0.273ns  (logic 0.141ns (51.684%)  route 0.132ns (48.316%))
  Logic Levels:           0  
  Clock Path Skew:        0.013ns (DCD - SCD - CPR)
    Destination Clock Delay (DCD):    1.985ns
    Source Clock Delay      (SCD):    1.473ns
    Clock Pessimism Removal (CPR):    0.499ns

    Location             Delay type                Incr(ns)  Path(ns)    Netlist Resource(s)
  -------------------------------------------------------------------    -------------------
                         (clock sys_clk_pin rise edge)
                                                      0.000     0.000 r  
    W5                                                0.000     0.000 r  clk (IN)
                         net (fo=0)                   0.000     0.000    clk
    W5                   IBUF (Prop_ibuf_I_O)         0.226     0.226 r  clk_IBUF_inst/O
                         net (fo=1, routed)           0.631     0.858    clk_IBUF
    BUFGCTRL_X0Y0        BUFG (Prop_bufg_I_O)         0.026     0.884 r  clk_IBUF_BUFG_inst/O
                         net (fo=77, routed)          0.590     1.473    u_rotary/CLK
    SLICE_X1Y16          FDCE                                         r  u_rotary/r_current_state_reg[1]/C
  -------------------------------------------------------------------    -------------------
    SLICE_X1Y16          FDCE (Prop_fdce_C_Q)         0.141     1.614 r  u_rotary/r_current_state_reg[1]/Q
                         net (fo=7, routed)           0.132     1.746    u_rotary/p_0_in[1]
    SLICE_X1Y17          FDCE                                         r  u_rotary/r_prev_state_reg[1]/D
  -------------------------------------------------------------------    -------------------

                         (clock sys_clk_pin rise edge)
                                                      0.000     0.000 r  
    W5                                                0.000     0.000 r  clk (IN)
                         net (fo=0)                   0.000     0.000    clk
    W5                   IBUF (Prop_ibuf_I_O)         0.414     0.414 r  clk_IBUF_inst/O
                         net (fo=1, routed)           0.685     1.099    clk_IBUF
    BUFGCTRL_X0Y0        BUFG (Prop_bufg_I_O)         0.029     1.128 r  clk_IBUF_BUFG_inst/O
                         net (fo=77, routed)          0.858     1.985    u_rotary/CLK
    SLICE_X1Y17          FDCE                                         r  u_rotary/r_prev_state_reg[1]/C
                         clock pessimism             -0.499     1.486    
    SLICE_X1Y17          FDCE (Hold_fdce_C_D)         0.070     1.556    u_rotary/r_prev_state_reg[1]
  -------------------------------------------------------------------
                         required time                         -1.556    
                         arrival time                           1.746    
  -------------------------------------------------------------------
                         slack                                  0.190    

Slack (MET) :             0.204ns  (arrival time - required time)
  Source:                 u_s1_debouncer/btn_state_reg/C
                            (rising edge-triggered cell FDCE clocked by sys_clk_pin  {rise@0.000ns fall@5.000ns period=10.000ns})
  Destination:            u_rotary/r_current_state_reg[1]/D
                            (rising edge-triggered cell FDCE clocked by sys_clk_pin  {rise@0.000ns fall@5.000ns period=10.000ns})
  Path Group:             sys_clk_pin
  Path Type:              Hold (Min at Fast Process Corner)
  Requirement:            0.000ns  (sys_clk_pin rise@0.000ns - sys_clk_pin rise@0.000ns)
  Data Path Delay:        0.274ns  (logic 0.141ns (51.413%)  route 0.133ns (48.587%))
  Logic Levels:           0  
  Clock Path Skew:        0.013ns (DCD - SCD - CPR)
    Destination Clock Delay (DCD):    1.986ns
    Source Clock Delay      (SCD):    1.473ns
    Clock Pessimism Removal (CPR):    0.500ns

    Location             Delay type                Incr(ns)  Path(ns)    Netlist Resource(s)
  -------------------------------------------------------------------    -------------------
                         (clock sys_clk_pin rise edge)
                                                      0.000     0.000 r  
    W5                                                0.000     0.000 r  clk (IN)
                         net (fo=0)                   0.000     0.000    clk
    W5                   IBUF (Prop_ibuf_I_O)         0.226     0.226 r  clk_IBUF_inst/O
                         net (fo=1, routed)           0.631     0.858    clk_IBUF
    BUFGCTRL_X0Y0        BUFG (Prop_bufg_I_O)         0.026     0.884 r  clk_IBUF_BUFG_inst/O
                         net (fo=77, routed)          0.590     1.473    u_s1_debouncer/CLK
    SLICE_X0Y16          FDCE                                         r  u_s1_debouncer/btn_state_reg/C
  -------------------------------------------------------------------    -------------------
    SLICE_X0Y16          FDCE (Prop_fdce_C_Q)         0.141     1.614 r  u_s1_debouncer/btn_state_reg/Q
                         net (fo=20, routed)          0.133     1.747    u_rotary/clean_btn
    SLICE_X1Y16          FDCE                                         r  u_rotary/r_current_state_reg[1]/D
  -------------------------------------------------------------------    -------------------

                         (clock sys_clk_pin rise edge)
                                                      0.000     0.000 r  
    W5                                                0.000     0.000 r  clk (IN)
                         net (fo=0)                   0.000     0.000    clk
    W5                   IBUF (Prop_ibuf_I_O)         0.414     0.414 r  clk_IBUF_inst/O
                         net (fo=1, routed)           0.685     1.099    clk_IBUF
    BUFGCTRL_X0Y0        BUFG (Prop_bufg_I_O)         0.029     1.128 r  clk_IBUF_BUFG_inst/O
                         net (fo=77, routed)          0.859     1.986    u_rotary/CLK
    SLICE_X1Y16          FDCE                                         r  u_rotary/r_current_state_reg[1]/C
                         clock pessimism             -0.500     1.486    
    SLICE_X1Y16          FDCE (Hold_fdce_C_D)         0.057     1.543    u_rotary/r_current_state_reg[1]
  -------------------------------------------------------------------
                         required time                         -1.543    
                         arrival time                           1.747    
  -------------------------------------------------------------------
                         slack                                  0.204    

Slack (MET) :             0.217ns  (arrival time - required time)
  Source:                 u_key_debouncer/btn_state_reg/C
                            (rising edge-triggered cell FDCE clocked by sys_clk_pin  {rise@0.000ns fall@5.000ns period=10.000ns})
  Destination:            u_rotary/r_prev_key_reg/D
                            (rising edge-triggered cell FDCE clocked by sys_clk_pin  {rise@0.000ns fall@5.000ns period=10.000ns})
  Path Group:             sys_clk_pin
  Path Type:              Hold (Min at Fast Process Corner)
  Requirement:            0.000ns  (sys_clk_pin rise@0.000ns - sys_clk_pin rise@0.000ns)
  Data Path Delay:        0.312ns  (logic 0.164ns (52.620%)  route 0.148ns (47.380%))
  Logic Levels:           0  
  Clock Path Skew:        0.035ns (DCD - SCD - CPR)
    Destination Clock Delay (DCD):    1.975ns
    Source Clock Delay      (SCD):    1.462ns
    Clock Pessimism Removal (CPR):    0.478ns

    Location             Delay type                Incr(ns)  Path(ns)    Netlist Resource(s)
  -------------------------------------------------------------------    -------------------
                         (clock sys_clk_pin rise edge)
                                                      0.000     0.000 r  
    W5                                                0.000     0.000 r  clk (IN)
                         net (fo=0)                   0.000     0.000    clk
    W5                   IBUF (Prop_ibuf_I_O)         0.226     0.226 r  clk_IBUF_inst/O
                         net (fo=1, routed)           0.631     0.858    clk_IBUF
    BUFGCTRL_X0Y0        BUFG (Prop_bufg_I_O)         0.026     0.884 r  clk_IBUF_BUFG_inst/O
                         net (fo=77, routed)          0.579     1.462    u_key_debouncer/CLK
    SLICE_X60Y75         FDCE                                         r  u_key_debouncer/btn_state_reg/C
  -------------------------------------------------------------------    -------------------
    SLICE_X60Y75         FDCE (Prop_fdce_C_Q)         0.164     1.626 r  u_key_debouncer/btn_state_reg/Q
                         net (fo=4, routed)           0.148     1.774    u_rotary/w_clean_key
    SLICE_X64Y75         FDCE                                         r  u_rotary/r_prev_key_reg/D
  -------------------------------------------------------------------    -------------------

                         (clock sys_clk_pin rise edge)
                                                      0.000     0.000 r  
    W5                                                0.000     0.000 r  clk (IN)
                         net (fo=0)                   0.000     0.000    clk
    W5                   IBUF (Prop_ibuf_I_O)         0.414     0.414 r  clk_IBUF_inst/O
                         net (fo=1, routed)           0.685     1.099    clk_IBUF
    BUFGCTRL_X0Y0        BUFG (Prop_bufg_I_O)         0.029     1.128 r  clk_IBUF_BUFG_inst/O
                         net (fo=77, routed)          0.847     1.975    u_rotary/CLK
    SLICE_X64Y75         FDCE                                         r  u_rotary/r_prev_key_reg/C
                         clock pessimism             -0.478     1.497    
    SLICE_X64Y75         FDCE (Hold_fdce_C_D)         0.060     1.557    u_rotary/r_prev_key_reg
  -------------------------------------------------------------------
                         required time                         -1.557    
                         arrival time                           1.774    
  -------------------------------------------------------------------
                         slack                                  0.217    

Slack (MET) :             0.252ns  (arrival time - required time)
  Source:                 u_key_debouncer/count_reg[14]/C
                            (rising edge-triggered cell FDCE clocked by sys_clk_pin  {rise@0.000ns fall@5.000ns period=10.000ns})
  Destination:            u_key_debouncer/count_reg[7]/D
                            (rising edge-triggered cell FDCE clocked by sys_clk_pin  {rise@0.000ns fall@5.000ns period=10.000ns})
  Path Group:             sys_clk_pin
  Path Type:              Hold (Min at Fast Process Corner)
  Requirement:            0.000ns  (sys_clk_pin rise@0.000ns - sys_clk_pin rise@0.000ns)
  Data Path Delay:        0.377ns  (logic 0.186ns (49.306%)  route 0.191ns (50.694%))
  Logic Levels:           1  (LUT6=1)
  Clock Path Skew:        0.033ns (DCD - SCD - CPR)
    Destination Clock Delay (DCD):    1.975ns
    Source Clock Delay      (SCD):    1.464ns
    Clock Pessimism Removal (CPR):    0.478ns

    Location             Delay type                Incr(ns)  Path(ns)    Netlist Resource(s)
  -------------------------------------------------------------------    -------------------
                         (clock sys_clk_pin rise edge)
                                                      0.000     0.000 r  
    W5                                                0.000     0.000 r  clk (IN)
                         net (fo=0)                   0.000     0.000    clk
    W5                   IBUF (Prop_ibuf_I_O)         0.226     0.226 r  clk_IBUF_inst/O
                         net (fo=1, routed)           0.631     0.858    clk_IBUF
    BUFGCTRL_X0Y0        BUFG (Prop_bufg_I_O)         0.026     0.884 r  clk_IBUF_BUFG_inst/O
                         net (fo=77, routed)          0.581     1.464    u_key_debouncer/CLK
    SLICE_X63Y76         FDCE                                         r  u_key_debouncer/count_reg[14]/C
  -------------------------------------------------------------------    -------------------
    SLICE_X63Y76         FDCE (Prop_fdce_C_Q)         0.141     1.605 f  u_key_debouncer/count_reg[14]/Q
                         net (fo=22, routed)          0.191     1.796    u_key_debouncer/count_reg_n_0_[14]
    SLICE_X63Y74         LUT6 (Prop_lut6_I3_O)        0.045     1.841 r  u_key_debouncer/count[7]_i_1__1/O
                         net (fo=1, routed)           0.000     1.841    u_key_debouncer/count[7]_i_1__1_n_0
    SLICE_X63Y74         FDCE                                         r  u_key_debouncer/count_reg[7]/D
  -------------------------------------------------------------------    -------------------

                         (clock sys_clk_pin rise edge)
                                                      0.000     0.000 r  
    W5                                                0.000     0.000 r  clk (IN)
                         net (fo=0)                   0.000     0.000    clk
    W5                   IBUF (Prop_ibuf_I_O)         0.414     0.414 r  clk_IBUF_inst/O
                         net (fo=1, routed)           0.685     1.099    clk_IBUF
    BUFGCTRL_X0Y0        BUFG (Prop_bufg_I_O)         0.029     1.128 r  clk_IBUF_BUFG_inst/O
                         net (fo=77, routed)          0.847     1.975    u_key_debouncer/CLK
    SLICE_X63Y74         FDCE                                         r  u_key_debouncer/count_reg[7]/C
                         clock pessimism             -0.478     1.497    
    SLICE_X63Y74         FDCE (Hold_fdce_C_D)         0.092     1.589    u_key_debouncer/count_reg[7]
  -------------------------------------------------------------------
                         required time                         -1.589    
                         arrival time                           1.841    
  -------------------------------------------------------------------
                         slack                                  0.252    

Slack (MET) :             0.255ns  (arrival time - required time)
  Source:                 u_key_debouncer/count_reg[14]/C
                            (rising edge-triggered cell FDCE clocked by sys_clk_pin  {rise@0.000ns fall@5.000ns period=10.000ns})
  Destination:            u_key_debouncer/count_reg[8]/D
                            (rising edge-triggered cell FDCE clocked by sys_clk_pin  {rise@0.000ns fall@5.000ns period=10.000ns})
  Path Group:             sys_clk_pin
  Path Type:              Hold (Min at Fast Process Corner)
  Requirement:            0.000ns  (sys_clk_pin rise@0.000ns - sys_clk_pin rise@0.000ns)
  Data Path Delay:        0.380ns  (logic 0.186ns (48.917%)  route 0.194ns (51.083%))
  Logic Levels:           1  (LUT6=1)
  Clock Path Skew:        0.033ns (DCD - SCD - CPR)
    Destination Clock Delay (DCD):    1.975ns
    Source Clock Delay      (SCD):    1.464ns
    Clock Pessimism Removal (CPR):    0.478ns

    Location             Delay type                Incr(ns)  Path(ns)    Netlist Resource(s)
  -------------------------------------------------------------------    -------------------
                         (clock sys_clk_pin rise edge)
                                                      0.000     0.000 r  
    W5                                                0.000     0.000 r  clk (IN)
                         net (fo=0)                   0.000     0.000    clk
    W5                   IBUF (Prop_ibuf_I_O)         0.226     0.226 r  clk_IBUF_inst/O
                         net (fo=1, routed)           0.631     0.858    clk_IBUF
    BUFGCTRL_X0Y0        BUFG (Prop_bufg_I_O)         0.026     0.884 r  clk_IBUF_BUFG_inst/O
                         net (fo=77, routed)          0.581     1.464    u_key_debouncer/CLK
    SLICE_X63Y76         FDCE                                         r  u_key_debouncer/count_reg[14]/C
  -------------------------------------------------------------------    -------------------
    SLICE_X63Y76         FDCE (Prop_fdce_C_Q)         0.141     1.605 f  u_key_debouncer/count_reg[14]/Q
                         net (fo=22, routed)          0.194     1.799    u_key_debouncer/count_reg_n_0_[14]
    SLICE_X63Y74         LUT6 (Prop_lut6_I3_O)        0.045     1.844 r  u_key_debouncer/count[8]_i_1__1/O
                         net (fo=1, routed)           0.000     1.844    u_key_debouncer/count[8]_i_1__1_n_0
    SLICE_X63Y74         FDCE                                         r  u_key_debouncer/count_reg[8]/D
  -------------------------------------------------------------------    -------------------

                         (clock sys_clk_pin rise edge)
                                                      0.000     0.000 r  
    W5                                                0.000     0.000 r  clk (IN)
                         net (fo=0)                   0.000     0.000    clk
    W5                   IBUF (Prop_ibuf_I_O)         0.414     0.414 r  clk_IBUF_inst/O
                         net (fo=1, routed)           0.685     1.099    clk_IBUF
    BUFGCTRL_X0Y0        BUFG (Prop_bufg_I_O)         0.029     1.128 r  clk_IBUF_BUFG_inst/O
                         net (fo=77, routed)          0.847     1.975    u_key_debouncer/CLK
    SLICE_X63Y74         FDCE                                         r  u_key_debouncer/count_reg[8]/C
                         clock pessimism             -0.478     1.497    
    SLICE_X63Y74         FDCE (Hold_fdce_C_D)         0.092     1.589    u_key_debouncer/count_reg[8]
  -------------------------------------------------------------------
                         required time                         -1.589    
                         arrival time                           1.844    
  -------------------------------------------------------------------
                         slack                                  0.255    

Slack (MET) :             0.309ns  (arrival time - required time)
  Source:                 u_s2_debouncer/btn_state_reg/C
                            (rising edge-triggered cell FDCE clocked by sys_clk_pin  {rise@0.000ns fall@5.000ns period=10.000ns})
  Destination:            u_s2_debouncer/count_reg[8]/D
                            (rising edge-triggered cell FDCE clocked by sys_clk_pin  {rise@0.000ns fall@5.000ns period=10.000ns})
  Path Group:             sys_clk_pin
  Path Type:              Hold (Min at Fast Process Corner)
  Requirement:            0.000ns  (sys_clk_pin rise@0.000ns - sys_clk_pin rise@0.000ns)
  Data Path Delay:        0.430ns  (logic 0.186ns (43.274%)  route 0.244ns (56.726%))
  Logic Levels:           1  (LUT4=1)
  Clock Path Skew:        0.014ns (DCD - SCD - CPR)
    Destination Clock Delay (DCD):    1.988ns
    Source Clock Delay      (SCD):    1.475ns
    Clock Pessimism Removal (CPR):    0.499ns

    Location             Delay type                Incr(ns)  Path(ns)    Netlist Resource(s)
  -------------------------------------------------------------------    -------------------
                         (clock sys_clk_pin rise edge)
                                                      0.000     0.000 r  
    W5                                                0.000     0.000 r  clk (IN)
                         net (fo=0)                   0.000     0.000    clk
    W5                   IBUF (Prop_ibuf_I_O)         0.226     0.226 r  clk_IBUF_inst/O
                         net (fo=1, routed)           0.631     0.858    clk_IBUF
    BUFGCTRL_X0Y0        BUFG (Prop_bufg_I_O)         0.026     0.884 r  clk_IBUF_BUFG_inst/O
                         net (fo=77, routed)          0.592     1.475    u_s2_debouncer/CLK
    SLICE_X1Y12          FDCE                                         r  u_s2_debouncer/btn_state_reg/C
  -------------------------------------------------------------------    -------------------
    SLICE_X1Y12          FDCE (Prop_fdce_C_Q)         0.141     1.616 r  u_s2_debouncer/btn_state_reg/Q
                         net (fo=20, routed)          0.244     1.860    u_s2_debouncer/btn_state_reg_0
    SLICE_X0Y13          LUT4 (Prop_lut4_I3_O)        0.045     1.905 r  u_s2_debouncer/count[8]_i_1__0/O
                         net (fo=1, routed)           0.000     1.905    u_s2_debouncer/count[8]_i_1__0_n_0
    SLICE_X0Y13          FDCE                                         r  u_s2_debouncer/count_reg[8]/D
  -------------------------------------------------------------------    -------------------

                         (clock sys_clk_pin rise edge)
                                                      0.000     0.000 r  
    W5                                                0.000     0.000 r  clk (IN)
                         net (fo=0)                   0.000     0.000    clk
    W5                   IBUF (Prop_ibuf_I_O)         0.414     0.414 r  clk_IBUF_inst/O
                         net (fo=1, routed)           0.685     1.099    clk_IBUF
    BUFGCTRL_X0Y0        BUFG (Prop_bufg_I_O)         0.029     1.128 r  clk_IBUF_BUFG_inst/O
                         net (fo=77, routed)          0.861     1.988    u_s2_debouncer/CLK
    SLICE_X0Y13          FDCE                                         r  u_s2_debouncer/count_reg[8]/C
                         clock pessimism             -0.499     1.489    
    SLICE_X0Y13          FDCE (Hold_fdce_C_D)         0.107     1.596    u_s2_debouncer/count_reg[8]
  -------------------------------------------------------------------
                         required time                         -1.596    
                         arrival time                           1.905    
  -------------------------------------------------------------------
                         slack                                  0.309    

Slack (MET) :             0.310ns  (arrival time - required time)
  Source:                 u_s1_debouncer/btn_state_reg/C
                            (rising edge-triggered cell FDCE clocked by sys_clk_pin  {rise@0.000ns fall@5.000ns period=10.000ns})
  Destination:            u_s1_debouncer/count_reg[13]/D
                            (rising edge-triggered cell FDCE clocked by sys_clk_pin  {rise@0.000ns fall@5.000ns period=10.000ns})
  Path Group:             sys_clk_pin
  Path Type:              Hold (Min at Fast Process Corner)
  Requirement:            0.000ns  (sys_clk_pin rise@0.000ns - sys_clk_pin rise@0.000ns)
  Data Path Delay:        0.432ns  (logic 0.183ns (42.315%)  route 0.249ns (57.685%))
  Logic Levels:           1  (LUT4=1)
  Clock Path Skew:        0.015ns (DCD - SCD - CPR)
    Destination Clock Delay (DCD):    1.987ns
    Source Clock Delay      (SCD):    1.473ns
    Clock Pessimism Removal (CPR):    0.499ns

    Location             Delay type                Incr(ns)  Path(ns)    Netlist Resource(s)
  -------------------------------------------------------------------    -------------------
                         (clock sys_clk_pin rise edge)
                                                      0.000     0.000 r  
    W5                                                0.000     0.000 r  clk (IN)
                         net (fo=0)                   0.000     0.000    clk
    W5                   IBUF (Prop_ibuf_I_O)         0.226     0.226 r  clk_IBUF_inst/O
                         net (fo=1, routed)           0.631     0.858    clk_IBUF
    BUFGCTRL_X0Y0        BUFG (Prop_bufg_I_O)         0.026     0.884 r  clk_IBUF_BUFG_inst/O
                         net (fo=77, routed)          0.590     1.473    u_s1_debouncer/CLK
    SLICE_X0Y16          FDCE                                         r  u_s1_debouncer/btn_state_reg/C
  -------------------------------------------------------------------    -------------------
    SLICE_X0Y16          FDCE (Prop_fdce_C_Q)         0.141     1.614 r  u_s1_debouncer/btn_state_reg/Q
                         net (fo=20, routed)          0.249     1.864    u_s1_debouncer/clean_btn
    SLICE_X3Y15          LUT4 (Prop_lut4_I3_O)        0.042     1.906 r  u_s1_debouncer/count[13]_i_1/O
                         net (fo=1, routed)           0.000     1.906    u_s1_debouncer/count[13]_i_1_n_0
    SLICE_X3Y15          FDCE                                         r  u_s1_debouncer/count_reg[13]/D
  -------------------------------------------------------------------    -------------------

                         (clock sys_clk_pin rise edge)
                                                      0.000     0.000 r  
    W5                                                0.000     0.000 r  clk (IN)
                         net (fo=0)                   0.000     0.000    clk
    W5                   IBUF (Prop_ibuf_I_O)         0.414     0.414 r  clk_IBUF_inst/O
                         net (fo=1, routed)           0.685     1.099    clk_IBUF
    BUFGCTRL_X0Y0        BUFG (Prop_bufg_I_O)         0.029     1.128 r  clk_IBUF_BUFG_inst/O
                         net (fo=77, routed)          0.860     1.987    u_s1_debouncer/CLK
    SLICE_X3Y15          FDCE                                         r  u_s1_debouncer/count_reg[13]/C
                         clock pessimism             -0.499     1.488    
    SLICE_X3Y15          FDCE (Hold_fdce_C_D)         0.107     1.595    u_s1_debouncer/count_reg[13]
  -------------------------------------------------------------------
                         required time                         -1.595    
                         arrival time                           1.906    
  -------------------------------------------------------------------
                         slack                                  0.310    

Slack (MET) :             0.318ns  (arrival time - required time)
  Source:                 u_key_debouncer/count_reg[15]/C
                            (rising edge-triggered cell FDCE clocked by sys_clk_pin  {rise@0.000ns fall@5.000ns period=10.000ns})
  Destination:            u_key_debouncer/count_reg[16]/D
                            (rising edge-triggered cell FDCE clocked by sys_clk_pin  {rise@0.000ns fall@5.000ns period=10.000ns})
  Path Group:             sys_clk_pin
  Path Type:              Hold (Min at Fast Process Corner)
  Requirement:            0.000ns  (sys_clk_pin rise@0.000ns - sys_clk_pin rise@0.000ns)
  Data Path Delay:        0.410ns  (logic 0.186ns (45.339%)  route 0.224ns (54.661%))
  Logic Levels:           1  (LUT6=1)
  Clock Path Skew:        0.000ns (DCD - SCD - CPR)
    Destination Clock Delay (DCD):    1.976ns
    Source Clock Delay      (SCD):    1.464ns
    Clock Pessimism Removal (CPR):    0.512ns

    Location             Delay type                Incr(ns)  Path(ns)    Netlist Resource(s)
  -------------------------------------------------------------------    -------------------
                         (clock sys_clk_pin rise edge)
                                                      0.000     0.000 r  
    W5                                                0.000     0.000 r  clk (IN)
                         net (fo=0)                   0.000     0.000    clk
    W5                   IBUF (Prop_ibuf_I_O)         0.226     0.226 r  clk_IBUF_inst/O
                         net (fo=1, routed)           0.631     0.858    clk_IBUF
    BUFGCTRL_X0Y0        BUFG (Prop_bufg_I_O)         0.026     0.884 r  clk_IBUF_BUFG_inst/O
                         net (fo=77, routed)          0.581     1.464    u_key_debouncer/CLK
    SLICE_X63Y76         FDCE                                         r  u_key_debouncer/count_reg[15]/C
  -------------------------------------------------------------------    -------------------
    SLICE_X63Y76         FDCE (Prop_fdce_C_Q)         0.141     1.605 f  u_key_debouncer/count_reg[15]/Q
                         net (fo=22, routed)          0.224     1.829    u_key_debouncer/count_reg_n_0_[15]
    SLICE_X63Y76         LUT6 (Prop_lut6_I1_O)        0.045     1.874 r  u_key_debouncer/count[16]_i_1__1/O
                         net (fo=1, routed)           0.000     1.874    u_key_debouncer/count[16]_i_1__1_n_0
    SLICE_X63Y76         FDCE                                         r  u_key_debouncer/count_reg[16]/D
  -------------------------------------------------------------------    -------------------

                         (clock sys_clk_pin rise edge)
                                                      0.000     0.000 r  
    W5                                                0.000     0.000 r  clk (IN)
                         net (fo=0)                   0.000     0.000    clk
    W5                   IBUF (Prop_ibuf_I_O)         0.414     0.414 r  clk_IBUF_inst/O
                         net (fo=1, routed)           0.685     1.099    clk_IBUF
    BUFGCTRL_X0Y0        BUFG (Prop_bufg_I_O)         0.029     1.128 r  clk_IBUF_BUFG_inst/O
                         net (fo=77, routed)          0.848     1.976    u_key_debouncer/CLK
    SLICE_X63Y76         FDCE                                         r  u_key_debouncer/count_reg[16]/C
                         clock pessimism             -0.512     1.464    
    SLICE_X63Y76         FDCE (Hold_fdce_C_D)         0.092     1.556    u_key_debouncer/count_reg[16]
  -------------------------------------------------------------------
                         required time                         -1.556    
                         arrival time                           1.874    
  -------------------------------------------------------------------
                         slack                                  0.318    

Slack (MET) :             0.324ns  (arrival time - required time)
  Source:                 u_s2_debouncer/btn_state_reg/C
                            (rising edge-triggered cell FDCE clocked by sys_clk_pin  {rise@0.000ns fall@5.000ns period=10.000ns})
  Destination:            u_s2_debouncer/count_reg[7]/D
                            (rising edge-triggered cell FDCE clocked by sys_clk_pin  {rise@0.000ns fall@5.000ns period=10.000ns})
  Path Group:             sys_clk_pin
  Path Type:              Hold (Min at Fast Process Corner)
  Requirement:            0.000ns  (sys_clk_pin rise@0.000ns - sys_clk_pin rise@0.000ns)
  Data Path Delay:        0.430ns  (logic 0.186ns (43.274%)  route 0.244ns (56.726%))
  Logic Levels:           1  (LUT4=1)
  Clock Path Skew:        0.014ns (DCD - SCD - CPR)
    Destination Clock Delay (DCD):    1.988ns
    Source Clock Delay      (SCD):    1.475ns
    Clock Pessimism Removal (CPR):    0.499ns

    Location             Delay type                Incr(ns)  Path(ns)    Netlist Resource(s)
  -------------------------------------------------------------------    -------------------
                         (clock sys_clk_pin rise edge)
                                                      0.000     0.000 r  
    W5                                                0.000     0.000 r  clk (IN)
                         net (fo=0)                   0.000     0.000    clk
    W5                   IBUF (Prop_ibuf_I_O)         0.226     0.226 r  clk_IBUF_inst/O
                         net (fo=1, routed)           0.631     0.858    clk_IBUF
    BUFGCTRL_X0Y0        BUFG (Prop_bufg_I_O)         0.026     0.884 r  clk_IBUF_BUFG_inst/O
                         net (fo=77, routed)          0.592     1.475    u_s2_debouncer/CLK
    SLICE_X1Y12          FDCE                                         r  u_s2_debouncer/btn_state_reg/C
  -------------------------------------------------------------------    -------------------
    SLICE_X1Y12          FDCE (Prop_fdce_C_Q)         0.141     1.616 r  u_s2_debouncer/btn_state_reg/Q
                         net (fo=20, routed)          0.244     1.860    u_s2_debouncer/btn_state_reg_0
    SLICE_X0Y13          LUT4 (Prop_lut4_I3_O)        0.045     1.905 r  u_s2_debouncer/count[7]_i_1__0/O
                         net (fo=1, routed)           0.000     1.905    u_s2_debouncer/count[7]_i_1__0_n_0
    SLICE_X0Y13          FDCE                                         r  u_s2_debouncer/count_reg[7]/D
  -------------------------------------------------------------------    -------------------

                         (clock sys_clk_pin rise edge)
                                                      0.000     0.000 r  
    W5                                                0.000     0.000 r  clk (IN)
                         net (fo=0)                   0.000     0.000    clk
    W5                   IBUF (Prop_ibuf_I_O)         0.414     0.414 r  clk_IBUF_inst/O
                         net (fo=1, routed)           0.685     1.099    clk_IBUF
    BUFGCTRL_X0Y0        BUFG (Prop_bufg_I_O)         0.029     1.128 r  clk_IBUF_BUFG_inst/O
                         net (fo=77, routed)          0.861     1.988    u_s2_debouncer/CLK
    SLICE_X0Y13          FDCE                                         r  u_s2_debouncer/count_reg[7]/C
                         clock pessimism             -0.499     1.489    
    SLICE_X0Y13          FDCE (Hold_fdce_C_D)         0.092     1.581    u_s2_debouncer/count_reg[7]
  -------------------------------------------------------------------
                         required time                         -1.581    
                         arrival time                           1.905    
  -------------------------------------------------------------------
                         slack                                  0.324    





Pulse Width Checks
--------------------------------------------------------------------------------------
Clock Name:         sys_clk_pin
Waveform(ns):       { 0.000 5.000 }
Period(ns):         10.000
Sources:            { clk }

Check Type        Corner  Lib Pin  Reference Pin  Required(ns)  Actual(ns)  Slack(ns)  Location       Pin
Min Period        n/a     BUFG/I   n/a            2.155         10.000      7.845      BUFGCTRL_X0Y0  clk_IBUF_BUFG_inst/I
Min Period        n/a     FDCE/C   n/a            1.000         10.000      9.000      SLICE_X60Y75   u_key_debouncer/btn_state_reg/C
Min Period        n/a     FDCE/C   n/a            1.000         10.000      9.000      SLICE_X61Y75   u_key_debouncer/count_reg[0]/C
Min Period        n/a     FDCE/C   n/a            1.000         10.000      9.000      SLICE_X63Y75   u_key_debouncer/count_reg[10]/C
Min Period        n/a     FDCE/C   n/a            1.000         10.000      9.000      SLICE_X61Y75   u_key_debouncer/count_reg[11]/C
Min Period        n/a     FDCE/C   n/a            1.000         10.000      9.000      SLICE_X61Y75   u_key_debouncer/count_reg[12]/C
Min Period        n/a     FDCE/C   n/a            1.000         10.000      9.000      SLICE_X63Y76   u_key_debouncer/count_reg[13]/C
Min Period        n/a     FDCE/C   n/a            1.000         10.000      9.000      SLICE_X63Y76   u_key_debouncer/count_reg[14]/C
Min Period        n/a     FDCE/C   n/a            1.000         10.000      9.000      SLICE_X63Y76   u_key_debouncer/count_reg[15]/C
Min Period        n/a     FDCE/C   n/a            1.000         10.000      9.000      SLICE_X63Y76   u_key_debouncer/count_reg[16]/C
Low Pulse Width   Slow    FDCE/C   n/a            0.500         5.000       4.500      SLICE_X60Y75   u_key_debouncer/btn_state_reg/C
Low Pulse Width   Fast    FDCE/C   n/a            0.500         5.000       4.500      SLICE_X60Y75   u_key_debouncer/btn_state_reg/C
Low Pulse Width   Slow    FDCE/C   n/a            0.500         5.000       4.500      SLICE_X61Y75   u_key_debouncer/count_reg[0]/C
Low Pulse Width   Fast    FDCE/C   n/a            0.500         5.000       4.500      SLICE_X61Y75   u_key_debouncer/count_reg[0]/C
Low Pulse Width   Slow    FDCE/C   n/a            0.500         5.000       4.500      SLICE_X63Y75   u_key_debouncer/count_reg[10]/C
Low Pulse Width   Fast    FDCE/C   n/a            0.500         5.000       4.500      SLICE_X63Y75   u_key_debouncer/count_reg[10]/C
Low Pulse Width   Slow    FDCE/C   n/a            0.500         5.000       4.500      SLICE_X61Y75   u_key_debouncer/count_reg[11]/C
Low Pulse Width   Fast    FDCE/C   n/a            0.500         5.000       4.500      SLICE_X61Y75   u_key_debouncer/count_reg[11]/C
Low Pulse Width   Slow    FDCE/C   n/a            0.500         5.000       4.500      SLICE_X61Y75   u_key_debouncer/count_reg[12]/C
Low Pulse Width   Fast    FDCE/C   n/a            0.500         5.000       4.500      SLICE_X61Y75   u_key_debouncer/count_reg[12]/C
High Pulse Width  Slow    FDCE/C   n/a            0.500         5.000       4.500      SLICE_X60Y75   u_key_debouncer/btn_state_reg/C
High Pulse Width  Fast    FDCE/C   n/a            0.500         5.000       4.500      SLICE_X60Y75   u_key_debouncer/btn_state_reg/C
High Pulse Width  Slow    FDCE/C   n/a            0.500         5.000       4.500      SLICE_X61Y75   u_key_debouncer/count_reg[0]/C
High Pulse Width  Fast    FDCE/C   n/a            0.500         5.000       4.500      SLICE_X61Y75   u_key_debouncer/count_reg[0]/C
High Pulse Width  Slow    FDCE/C   n/a            0.500         5.000       4.500      SLICE_X63Y75   u_key_debouncer/count_reg[10]/C
High Pulse Width  Fast    FDCE/C   n/a            0.500         5.000       4.500      SLICE_X63Y75   u_key_debouncer/count_reg[10]/C
High Pulse Width  Slow    FDCE/C   n/a            0.500         5.000       4.500      SLICE_X61Y75   u_key_debouncer/count_reg[11]/C
High Pulse Width  Fast    FDCE/C   n/a            0.500         5.000       4.500      SLICE_X61Y75   u_key_debouncer/count_reg[11]/C
High Pulse Width  Slow    FDCE/C   n/a            0.500         5.000       4.500      SLICE_X61Y75   u_key_debouncer/count_reg[12]/C
High Pulse Width  Fast    FDCE/C   n/a            0.500         5.000       4.500      SLICE_X61Y75   u_key_debouncer/count_reg[12]/C



